Datasets,Cancer type,Omics,Study ID,Clinical/Meta data
Abbosh_2017,LUAD,WXS,AbboshLUAD_2017,Adjuvant_TX
Abbosh_2017,LUAD,WXS,AbboshLUAD_2017,Age
Abbosh_2017,LUAD,WXS,AbboshLUAD_2017,CfDNA_input_NG
Abbosh_2017,LUAD,WXS,AbboshLUAD_2017,Chemotherapy
Abbosh_2017,LUAD,WXS,AbboshLUAD_2017,Classical_m_score
Abbosh_2017,LUAD,WXS,AbboshLUAD_2017,Classical_m_subtype
Abbosh_2017,LUAD,WXS,AbboshLUAD_2017,CT_slice_spacing
Abbosh_2017,LUAD,WXS,AbboshLUAD_2017,Driver_subtype
Abbosh_2017,LUAD,WXS,AbboshLUAD_2017,Primary/metastasis
Abbosh_2017,LUAD,WXS,AbboshLUAD_2017,ECOG_score
Abbosh_2017,LUAD,WXS,AbboshLUAD_2017,Gender
Abbosh_2017,LUAD,WXS,AbboshLUAD_2017,Genome_doubled
Abbosh_2017,LUAD,WXS,AbboshLUAD_2017,Histology early type
Abbosh_2017,LUAD,WXS,AbboshLUAD_2017,KI_67
Abbosh_2017,LUAD,WXS,AbboshLUAD_2017,LNI
Abbosh_2017,LUAD,WXS,AbboshLUAD_2017,Margin_status
Abbosh_2017,LUAD,WXS,AbboshLUAD_2017,MP_m_score
Abbosh_2017,LUAD,WXS,AbboshLUAD_2017,MP_m_subtype
Abbosh_2017,LUAD,WXS,AbboshLUAD_2017,Pack_years
Abbosh_2017,LUAD,WXS,AbboshLUAD_2017,Percentage_of_necrosis
Abbosh_2017,LUAD,WXS,AbboshLUAD_2017,PET_TBR
Abbosh_2017,LUAD,WXS,AbboshLUAD_2017,Pleural_invasion
Abbosh_2017,LUAD,WXS,AbboshLUAD_2017,Race
Abbosh_2017,LUAD,WXS,AbboshLUAD_2017,RFS
Abbosh_2017,LUAD,WXS,AbboshLUAD_2017,RFS_status
Abbosh_2017,LUAD,WXS,AbboshLUAD_2017,Sample_timepoint
Abbosh_2017,LUAD,WXS,AbboshLUAD_2017,Sample_type
Abbosh_2017,LUAD,WXS,AbboshLUAD_2017,Smoking_status
Abbosh_2017,LUAD,WXS,AbboshLUAD_2017,Stage
Abbosh_2017,LUAD,WXS,AbboshLUAD_2017,TMB_nonsynonymous
Abbosh_2017,LUAD,WXS,AbboshLUAD_2017,Tumor/Normal
Abbosh_2017,LUAD,WXS,AbboshLUAD_2017,Tumor_size
Abbosh_2017,LUAD,WXS,AbboshLUAD_2017,Tumor_volume
Abbosh_2017,LUAD,WXS,AbboshLUAD_2017,Cancer type
Abbosh_2017,LUAD,WXS,AbboshLUAD_2017,Ubiquitous_assay_panel
Abbosh_2017,LUAD,WXS,AbboshLUAD_2017,Vascular_invasion
Abbosh_2017,LUSC,WXS,AbboshLUSC_2017,Adjuvant_TX
Abbosh_2017,LUSC,WXS,AbboshLUSC_2017,Age
Abbosh_2017,LUSC,WXS,AbboshLUSC_2017,CfDNA_input_NG
Abbosh_2017,LUSC,WXS,AbboshLUSC_2017,Chemotherapy
Abbosh_2017,LUSC,WXS,AbboshLUSC_2017,Classical_m_score
Abbosh_2017,LUSC,WXS,AbboshLUSC_2017,Classical_m_subtype
Abbosh_2017,LUSC,WXS,AbboshLUSC_2017,CT_slice_spacing
Abbosh_2017,LUSC,WXS,AbboshLUSC_2017,Driver_subtype
Abbosh_2017,LUSC,WXS,AbboshLUSC_2017,Primary/metastasis
Abbosh_2017,LUSC,WXS,AbboshLUSC_2017,ECOG_score
Abbosh_2017,LUSC,WXS,AbboshLUSC_2017,Gender
Abbosh_2017,LUSC,WXS,AbboshLUSC_2017,Genome_doubled
Abbosh_2017,LUSC,WXS,AbboshLUSC_2017,Histology early type
Abbosh_2017,LUSC,WXS,AbboshLUSC_2017,KI_67
Abbosh_2017,LUSC,WXS,AbboshLUSC_2017,LNI
Abbosh_2017,LUSC,WXS,AbboshLUSC_2017,Margin_status
Abbosh_2017,LUSC,WXS,AbboshLUSC_2017,MP_m_score
Abbosh_2017,LUSC,WXS,AbboshLUSC_2017,MP_m_subtype
Abbosh_2017,LUSC,WXS,AbboshLUSC_2017,Pack_years
Abbosh_2017,LUSC,WXS,AbboshLUSC_2017,Percentage_of_necrosis
Abbosh_2017,LUSC,WXS,AbboshLUSC_2017,PET_TBR
Abbosh_2017,LUSC,WXS,AbboshLUSC_2017,Pleural_invasion
Abbosh_2017,LUSC,WXS,AbboshLUSC_2017,Race
Abbosh_2017,LUSC,WXS,AbboshLUSC_2017,RFS
Abbosh_2017,LUSC,WXS,AbboshLUSC_2017,RFS_status
Abbosh_2017,LUSC,WXS,AbboshLUSC_2017,Sample_timepoint
Abbosh_2017,LUSC,WXS,AbboshLUSC_2017,Sample_type
Abbosh_2017,LUSC,WXS,AbboshLUSC_2017,Smoking_status
Abbosh_2017,LUSC,WXS,AbboshLUSC_2017,Stage
Abbosh_2017,LUSC,WXS,AbboshLUSC_2017,TMB_nonsynonymous
Abbosh_2017,LUSC,WXS,AbboshLUSC_2017,Tumor/Normal
Abbosh_2017,LUSC,WXS,AbboshLUSC_2017,Tumor_size
Abbosh_2017,LUSC,WXS,AbboshLUSC_2017,Tumor_volume
Abbosh_2017,LUSC,WXS,AbboshLUSC_2017,Cancer type
Abbosh_2017,LUSC,WXS,AbboshLUSC_2017,Ubiquitous_assay_panel
Abbosh_2017,LUSC,WXS,AbboshLUSC_2017,Vascular_invasion
Altorki_2022,LUAD,RNA-seq,Altorki_2022,Age
Altorki_2022,LUAD,RNA-seq,Altorki_2022,CDKN2A_mut
Altorki_2022,LUAD,RNA-seq,Altorki_2022,CDKN2A_mut_type
Altorki_2022,LUAD,RNA-seq,Altorki_2022,Classical_r_subtype
Altorki_2022,LUAD,RNA-seq,Altorki_2022,Primary/metastasis
Altorki_2022,LUAD,RNA-seq,Altorki_2022,EGFR_mut
Altorki_2022,LUAD,RNA-seq,Altorki_2022,EGFR_mut_type
Altorki_2022,LUAD,RNA-seq,Altorki_2022,KRAS_mut
Altorki_2022,LUAD,RNA-seq,Altorki_2022,KRAS_mut_type
Altorki_2022,LUAD,RNA-seq,Altorki_2022,MET_mut
Altorki_2022,LUAD,RNA-seq,Altorki_2022,MET_mut_type
Altorki_2022,LUAD,RNA-seq,Altorki_2022,MGA_mut
Altorki_2022,LUAD,RNA-seq,Altorki_2022,MGA_mut_type
Altorki_2022,LUAD,RNA-seq,Altorki_2022,MP_r_subtype
Altorki_2022,LUAD,RNA-seq,Altorki_2022,NF1_mut
Altorki_2022,LUAD,RNA-seq,Altorki_2022,NF1_mut_type
Altorki_2022,LUAD,RNA-seq,Altorki_2022,PIK3CA_mut
Altorki_2022,LUAD,RNA-seq,Altorki_2022,PIK3CA_mut_type
Altorki_2022,LUAD,RNA-seq,Altorki_2022,Radiology
Altorki_2022,LUAD,RNA-seq,Altorki_2022,RBM10_mut
Altorki_2022,LUAD,RNA-seq,Altorki_2022,RBM10_mut_type
Altorki_2022,LUAD,RNA-seq,Altorki_2022,RIT1_mut
Altorki_2022,LUAD,RNA-seq,Altorki_2022,RIT1_mut_type
Altorki_2022,LUAD,RNA-seq,Altorki_2022,SETD2_mut
Altorki_2022,LUAD,RNA-seq,Altorki_2022,SETD2_mut_type
Altorki_2022,LUAD,RNA-seq,Altorki_2022,SMARCA4_mut
Altorki_2022,LUAD,RNA-seq,Altorki_2022,SMARCA4_mut_type
Altorki_2022,LUAD,RNA-seq,Altorki_2022,Smoking_status
Altorki_2022,LUAD,RNA-seq,Altorki_2022,STK11_mut
Altorki_2022,LUAD,RNA-seq,Altorki_2022,STK11_mut_type
Altorki_2022,LUAD,RNA-seq,Altorki_2022,Tumor/Normal
Altorki_2022,LUAD,RNA-seq,Altorki_2022,TP53_mut
Altorki_2022,LUAD,RNA-seq,Altorki_2022,TP53_mut_type
Altorki_2022,LUAD,RNA-seq,Altorki_2022,Cancer type
Altorki_2022,LUAD,WXS,Altorki_2022,Age
Altorki_2022,LUAD,WXS,Altorki_2022,CDKN2A_mut
Altorki_2022,LUAD,WXS,Altorki_2022,CDKN2A_mut_type
Altorki_2022,LUAD,WXS,Altorki_2022,Classical_r_subtype
Altorki_2022,LUAD,WXS,Altorki_2022,Driver_subtype
Altorki_2022,LUAD,WXS,Altorki_2022,Primary/metastasis
Altorki_2022,LUAD,WXS,Altorki_2022,EGFR_mut
Altorki_2022,LUAD,WXS,Altorki_2022,EGFR_mut_type
Altorki_2022,LUAD,WXS,Altorki_2022,KRAS_mut
Altorki_2022,LUAD,WXS,Altorki_2022,KRAS_mut_type
Altorki_2022,LUAD,WXS,Altorki_2022,MET_mut
Altorki_2022,LUAD,WXS,Altorki_2022,MET_mut_type
Altorki_2022,LUAD,WXS,Altorki_2022,MGA_mut
Altorki_2022,LUAD,WXS,Altorki_2022,MGA_mut_type
Altorki_2022,LUAD,WXS,Altorki_2022,MP_r_subtype
Altorki_2022,LUAD,WXS,Altorki_2022,NF1_mut
Altorki_2022,LUAD,WXS,Altorki_2022,NF1_mut_type
Altorki_2022,LUAD,WXS,Altorki_2022,PIK3CA_mut
Altorki_2022,LUAD,WXS,Altorki_2022,PIK3CA_mut_type
Altorki_2022,LUAD,WXS,Altorki_2022,Radiology
Altorki_2022,LUAD,WXS,Altorki_2022,RBM10_mut
Altorki_2022,LUAD,WXS,Altorki_2022,RBM10_mut_type
Altorki_2022,LUAD,WXS,Altorki_2022,RIT1_mut
Altorki_2022,LUAD,WXS,Altorki_2022,RIT1_mut_type
Altorki_2022,LUAD,WXS,Altorki_2022,SETD2_mut
Altorki_2022,LUAD,WXS,Altorki_2022,SETD2_mut_type
Altorki_2022,LUAD,WXS,Altorki_2022,SMARCA4_mut
Altorki_2022,LUAD,WXS,Altorki_2022,SMARCA4_mut_type
Altorki_2022,LUAD,WXS,Altorki_2022,Smoking_status
Altorki_2022,LUAD,WXS,Altorki_2022,STK11_mut
Altorki_2022,LUAD,WXS,Altorki_2022,STK11_mut_type
Altorki_2022,LUAD,WXS,Altorki_2022,Tumor/Normal
Altorki_2022,LUAD,WXS,Altorki_2022,TP53_mut
Altorki_2022,LUAD,WXS,Altorki_2022,TP53_mut_type
Altorki_2022,LUAD,WXS,Altorki_2022,Cancer type
Alvaro_2021,LUAD,Methylome,AlvaroLUAD_2021,Adjuvant_therapy_chemoRT
Alvaro_2021,LUAD,Methylome,AlvaroLUAD_2021,Chemotherapy
Alvaro_2021,LUAD,Methylome,AlvaroLUAD_2021,Classical_meth_subtype
Alvaro_2021,LUAD,Methylome,AlvaroLUAD_2021,Classical_r_subtype
Alvaro_2021,LUAD,Methylome,AlvaroLUAD_2021,Ethnicity
Alvaro_2021,LUAD,Methylome,AlvaroLUAD_2021,First_line_therapy
Alvaro_2021,LUAD,Methylome,AlvaroLUAD_2021,Gender
Alvaro_2021,LUAD,Methylome,AlvaroLUAD_2021,Immunotherapy
Alvaro_2021,LUAD,Methylome,AlvaroLUAD_2021,MP_mh_subtype
Alvaro_2021,LUAD,Methylome,AlvaroLUAD_2021,MP_ml_subtype
Alvaro_2021,LUAD,Methylome,AlvaroLUAD_2021,MP_r_subtype
Alvaro_2021,LUAD,Methylome,AlvaroLUAD_2021,Neoadjuvant_therapy
Alvaro_2021,LUAD,Methylome,AlvaroLUAD_2021,Origin
Alvaro_2021,LUAD,Methylome,AlvaroLUAD_2021,OS_status
Alvaro_2021,LUAD,Methylome,AlvaroLUAD_2021,Pack_years
Alvaro_2021,LUAD,Methylome,AlvaroLUAD_2021,Race
Alvaro_2021,LUAD,Methylome,AlvaroLUAD_2021,Smoking_status
Alvaro_2021,LUAD,Methylome,AlvaroLUAD_2021,Stage
Alvaro_2021,LUAD,Methylome,AlvaroLUAD_2021,Targeted_therapy
Alvaro_2021,LUAD,Methylome,AlvaroLUAD_2021,Tumor/Normal
Alvaro_2021,LUAD,Methylome,AlvaroLUAD_2021,TNM
Alvaro_2021,LUAD,Methylome,AlvaroLUAD_2021,Cancer type
Alvaro_2021,LUAD,RNA-seq,AlvaroLUAD_2021,Adjuvant_therapy_chemoRT
Alvaro_2021,LUAD,RNA-seq,AlvaroLUAD_2021,Chemotherapy
Alvaro_2021,LUAD,RNA-seq,AlvaroLUAD_2021,Classical_meth_subtype
Alvaro_2021,LUAD,RNA-seq,AlvaroLUAD_2021,Classical_r_subtype
Alvaro_2021,LUAD,RNA-seq,AlvaroLUAD_2021,Ethnicity
Alvaro_2021,LUAD,RNA-seq,AlvaroLUAD_2021,First_line_therapy
Alvaro_2021,LUAD,RNA-seq,AlvaroLUAD_2021,Gender
Alvaro_2021,LUAD,RNA-seq,AlvaroLUAD_2021,Immunotherapy
Alvaro_2021,LUAD,RNA-seq,AlvaroLUAD_2021,MP_mh_subtype
Alvaro_2021,LUAD,RNA-seq,AlvaroLUAD_2021,MP_ml_subtype
Alvaro_2021,LUAD,RNA-seq,AlvaroLUAD_2021,MP_r_subtype
Alvaro_2021,LUAD,RNA-seq,AlvaroLUAD_2021,Neoadjuvant_therapy
Alvaro_2021,LUAD,RNA-seq,AlvaroLUAD_2021,Origin
Alvaro_2021,LUAD,RNA-seq,AlvaroLUAD_2021,OS_status
Alvaro_2021,LUAD,RNA-seq,AlvaroLUAD_2021,Pack_years
Alvaro_2021,LUAD,RNA-seq,AlvaroLUAD_2021,Race
Alvaro_2021,LUAD,RNA-seq,AlvaroLUAD_2021,Smoking_status
Alvaro_2021,LUAD,RNA-seq,AlvaroLUAD_2021,Stage
Alvaro_2021,LUAD,RNA-seq,AlvaroLUAD_2021,Targeted_therapy
Alvaro_2021,LUAD,RNA-seq,AlvaroLUAD_2021,Tumor/Normal
Alvaro_2021,LUAD,RNA-seq,AlvaroLUAD_2021,TNM
Alvaro_2021,LUAD,RNA-seq,AlvaroLUAD_2021,Cancer type
Alvaro_2021,LUAD,WXS,AlvaroLUAD_2021,Adjuvant_therapy_chemoRT
Alvaro_2021,LUAD,WXS,AlvaroLUAD_2021,Chemotherapy
Alvaro_2021,LUAD,WXS,AlvaroLUAD_2021,Classical_meth_subtype
Alvaro_2021,LUAD,WXS,AlvaroLUAD_2021,Classical_r_subtype
Alvaro_2021,LUAD,WXS,AlvaroLUAD_2021,Driver_subtype
Alvaro_2021,LUAD,WXS,AlvaroLUAD_2021,Ethnicity
Alvaro_2021,LUAD,WXS,AlvaroLUAD_2021,First_line_therapy
Alvaro_2021,LUAD,WXS,AlvaroLUAD_2021,Gender
Alvaro_2021,LUAD,WXS,AlvaroLUAD_2021,Immunotherapy
Alvaro_2021,LUAD,WXS,AlvaroLUAD_2021,MP_mh_subtype
Alvaro_2021,LUAD,WXS,AlvaroLUAD_2021,MP_ml_subtype
Alvaro_2021,LUAD,WXS,AlvaroLUAD_2021,MP_r_subtype
Alvaro_2021,LUAD,WXS,AlvaroLUAD_2021,Neoadjuvant_therapy
Alvaro_2021,LUAD,WXS,AlvaroLUAD_2021,OS_status
Alvaro_2021,LUAD,WXS,AlvaroLUAD_2021,Pack_years
Alvaro_2021,LUAD,WXS,AlvaroLUAD_2021,Race
Alvaro_2021,LUAD,WXS,AlvaroLUAD_2021,Smoking_status
Alvaro_2021,LUAD,WXS,AlvaroLUAD_2021,Stage
Alvaro_2021,LUAD,WXS,AlvaroLUAD_2021,Targeted_therapy
Alvaro_2021,LUAD,WXS,AlvaroLUAD_2021,Tumor/Normal
Alvaro_2021,LUAD,WXS,AlvaroLUAD_2021,TNM
Alvaro_2021,LUAD,WXS,AlvaroLUAD_2021,Cancer type
Alvaro_2021,LUSC,Methylome,AlvaroLUSC_2021,Adjuvant_therapy_chemoRT
Alvaro_2021,LUSC,Methylome,AlvaroLUSC_2021,Chemotherapy
Alvaro_2021,LUSC,Methylome,AlvaroLUSC_2021,Classical_meth_subtype
Alvaro_2021,LUSC,Methylome,AlvaroLUSC_2021,Classical_r_subtype
Alvaro_2021,LUSC,Methylome,AlvaroLUSC_2021,Ethnicity
Alvaro_2021,LUSC,Methylome,AlvaroLUSC_2021,First_line_therapy
Alvaro_2021,LUSC,Methylome,AlvaroLUSC_2021,Gender
Alvaro_2021,LUSC,Methylome,AlvaroLUSC_2021,Immunotherapy
Alvaro_2021,LUSC,Methylome,AlvaroLUSC_2021,MP_mh_subtype
Alvaro_2021,LUSC,Methylome,AlvaroLUSC_2021,MP_ml_subtype
Alvaro_2021,LUSC,Methylome,AlvaroLUSC_2021,MP_r_subtype
Alvaro_2021,LUSC,Methylome,AlvaroLUSC_2021,Neoadjuvant_therapy
Alvaro_2021,LUSC,Methylome,AlvaroLUSC_2021,Origin
Alvaro_2021,LUSC,Methylome,AlvaroLUSC_2021,OS_status
Alvaro_2021,LUSC,Methylome,AlvaroLUSC_2021,Pack_years
Alvaro_2021,LUSC,Methylome,AlvaroLUSC_2021,Post_collection_therapy
Alvaro_2021,LUSC,Methylome,AlvaroLUSC_2021,Pre_collection_therapy
Alvaro_2021,LUSC,Methylome,AlvaroLUSC_2021,Race
Alvaro_2021,LUSC,Methylome,AlvaroLUSC_2021,Smoking_status
Alvaro_2021,LUSC,Methylome,AlvaroLUSC_2021,Stage
Alvaro_2021,LUSC,Methylome,AlvaroLUSC_2021,Targeted_therapy
Alvaro_2021,LUSC,Methylome,AlvaroLUSC_2021,Tumor/Normal
Alvaro_2021,LUSC,Methylome,AlvaroLUSC_2021,TNM
Alvaro_2021,LUSC,Methylome,AlvaroLUSC_2021,Treat_status
Alvaro_2021,LUSC,Methylome,AlvaroLUSC_2021,Cancer type
Alvaro_2021,LUSC,RNA-seq,AlvaroLUSC_2021,Adjuvant_therapy_chemoRT
Alvaro_2021,LUSC,RNA-seq,AlvaroLUSC_2021,Chemotherapy
Alvaro_2021,LUSC,RNA-seq,AlvaroLUSC_2021,Classical_meth_subtype
Alvaro_2021,LUSC,RNA-seq,AlvaroLUSC_2021,Classical_r_subtype
Alvaro_2021,LUSC,RNA-seq,AlvaroLUSC_2021,Ethnicity
Alvaro_2021,LUSC,RNA-seq,AlvaroLUSC_2021,First_line_therapy
Alvaro_2021,LUSC,RNA-seq,AlvaroLUSC_2021,Gender
Alvaro_2021,LUSC,RNA-seq,AlvaroLUSC_2021,Immunotherapy
Alvaro_2021,LUSC,RNA-seq,AlvaroLUSC_2021,MP_mh_subtype
Alvaro_2021,LUSC,RNA-seq,AlvaroLUSC_2021,MP_ml_subtype
Alvaro_2021,LUSC,RNA-seq,AlvaroLUSC_2021,MP_r_subtype
Alvaro_2021,LUSC,RNA-seq,AlvaroLUSC_2021,Neoadjuvant_therapy
Alvaro_2021,LUSC,RNA-seq,AlvaroLUSC_2021,Origin
Alvaro_2021,LUSC,RNA-seq,AlvaroLUSC_2021,OS_status
Alvaro_2021,LUSC,RNA-seq,AlvaroLUSC_2021,Pack_years
Alvaro_2021,LUSC,RNA-seq,AlvaroLUSC_2021,Post_collection_therapy
Alvaro_2021,LUSC,RNA-seq,AlvaroLUSC_2021,Pre_collection_therapy
Alvaro_2021,LUSC,RNA-seq,AlvaroLUSC_2021,Race
Alvaro_2021,LUSC,RNA-seq,AlvaroLUSC_2021,Smoking_status
Alvaro_2021,LUSC,RNA-seq,AlvaroLUSC_2021,Stage
Alvaro_2021,LUSC,RNA-seq,AlvaroLUSC_2021,Targeted_therapy
Alvaro_2021,LUSC,RNA-seq,AlvaroLUSC_2021,Tumor/Normal
Alvaro_2021,LUSC,RNA-seq,AlvaroLUSC_2021,TNM
Alvaro_2021,LUSC,RNA-seq,AlvaroLUSC_2021,Treat_status
Alvaro_2021,LUSC,RNA-seq,AlvaroLUSC_2021,Cancer type
Alvaro_2021,LUSC,WXS,AlvaroLUSC_2021,Adjuvant_therapy_chemoRT
Alvaro_2021,LUSC,WXS,AlvaroLUSC_2021,Chemotherapy
Alvaro_2021,LUSC,WXS,AlvaroLUSC_2021,Classical_meth_subtype
Alvaro_2021,LUSC,WXS,AlvaroLUSC_2021,Classical_r_subtype
Alvaro_2021,LUSC,WXS,AlvaroLUSC_2021,Driver_subtype
Alvaro_2021,LUSC,WXS,AlvaroLUSC_2021,Ethnicity
Alvaro_2021,LUSC,WXS,AlvaroLUSC_2021,First_line_therapy
Alvaro_2021,LUSC,WXS,AlvaroLUSC_2021,Gender
Alvaro_2021,LUSC,WXS,AlvaroLUSC_2021,Immunotherapy
Alvaro_2021,LUSC,WXS,AlvaroLUSC_2021,MP_mh_subtype
Alvaro_2021,LUSC,WXS,AlvaroLUSC_2021,MP_ml_subtype
Alvaro_2021,LUSC,WXS,AlvaroLUSC_2021,MP_r_subtype
Alvaro_2021,LUSC,WXS,AlvaroLUSC_2021,Neoadjuvant_therapy
Alvaro_2021,LUSC,WXS,AlvaroLUSC_2021,OS_status
Alvaro_2021,LUSC,WXS,AlvaroLUSC_2021,Pack_years
Alvaro_2021,LUSC,WXS,AlvaroLUSC_2021,Race
Alvaro_2021,LUSC,WXS,AlvaroLUSC_2021,Smoking_status
Alvaro_2021,LUSC,WXS,AlvaroLUSC_2021,Stage
Alvaro_2021,LUSC,WXS,AlvaroLUSC_2021,Targeted_therapy
Alvaro_2021,LUSC,WXS,AlvaroLUSC_2021,Tumor/Normal
Alvaro_2021,LUSC,WXS,AlvaroLUSC_2021,TNM
Alvaro_2021,LUSC,WXS,AlvaroLUSC_2021,Cancer type
Alvaro-CD_2021,LUAD,RNA-seq,Alvaro-CDLUAD_2021,1L
Alvaro-CD_2021,LUAD,RNA-seq,Alvaro-CDLUAD_2021,Adjuvant therapy
Alvaro-CD_2021,LUAD,RNA-seq,Alvaro-CDLUAD_2021,Chemotherapy
Alvaro-CD_2021,LUAD,RNA-seq,Alvaro-CDLUAD_2021,Classical_r_subtype
Alvaro-CD_2021,LUAD,RNA-seq,Alvaro-CDLUAD_2021,Ethnicity
Alvaro-CD_2021,LUAD,RNA-seq,Alvaro-CDLUAD_2021,Gender
Alvaro-CD_2021,LUAD,RNA-seq,Alvaro-CDLUAD_2021,Histology type
Alvaro-CD_2021,LUAD,RNA-seq,Alvaro-CDLUAD_2021,Immunotherapy
Alvaro-CD_2021,LUAD,RNA-seq,Alvaro-CDLUAD_2021,MP_r_subtype
Alvaro-CD_2021,LUAD,RNA-seq,Alvaro-CDLUAD_2021,Neoadjuvant therapy
Alvaro-CD_2021,LUAD,RNA-seq,Alvaro-CDLUAD_2021,OS
Alvaro-CD_2021,LUAD,RNA-seq,Alvaro-CDLUAD_2021,OS_status
Alvaro-CD_2021,LUAD,RNA-seq,Alvaro-CDLUAD_2021,Pack_years
Alvaro-CD_2021,LUAD,RNA-seq,Alvaro-CDLUAD_2021,Post-transformation Tissue Site
Alvaro-CD_2021,LUAD,RNA-seq,Alvaro-CDLUAD_2021,Pre-transformation Tissue Site
Alvaro-CD_2021,LUAD,RNA-seq,Alvaro-CDLUAD_2021,Race
Alvaro-CD_2021,LUAD,RNA-seq,Alvaro-CDLUAD_2021,Site_Of_Finding
Alvaro-CD_2021,LUAD,RNA-seq,Alvaro-CDLUAD_2021,Smoking_status
Alvaro-CD_2021,LUAD,RNA-seq,Alvaro-CDLUAD_2021,Stage
Alvaro-CD_2021,LUAD,RNA-seq,Alvaro-CDLUAD_2021,Targeted_therapy
Alvaro-CD_2021,LUAD,RNA-seq,Alvaro-CDLUAD_2021,Tumor/Normal
Alvaro-CD_2021,LUAD,RNA-seq,Alvaro-CDLUAD_2021,TNM
Alvaro-CD_2021,LUAD,RNA-seq,Alvaro-CDLUAD_2021,Cancer type
Alvaro-CD_2021,LUAD,WXS,Alvaro-CDLUAD_2021,1L
Alvaro-CD_2021,LUAD,WXS,Alvaro-CDLUAD_2021,Adjuvant therapy
Alvaro-CD_2021,LUAD,WXS,Alvaro-CDLUAD_2021,Chemotherapy
Alvaro-CD_2021,LUAD,WXS,Alvaro-CDLUAD_2021,Classical_r_subtype
Alvaro-CD_2021,LUAD,WXS,Alvaro-CDLUAD_2021,Driver_subtype
Alvaro-CD_2021,LUAD,WXS,Alvaro-CDLUAD_2021,Ethnicity
Alvaro-CD_2021,LUAD,WXS,Alvaro-CDLUAD_2021,Gender
Alvaro-CD_2021,LUAD,WXS,Alvaro-CDLUAD_2021,Histology type
Alvaro-CD_2021,LUAD,WXS,Alvaro-CDLUAD_2021,Immunotherapy
Alvaro-CD_2021,LUAD,WXS,Alvaro-CDLUAD_2021,MP_r_subtype
Alvaro-CD_2021,LUAD,WXS,Alvaro-CDLUAD_2021,Neoadjuvant therapy
Alvaro-CD_2021,LUAD,WXS,Alvaro-CDLUAD_2021,OS
Alvaro-CD_2021,LUAD,WXS,Alvaro-CDLUAD_2021,OS_status
Alvaro-CD_2021,LUAD,WXS,Alvaro-CDLUAD_2021,Pack_years
Alvaro-CD_2021,LUAD,WXS,Alvaro-CDLUAD_2021,Post-transformation Tissue Site
Alvaro-CD_2021,LUAD,WXS,Alvaro-CDLUAD_2021,Pre-transformation Tissue Site
Alvaro-CD_2021,LUAD,WXS,Alvaro-CDLUAD_2021,Race
Alvaro-CD_2021,LUAD,WXS,Alvaro-CDLUAD_2021,Smoking_status
Alvaro-CD_2021,LUAD,WXS,Alvaro-CDLUAD_2021,Stage
Alvaro-CD_2021,LUAD,WXS,Alvaro-CDLUAD_2021,Targeted_therapy
Alvaro-CD_2021,LUAD,WXS,Alvaro-CDLUAD_2021,Tumor/Normal
Alvaro-CD_2021,LUAD,WXS,Alvaro-CDLUAD_2021,TNM
Alvaro-CD_2021,LUAD,WXS,Alvaro-CDLUAD_2021,Cancer type
Alvaro-CD_2021,SCLC,RNA-seq,Alvaro-CDSCLC_2021,1L
Alvaro-CD_2021,SCLC,RNA-seq,Alvaro-CDSCLC_2021,Adjuvant therapy
Alvaro-CD_2021,SCLC,RNA-seq,Alvaro-CDSCLC_2021,Chemotherapy
Alvaro-CD_2021,SCLC,RNA-seq,Alvaro-CDSCLC_2021,Classical_r_subtype
Alvaro-CD_2021,SCLC,RNA-seq,Alvaro-CDSCLC_2021,Ethnicity
Alvaro-CD_2021,SCLC,RNA-seq,Alvaro-CDSCLC_2021,Gender
Alvaro-CD_2021,SCLC,RNA-seq,Alvaro-CDSCLC_2021,Histology type
Alvaro-CD_2021,SCLC,RNA-seq,Alvaro-CDSCLC_2021,Immunotherapy
Alvaro-CD_2021,SCLC,RNA-seq,Alvaro-CDSCLC_2021,MP_r_subtype
Alvaro-CD_2021,SCLC,RNA-seq,Alvaro-CDSCLC_2021,Neoadjuvant therapy
Alvaro-CD_2021,SCLC,RNA-seq,Alvaro-CDSCLC_2021,OS
Alvaro-CD_2021,SCLC,RNA-seq,Alvaro-CDSCLC_2021,OS_status
Alvaro-CD_2021,SCLC,RNA-seq,Alvaro-CDSCLC_2021,Pack_years
Alvaro-CD_2021,SCLC,RNA-seq,Alvaro-CDSCLC_2021,Post-transformation Tissue Site
Alvaro-CD_2021,SCLC,RNA-seq,Alvaro-CDSCLC_2021,Pre-transformation Tissue Site
Alvaro-CD_2021,SCLC,RNA-seq,Alvaro-CDSCLC_2021,Race
Alvaro-CD_2021,SCLC,RNA-seq,Alvaro-CDSCLC_2021,Site_Of_Finding
Alvaro-CD_2021,SCLC,RNA-seq,Alvaro-CDSCLC_2021,Smoking_status
Alvaro-CD_2021,SCLC,RNA-seq,Alvaro-CDSCLC_2021,Stage
Alvaro-CD_2021,SCLC,RNA-seq,Alvaro-CDSCLC_2021,Targeted_therapy
Alvaro-CD_2021,SCLC,RNA-seq,Alvaro-CDSCLC_2021,Tumor/Normal
Alvaro-CD_2021,SCLC,RNA-seq,Alvaro-CDSCLC_2021,TNM
Alvaro-CD_2021,SCLC,RNA-seq,Alvaro-CDSCLC_2021,Cancer type
Alvaro-CD_2021,SCLC,WXS,Alvaro-CDSCLC_2021,1L
Alvaro-CD_2021,SCLC,WXS,Alvaro-CDSCLC_2021,Adjuvant therapy
Alvaro-CD_2021,SCLC,WXS,Alvaro-CDSCLC_2021,Chemotherapy
Alvaro-CD_2021,SCLC,WXS,Alvaro-CDSCLC_2021,Classical_r_subtype
Alvaro-CD_2021,SCLC,WXS,Alvaro-CDSCLC_2021,Driver_subtype
Alvaro-CD_2021,SCLC,WXS,Alvaro-CDSCLC_2021,Ethnicity
Alvaro-CD_2021,SCLC,WXS,Alvaro-CDSCLC_2021,Gender
Alvaro-CD_2021,SCLC,WXS,Alvaro-CDSCLC_2021,Histology type
Alvaro-CD_2021,SCLC,WXS,Alvaro-CDSCLC_2021,Immunotherapy
Alvaro-CD_2021,SCLC,WXS,Alvaro-CDSCLC_2021,MP_r_subtype
Alvaro-CD_2021,SCLC,WXS,Alvaro-CDSCLC_2021,Neoadjuvant therapy
Alvaro-CD_2021,SCLC,WXS,Alvaro-CDSCLC_2021,OS
Alvaro-CD_2021,SCLC,WXS,Alvaro-CDSCLC_2021,OS_status
Alvaro-CD_2021,SCLC,WXS,Alvaro-CDSCLC_2021,Pack_years
Alvaro-CD_2021,SCLC,WXS,Alvaro-CDSCLC_2021,Post-transformation Tissue Site
Alvaro-CD_2021,SCLC,WXS,Alvaro-CDSCLC_2021,Pre-transformation Tissue Site
Alvaro-CD_2021,SCLC,WXS,Alvaro-CDSCLC_2021,Race
Alvaro-CD_2021,SCLC,WXS,Alvaro-CDSCLC_2021,Smoking_status
Alvaro-CD_2021,SCLC,WXS,Alvaro-CDSCLC_2021,Stage
Alvaro-CD_2021,SCLC,WXS,Alvaro-CDSCLC_2021,Targeted_therapy
Alvaro-CD_2021,SCLC,WXS,Alvaro-CDSCLC_2021,Tumor/Normal
Alvaro-CD_2021,SCLC,WXS,Alvaro-CDSCLC_2021,TNM
Alvaro-CD_2021,SCLC,WXS,Alvaro-CDSCLC_2021,Cancer type
Augert_2017,SCLC,WXS,Augert_2017,Classical_m_score
Augert_2017,SCLC,WXS,Augert_2017,Classical_m_subtype
Augert_2017,SCLC,WXS,Augert_2017,Driver_subtype
Augert_2017,SCLC,WXS,Augert_2017,Primary/metastasis
Augert_2017,SCLC,WXS,Augert_2017,Histology type
Augert_2017,SCLC,WXS,Augert_2017,MP_m_score
Augert_2017,SCLC,WXS,Augert_2017,MP_m_subtype
Augert_2017,SCLC,WXS,Augert_2017,Normal type
Augert_2017,SCLC,WXS,Augert_2017,Origin
Augert_2017,SCLC,WXS,Augert_2017,Sample_type
Augert_2017,SCLC,WXS,Augert_2017,Site
Augert_2017,SCLC,WXS,Augert_2017,Source
Augert_2017,SCLC,WXS,Augert_2017,Tumor/Normal
Augert_2017,SCLC,WXS,Augert_2017,Cancer type
Balbin_2013,LUAD,Proteomics,Balbin_2013,Classical_p_subtype
Balbin_2013,LUAD,Proteomics,Balbin_2013,KRAS_mut_type
Balbin_2013,LUAD,Proteomics,Balbin_2013,KRAS_status
Balbin_2013,LUAD,Proteomics,Balbin_2013,Tumor/Normal
Balbin_2013,LUAD,Proteomics,Balbin_2013,Cancer type
Bohnenberger_2018,LUSC,WXS,Bohnenberger_2018,Adjuvant Therapy
Bohnenberger_2018,LUSC,WXS,Bohnenberger_2018,Age
Bohnenberger_2018,LUSC,WXS,Bohnenberger_2018,Chemotherapy
Bohnenberger_2018,LUSC,WXS,Bohnenberger_2018,Classical_m_score
Bohnenberger_2018,LUSC,WXS,Bohnenberger_2018,Classical_m_subtype
Bohnenberger_2018,LUSC,WXS,Bohnenberger_2018,Driver_subtype
Bohnenberger_2018,LUSC,WXS,Bohnenberger_2018,Primary/metastasis
Bohnenberger_2018,LUSC,WXS,Bohnenberger_2018,Gender
Bohnenberger_2018,LUSC,WXS,Bohnenberger_2018,Grade
Bohnenberger_2018,LUSC,WXS,Bohnenberger_2018,IHC-CK 5/6
Bohnenberger_2018,LUSC,WXS,Bohnenberger_2018,IHC-CK7
Bohnenberger_2018,LUSC,WXS,Bohnenberger_2018,IHC-MVD
Bohnenberger_2018,LUSC,WXS,Bohnenberger_2018,IHC-p63
Bohnenberger_2018,LUSC,WXS,Bohnenberger_2018,IHC-TTF-1
Bohnenberger_2018,LUSC,WXS,Bohnenberger_2018,N_stage
Bohnenberger_2018,LUSC,WXS,Bohnenberger_2018,Neoadjuvant therapy
Bohnenberger_2018,LUSC,WXS,Bohnenberger_2018,OS
Bohnenberger_2018,LUSC,WXS,Bohnenberger_2018,OS_status
Bohnenberger_2018,LUSC,WXS,Bohnenberger_2018,Smoking_status
Bohnenberger_2018,LUSC,WXS,Bohnenberger_2018,Stage
Bohnenberger_2018,LUSC,WXS,Bohnenberger_2018,T_stage
Bohnenberger_2018,LUSC,WXS,Bohnenberger_2018,Tumor/Normal
Bohnenberger_2018,LUSC,WXS,Bohnenberger_2018,Cancer type
Caeser_2022,SCLC,WXS,Caeser_2022,Age
Caeser_2022,SCLC,WXS,Caeser_2022,Chemotherapy
Caeser_2022,SCLC,WXS,Caeser_2022,Classical_m_score
Caeser_2022,SCLC,WXS,Caeser_2022,Classical_m_subtype
Caeser_2022,SCLC,WXS,Caeser_2022,Definitive_therapy
Caeser_2022,SCLC,WXS,Caeser_2022,Driver_subtype
Caeser_2022,SCLC,WXS,Caeser_2022,Primary/metastasis
Caeser_2022,SCLC,WXS,Caeser_2022,Ethnicity
Caeser_2022,SCLC,WXS,Caeser_2022,Gender
Caeser_2022,SCLC,WXS,Caeser_2022,Grade
Caeser_2022,SCLC,WXS,Caeser_2022,Histology type
Caeser_2022,SCLC,WXS,Caeser_2022,Immunotherapy
Caeser_2022,SCLC,WXS,Caeser_2022,M_stage
Caeser_2022,SCLC,WXS,Caeser_2022,Metastatic_site
Caeser_2022,SCLC,WXS,Caeser_2022,MSI_comment
Caeser_2022,SCLC,WXS,Caeser_2022,MSI_score
Caeser_2022,SCLC,WXS,Caeser_2022,MSI_type
Caeser_2022,SCLC,WXS,Caeser_2022,N_stage
Caeser_2022,SCLC,WXS,Caeser_2022,Origin
Caeser_2022,SCLC,WXS,Caeser_2022,OS
Caeser_2022,SCLC,WXS,Caeser_2022,OS_months
Caeser_2022,SCLC,WXS,Caeser_2022,OS_status
Caeser_2022,SCLC,WXS,Caeser_2022,Pack_years
Caeser_2022,SCLC,WXS,Caeser_2022,PDX_sample_days_from_diagnosis
Caeser_2022,SCLC,WXS,Caeser_2022,PDX_tissue_therapy_type
Caeser_2022,SCLC,WXS,Caeser_2022,Pretreated
Caeser_2022,SCLC,WXS,Caeser_2022,Procedure_type
Caeser_2022,SCLC,WXS,Caeser_2022,Race
Caeser_2022,SCLC,WXS,Caeser_2022,Sample_coverage
Caeser_2022,SCLC,WXS,Caeser_2022,Site_Of_Finding
Caeser_2022,SCLC,WXS,Caeser_2022,Smoking_status
Caeser_2022,SCLC,WXS,Caeser_2022,Somatic_status
Caeser_2022,SCLC,WXS,Caeser_2022,Specimen_preservation_type
Caeser_2022,SCLC,WXS,Caeser_2022,Stage
Caeser_2022,SCLC,WXS,Caeser_2022,Subsequent_therapies
Caeser_2022,SCLC,WXS,Caeser_2022,T_stage
Caeser_2022,SCLC,WXS,Caeser_2022,Targeted_therapy
Caeser_2022,SCLC,WXS,Caeser_2022,Therapy_1L
Caeser_2022,SCLC,WXS,Caeser_2022,Tmb_nonsynonymous
Caeser_2022,SCLC,WXS,Caeser_2022,Tumor/Normal
Caeser_2022,SCLC,WXS,Caeser_2022,TNM
Caeser_2022,SCLC,WXS,Caeser_2022,Tumor_purity
Caeser_2022,SCLC,WXS,Caeser_2022,Cancer type
Caeser_2022,SCLC,WXS,Caeser_2022,VALSG_stage
Casanova_2017,LUSC,Proteomics,Casanova_2017,Classical_p_subtype
Casanova_2017,LUSC,Proteomics,Casanova_2017,Primary/metastasis
Casanova_2017,LUSC,Proteomics,Casanova_2017,MP_p_subtype
Casanova_2017,LUSC,Proteomics,Casanova_2017,Tumor/Normal
Casanova_2017,LUSC,Proteomics,Casanova_2017,Cancer type
Caso_2020,LUAD,WXS,Caso_2020,Age
Caso_2020,LUAD,WXS,Caso_2020,Classical_m_score
Caso_2020,LUAD,WXS,Caso_2020,Classical_m_subtype
Caso_2020,LUAD,WXS,Caso_2020,CN_STATUS
Caso_2020,LUAD,WXS,Caso_2020,CT_SIZE
Caso_2020,LUAD,WXS,Caso_2020,DLCO
Caso_2020,LUAD,WXS,Caso_2020,Driver_subtype
Caso_2020,LUAD,WXS,Caso_2020,Primary/metastasis
Caso_2020,LUAD,WXS,Caso_2020,FEV1
Caso_2020,LUAD,WXS,Caso_2020,FGA_FACETS
Caso_2020,LUAD,WXS,Caso_2020,Gender
Caso_2020,LUAD,WXS,Caso_2020,Histology type
Caso_2020,LUAD,WXS,Caso_2020,MP_m_score
Caso_2020,LUAD,WXS,Caso_2020,MP_m_subtype
Caso_2020,LUAD,WXS,Caso_2020,OS
Caso_2020,LUAD,WXS,Caso_2020,OS_status
Caso_2020,LUAD,WXS,Caso_2020,Pack_years
Caso_2020,LUAD,WXS,Caso_2020,Pathologic_stage
Caso_2020,LUAD,WXS,Caso_2020,PN_STATUS
Caso_2020,LUAD,WXS,Caso_2020,RFS
Caso_2020,LUAD,WXS,Caso_2020,RFS_status
Caso_2020,LUAD,WXS,Caso_2020,Smoking_status
Caso_2020,LUAD,WXS,Caso_2020,Subtype_group
Caso_2020,LUAD,WXS,Caso_2020,SUV
Caso_2020,LUAD,WXS,Caso_2020,TMB
Caso_2020,LUAD,WXS,Caso_2020,TMB_nonsynonymous
Caso_2020,LUAD,WXS,Caso_2020,Tumor/Normal
Caso_2020,LUAD,WXS,Caso_2020,Cancer type
Caso_2021,LUAD,WXS,Caso_2021,Age
Caso_2021,LUAD,WXS,Caso_2021,Biopsy_contains_MIP
Caso_2021,LUAD,WXS,Caso_2021,Biopsy_contains_solid
Caso_2021,LUAD,WXS,Caso_2021,Classical_m_score
Caso_2021,LUAD,WXS,Caso_2021,Classical_m_subtype
Caso_2021,LUAD,WXS,Caso_2021,Clinical_N_stage
Caso_2021,LUAD,WXS,Caso_2021,Driver_subtype
Caso_2021,LUAD,WXS,Caso_2021,Primary/metastasis
Caso_2021,LUAD,WXS,Caso_2021,FGA_FACETS
Caso_2021,LUAD,WXS,Caso_2021,Gender
Caso_2021,LUAD,WXS,Caso_2021,LN_status
Caso_2021,LUAD,WXS,Caso_2021,MP_m_score
Caso_2021,LUAD,WXS,Caso_2021,MP_m_subtype
Caso_2021,LUAD,WXS,Caso_2021,Pack_years
Caso_2021,LUAD,WXS,Caso_2021,Radiology
Caso_2021,LUAD,WXS,Caso_2021,Smoking_status
Caso_2021,LUAD,WXS,Caso_2021,Stage
Caso_2021,LUAD,WXS,Caso_2021,TMB_nonsynonymous
Caso_2021,LUAD,WXS,Caso_2021,Tumor/Normal
Caso_2021,LUAD,WXS,Caso_2021,TNM
Caso_2021,LUAD,WXS,Caso_2021,Tumor_SUV_max
Caso_2021,LUAD,WXS,Caso_2021,Cancer type
Caso_2021,LUAD,WXS,Caso_2021,WGD
Caushi_2021,LUAD,WXS,Caushi_2021,Age
Caushi_2021,LUAD,WXS,Caushi_2021,Classical_m_score
Caushi_2021,LUAD,WXS,Caushi_2021,Classical_m_subtype
Caushi_2021,LUAD,WXS,Caushi_2021,Driver_subtype
Caushi_2021,LUAD,WXS,Caushi_2021,Primary/metastasis
Caushi_2021,LUAD,WXS,Caushi_2021,Gender
Caushi_2021,LUAD,WXS,Caushi_2021,HLA_haplotype
Caushi_2021,LUAD,WXS,Caushi_2021,Immunotherapy
Caushi_2021,LUAD,WXS,Caushi_2021,MP_m_score
Caushi_2021,LUAD,WXS,Caushi_2021,MP_m_subtype
Caushi_2021,LUAD,WXS,Caushi_2021,MPR_status
Caushi_2021,LUAD,WXS,Caushi_2021,Pack_years
Caushi_2021,LUAD,WXS,Caushi_2021,Percentage of PD-L1_pre
Caushi_2021,LUAD,WXS,Caushi_2021,Percentage of PD-L1_resection
Caushi_2021,LUAD,WXS,Caushi_2021,Percentage of residual tumor
Caushi_2021,LUAD,WXS,Caushi_2021,Smoking_status
Caushi_2021,LUAD,WXS,Caushi_2021,Tumor/Normal
Caushi_2021,LUAD,WXS,Caushi_2021,TNM
Caushi_2021,LUAD,WXS,Caushi_2021,Cancer type
CCLE_2019,LUAD,Methylome,CCLELUAD_2019,Age
CCLE_2019,LUAD,Methylome,CCLELUAD_2019,Characteristics
CCLE_2019,LUAD,Methylome,CCLELUAD_2019,Classical_m_score
CCLE_2019,LUAD,Methylome,CCLELUAD_2019,Classical_m_subtype
CCLE_2019,LUAD,Methylome,CCLELUAD_2019,Classical_meth_subtype
CCLE_2019,LUAD,Methylome,CCLELUAD_2019,Classical_r_subtype
CCLE_2019,LUAD,Methylome,CCLELUAD_2019,Disease
CCLE_2019,LUAD,Methylome,CCLELUAD_2019,Doubling_Time_Calculated_hrs
CCLE_2019,LUAD,Methylome,CCLELUAD_2019,Primary/metastasis
CCLE_2019,LUAD,Methylome,CCLELUAD_2019,Gender
CCLE_2019,LUAD,Methylome,CCLELUAD_2019,Histology subtype
CCLE_2019,LUAD,Methylome,CCLELUAD_2019,Inferred_ethnicity
CCLE_2019,LUAD,Methylome,CCLELUAD_2019,MP_m_score
CCLE_2019,LUAD,Methylome,CCLELUAD_2019,MP_m_subtype
CCLE_2019,LUAD,Methylome,CCLELUAD_2019,MP_mh_subtype
CCLE_2019,LUAD,Methylome,CCLELUAD_2019,MP_ml_subtype
CCLE_2019,LUAD,Methylome,CCLELUAD_2019,MP_r_subtype
CCLE_2019,LUAD,Methylome,CCLELUAD_2019,mutRate
CCLE_2019,LUAD,Methylome,CCLELUAD_2019,Original_Source_of_Cell_Line
CCLE_2019,LUAD,Methylome,CCLELUAD_2019,Pathologist_annotation
CCLE_2019,LUAD,Methylome,CCLELUAD_2019,Race
CCLE_2019,LUAD,Methylome,CCLELUAD_2019,Site_Of_Finding
CCLE_2019,LUAD,Methylome,CCLELUAD_2019,Site_Subtype1
CCLE_2019,LUAD,Methylome,CCLELUAD_2019,Tumor/Normal
CCLE_2019,LUAD,Methylome,CCLELUAD_2019,Cancer type
CCLE_2019,LUAD,RNA-seq,CCLELUAD_2019,Age
CCLE_2019,LUAD,RNA-seq,CCLELUAD_2019,Characteristics
CCLE_2019,LUAD,RNA-seq,CCLELUAD_2019,Classical_m_score
CCLE_2019,LUAD,RNA-seq,CCLELUAD_2019,Classical_m_subtype
CCLE_2019,LUAD,RNA-seq,CCLELUAD_2019,Classical_meth_subtype
CCLE_2019,LUAD,RNA-seq,CCLELUAD_2019,Classical_r_subtype
CCLE_2019,LUAD,RNA-seq,CCLELUAD_2019,Disease
CCLE_2019,LUAD,RNA-seq,CCLELUAD_2019,Doubling_Time_Calculated_hrs
CCLE_2019,LUAD,RNA-seq,CCLELUAD_2019,Doubling_Time_from_Vendor
CCLE_2019,LUAD,RNA-seq,CCLELUAD_2019,Primary/metastasis
CCLE_2019,LUAD,RNA-seq,CCLELUAD_2019,Gender
CCLE_2019,LUAD,RNA-seq,CCLELUAD_2019,Histology subtype
CCLE_2019,LUAD,RNA-seq,CCLELUAD_2019,Inferred_ethnicity
CCLE_2019,LUAD,RNA-seq,CCLELUAD_2019,MP_m_score
CCLE_2019,LUAD,RNA-seq,CCLELUAD_2019,MP_m_subtype
CCLE_2019,LUAD,RNA-seq,CCLELUAD_2019,MP_mh_subtype
CCLE_2019,LUAD,RNA-seq,CCLELUAD_2019,MP_ml_subtype
CCLE_2019,LUAD,RNA-seq,CCLELUAD_2019,MP_r_subtype
CCLE_2019,LUAD,RNA-seq,CCLELUAD_2019,mutRate
CCLE_2019,LUAD,RNA-seq,CCLELUAD_2019,Original_Source_of_Cell_Line
CCLE_2019,LUAD,RNA-seq,CCLELUAD_2019,Pathologist_annotation
CCLE_2019,LUAD,RNA-seq,CCLELUAD_2019,Race
CCLE_2019,LUAD,RNA-seq,CCLELUAD_2019,Site_Of_Finding
CCLE_2019,LUAD,RNA-seq,CCLELUAD_2019,Tumor/Normal
CCLE_2019,LUAD,RNA-seq,CCLELUAD_2019,Cancer type
CCLE_2019,LUAD,WXS,CCLELUAD_2019,Age
CCLE_2019,LUAD,WXS,CCLELUAD_2019,Characteristics
CCLE_2019,LUAD,WXS,CCLELUAD_2019,Classical_m_score
CCLE_2019,LUAD,WXS,CCLELUAD_2019,Classical_m_subtype
CCLE_2019,LUAD,WXS,CCLELUAD_2019,Classical_meth_subtype
CCLE_2019,LUAD,WXS,CCLELUAD_2019,Classical_r_subtype
CCLE_2019,LUAD,WXS,CCLELUAD_2019,Disease
CCLE_2019,LUAD,WXS,CCLELUAD_2019,Doubling_Time_Calculated_hrs
CCLE_2019,LUAD,WXS,CCLELUAD_2019,Driver_subtype
CCLE_2019,LUAD,WXS,CCLELUAD_2019,Primary/metastasis
CCLE_2019,LUAD,WXS,CCLELUAD_2019,Gender
CCLE_2019,LUAD,WXS,CCLELUAD_2019,Histology subtype
CCLE_2019,LUAD,WXS,CCLELUAD_2019,Inferred_ethnicity
CCLE_2019,LUAD,WXS,CCLELUAD_2019,MP_m_score
CCLE_2019,LUAD,WXS,CCLELUAD_2019,MP_m_subtype
CCLE_2019,LUAD,WXS,CCLELUAD_2019,MP_mh_subtype
CCLE_2019,LUAD,WXS,CCLELUAD_2019,MP_ml_subtype
CCLE_2019,LUAD,WXS,CCLELUAD_2019,MP_r_subtype
CCLE_2019,LUAD,WXS,CCLELUAD_2019,mutRate
CCLE_2019,LUAD,WXS,CCLELUAD_2019,Original_Source_of_Cell_Line
CCLE_2019,LUAD,WXS,CCLELUAD_2019,Pathologist_annotation
CCLE_2019,LUAD,WXS,CCLELUAD_2019,Race
CCLE_2019,LUAD,WXS,CCLELUAD_2019,Site_Of_Finding
CCLE_2019,LUAD,WXS,CCLELUAD_2019,Site_Subtype1
CCLE_2019,LUAD,WXS,CCLELUAD_2019,Tumor/Normal
CCLE_2019,LUAD,WXS,CCLELUAD_2019,Cancer type
CCLE_2019,LUSC,Methylome,CCLELUSC_2019,Age
CCLE_2019,LUSC,Methylome,CCLELUSC_2019,Characteristics
CCLE_2019,LUSC,Methylome,CCLELUSC_2019,Classical_m_score
CCLE_2019,LUSC,Methylome,CCLELUSC_2019,Classical_m_subtype
CCLE_2019,LUSC,Methylome,CCLELUSC_2019,Classical_meth_subtype
CCLE_2019,LUSC,Methylome,CCLELUSC_2019,Classical_r_subtype
CCLE_2019,LUSC,Methylome,CCLELUSC_2019,Disease
CCLE_2019,LUSC,Methylome,CCLELUSC_2019,Doubling_Time_Calculated_hrs
CCLE_2019,LUSC,Methylome,CCLELUSC_2019,Primary/metastasis
CCLE_2019,LUSC,Methylome,CCLELUSC_2019,Gender
CCLE_2019,LUSC,Methylome,CCLELUSC_2019,Histology subtype
CCLE_2019,LUSC,Methylome,CCLELUSC_2019,Inferred_ethnicity
CCLE_2019,LUSC,Methylome,CCLELUSC_2019,MP_m_score
CCLE_2019,LUSC,Methylome,CCLELUSC_2019,MP_m_subtype
CCLE_2019,LUSC,Methylome,CCLELUSC_2019,MP_mh_subtype
CCLE_2019,LUSC,Methylome,CCLELUSC_2019,MP_ml_subtype
CCLE_2019,LUSC,Methylome,CCLELUSC_2019,MP_r_subtype
CCLE_2019,LUSC,Methylome,CCLELUSC_2019,mutRate
CCLE_2019,LUSC,Methylome,CCLELUSC_2019,Original_Source_of_Cell_Line
CCLE_2019,LUSC,Methylome,CCLELUSC_2019,Pathologist_annotation
CCLE_2019,LUSC,Methylome,CCLELUSC_2019,Race
CCLE_2019,LUSC,Methylome,CCLELUSC_2019,Site_Of_Finding
CCLE_2019,LUSC,Methylome,CCLELUSC_2019,Site_Subtype1
CCLE_2019,LUSC,Methylome,CCLELUSC_2019,Tumor/Normal
CCLE_2019,LUSC,Methylome,CCLELUSC_2019,Cancer type
CCLE_2019,LUSC,RNA-seq,CCLELUSC_2019,Age
CCLE_2019,LUSC,RNA-seq,CCLELUSC_2019,Characteristics
CCLE_2019,LUSC,RNA-seq,CCLELUSC_2019,Classical_m_score
CCLE_2019,LUSC,RNA-seq,CCLELUSC_2019,Classical_m_subtype
CCLE_2019,LUSC,RNA-seq,CCLELUSC_2019,Classical_meth_subtype
CCLE_2019,LUSC,RNA-seq,CCLELUSC_2019,Classical_r_subtype
CCLE_2019,LUSC,RNA-seq,CCLELUSC_2019,Disease
CCLE_2019,LUSC,RNA-seq,CCLELUSC_2019,Doubling_Time_Calculated_hrs
CCLE_2019,LUSC,RNA-seq,CCLELUSC_2019,Primary/metastasis
CCLE_2019,LUSC,RNA-seq,CCLELUSC_2019,Gender
CCLE_2019,LUSC,RNA-seq,CCLELUSC_2019,Histology subtype
CCLE_2019,LUSC,RNA-seq,CCLELUSC_2019,Inferred_ethnicity
CCLE_2019,LUSC,RNA-seq,CCLELUSC_2019,MP_m_score
CCLE_2019,LUSC,RNA-seq,CCLELUSC_2019,MP_m_subtype
CCLE_2019,LUSC,RNA-seq,CCLELUSC_2019,MP_mh_subtype
CCLE_2019,LUSC,RNA-seq,CCLELUSC_2019,MP_ml_subtype
CCLE_2019,LUSC,RNA-seq,CCLELUSC_2019,MP_r_subtype
CCLE_2019,LUSC,RNA-seq,CCLELUSC_2019,mutRate
CCLE_2019,LUSC,RNA-seq,CCLELUSC_2019,Original_Source_of_Cell_Line
CCLE_2019,LUSC,RNA-seq,CCLELUSC_2019,Pathologist_annotation
CCLE_2019,LUSC,RNA-seq,CCLELUSC_2019,Race
CCLE_2019,LUSC,RNA-seq,CCLELUSC_2019,Site_Of_Finding
CCLE_2019,LUSC,RNA-seq,CCLELUSC_2019,Site_Subtype1
CCLE_2019,LUSC,RNA-seq,CCLELUSC_2019,Tumor/Normal
CCLE_2019,LUSC,RNA-seq,CCLELUSC_2019,Cancer type
CCLE_2019,LUSC,WXS,CCLELUSC_2019,Age
CCLE_2019,LUSC,WXS,CCLELUSC_2019,Characteristics
CCLE_2019,LUSC,WXS,CCLELUSC_2019,Classical_m_score
CCLE_2019,LUSC,WXS,CCLELUSC_2019,Classical_m_subtype
CCLE_2019,LUSC,WXS,CCLELUSC_2019,Classical_meth_subtype
CCLE_2019,LUSC,WXS,CCLELUSC_2019,Classical_r_subtype
CCLE_2019,LUSC,WXS,CCLELUSC_2019,Disease
CCLE_2019,LUSC,WXS,CCLELUSC_2019,Doubling_Time_Calculated_hrs
CCLE_2019,LUSC,WXS,CCLELUSC_2019,Driver_subtype
CCLE_2019,LUSC,WXS,CCLELUSC_2019,Primary/metastasis
CCLE_2019,LUSC,WXS,CCLELUSC_2019,Gender
CCLE_2019,LUSC,WXS,CCLELUSC_2019,Histology subtype
CCLE_2019,LUSC,WXS,CCLELUSC_2019,Inferred_ethnicity
CCLE_2019,LUSC,WXS,CCLELUSC_2019,MP_m_score
CCLE_2019,LUSC,WXS,CCLELUSC_2019,MP_m_subtype
CCLE_2019,LUSC,WXS,CCLELUSC_2019,MP_mh_subtype
CCLE_2019,LUSC,WXS,CCLELUSC_2019,MP_ml_subtype
CCLE_2019,LUSC,WXS,CCLELUSC_2019,MP_r_subtype
CCLE_2019,LUSC,WXS,CCLELUSC_2019,mutRate
CCLE_2019,LUSC,WXS,CCLELUSC_2019,Original_Source_of_Cell_Line
CCLE_2019,LUSC,WXS,CCLELUSC_2019,Pathologist_annotation
CCLE_2019,LUSC,WXS,CCLELUSC_2019,Race
CCLE_2019,LUSC,WXS,CCLELUSC_2019,Site_Of_Finding
CCLE_2019,LUSC,WXS,CCLELUSC_2019,Site_Subtype1
CCLE_2019,LUSC,WXS,CCLELUSC_2019,Tumor/Normal
CCLE_2019,LUSC,WXS,CCLELUSC_2019,Cancer type
CCLE_2019,SCLC,Methylome,CCLESCLC_2019,Age
CCLE_2019,SCLC,Methylome,CCLESCLC_2019,Characteristics
CCLE_2019,SCLC,Methylome,CCLESCLC_2019,Classical_m_score
CCLE_2019,SCLC,Methylome,CCLESCLC_2019,Classical_m_subtype
CCLE_2019,SCLC,Methylome,CCLESCLC_2019,Classical_meth_subtype
CCLE_2019,SCLC,Methylome,CCLESCLC_2019,Classical_r_subtype
CCLE_2019,SCLC,Methylome,CCLESCLC_2019,Disease
CCLE_2019,SCLC,Methylome,CCLESCLC_2019,Doubling_Time_Calculated_hrs
CCLE_2019,SCLC,Methylome,CCLESCLC_2019,Primary/metastasis
CCLE_2019,SCLC,Methylome,CCLESCLC_2019,Gender
CCLE_2019,SCLC,Methylome,CCLESCLC_2019,Histology subtype
CCLE_2019,SCLC,Methylome,CCLESCLC_2019,Inferred_ethnicity
CCLE_2019,SCLC,Methylome,CCLESCLC_2019,MP_m_score
CCLE_2019,SCLC,Methylome,CCLESCLC_2019,MP_m_subtype
CCLE_2019,SCLC,Methylome,CCLESCLC_2019,MP_mh_subtype
CCLE_2019,SCLC,Methylome,CCLESCLC_2019,MP_ml_subtype
CCLE_2019,SCLC,Methylome,CCLESCLC_2019,MP_r_subtype
CCLE_2019,SCLC,Methylome,CCLESCLC_2019,mutRate
CCLE_2019,SCLC,Methylome,CCLESCLC_2019,Original_Source_of_Cell_Line
CCLE_2019,SCLC,Methylome,CCLESCLC_2019,Pathologist_annotation
CCLE_2019,SCLC,Methylome,CCLESCLC_2019,Race
CCLE_2019,SCLC,Methylome,CCLESCLC_2019,Site_Of_Finding
CCLE_2019,SCLC,Methylome,CCLESCLC_2019,Site_Subtype1
CCLE_2019,SCLC,Methylome,CCLESCLC_2019,Tumor/Normal
CCLE_2019,SCLC,Methylome,CCLESCLC_2019,Cancer type
CCLE_2019,SCLC,RNA-seq,CCLESCLC_2019,Age
CCLE_2019,SCLC,RNA-seq,CCLESCLC_2019,Characteristics
CCLE_2019,SCLC,RNA-seq,CCLESCLC_2019,Classical_m_score
CCLE_2019,SCLC,RNA-seq,CCLESCLC_2019,Classical_m_subtype
CCLE_2019,SCLC,RNA-seq,CCLESCLC_2019,Classical_meth_subtype
CCLE_2019,SCLC,RNA-seq,CCLESCLC_2019,Classical_r_subtype
CCLE_2019,SCLC,RNA-seq,CCLESCLC_2019,Disease
CCLE_2019,SCLC,RNA-seq,CCLESCLC_2019,Doubling_Time_Calculated_hrs
CCLE_2019,SCLC,RNA-seq,CCLESCLC_2019,Doubling_Time_from_Vendor
CCLE_2019,SCLC,RNA-seq,CCLESCLC_2019,Primary/metastasis
CCLE_2019,SCLC,RNA-seq,CCLESCLC_2019,Gender
CCLE_2019,SCLC,RNA-seq,CCLESCLC_2019,Histology subtype
CCLE_2019,SCLC,RNA-seq,CCLESCLC_2019,Inferred_ethnicity
CCLE_2019,SCLC,RNA-seq,CCLESCLC_2019,MP_m_score
CCLE_2019,SCLC,RNA-seq,CCLESCLC_2019,MP_m_subtype
CCLE_2019,SCLC,RNA-seq,CCLESCLC_2019,MP_mh_subtype
CCLE_2019,SCLC,RNA-seq,CCLESCLC_2019,MP_ml_subtype
CCLE_2019,SCLC,RNA-seq,CCLESCLC_2019,MP_r_subtype
CCLE_2019,SCLC,RNA-seq,CCLESCLC_2019,mutRate
CCLE_2019,SCLC,RNA-seq,CCLESCLC_2019,Original_Source_of_Cell_Line
CCLE_2019,SCLC,RNA-seq,CCLESCLC_2019,Pathologist_annotation
CCLE_2019,SCLC,RNA-seq,CCLESCLC_2019,Race
CCLE_2019,SCLC,RNA-seq,CCLESCLC_2019,Site_Of_Finding
CCLE_2019,SCLC,RNA-seq,CCLESCLC_2019,Site_Subtype1
CCLE_2019,SCLC,RNA-seq,CCLESCLC_2019,Tumor/Normal
CCLE_2019,SCLC,RNA-seq,CCLESCLC_2019,Cancer type
CCLE_2019,SCLC,WXS,CCLESCLC_2019,Age
CCLE_2019,SCLC,WXS,CCLESCLC_2019,Classical_m_score
CCLE_2019,SCLC,WXS,CCLESCLC_2019,Classical_m_subtype
CCLE_2019,SCLC,WXS,CCLESCLC_2019,Classical_meth_subtype
CCLE_2019,SCLC,WXS,CCLESCLC_2019,Classical_r_subtype
CCLE_2019,SCLC,WXS,CCLESCLC_2019,Disease
CCLE_2019,SCLC,WXS,CCLESCLC_2019,Doubling_Time_Calculated_hrs
CCLE_2019,SCLC,WXS,CCLESCLC_2019,Driver_subtype
CCLE_2019,SCLC,WXS,CCLESCLC_2019,Primary/metastasis
CCLE_2019,SCLC,WXS,CCLESCLC_2019,Gender
CCLE_2019,SCLC,WXS,CCLESCLC_2019,Histology subtype
CCLE_2019,SCLC,WXS,CCLESCLC_2019,Inferred_ethnicity
CCLE_2019,SCLC,WXS,CCLESCLC_2019,MP_m_score
CCLE_2019,SCLC,WXS,CCLESCLC_2019,MP_m_subtype
CCLE_2019,SCLC,WXS,CCLESCLC_2019,MP_mh_subtype
CCLE_2019,SCLC,WXS,CCLESCLC_2019,MP_ml_subtype
CCLE_2019,SCLC,WXS,CCLESCLC_2019,MP_r_subtype
CCLE_2019,SCLC,WXS,CCLESCLC_2019,mutRate
CCLE_2019,SCLC,WXS,CCLESCLC_2019,Original_Source_of_Cell_Line
CCLE_2019,SCLC,WXS,CCLESCLC_2019,Pathologist_annotation
CCLE_2019,SCLC,WXS,CCLESCLC_2019,Race
CCLE_2019,SCLC,WXS,CCLESCLC_2019,Site_Of_Finding
CCLE_2019,SCLC,WXS,CCLESCLC_2019,Site_Subtype1
CCLE_2019,SCLC,WXS,CCLESCLC_2019,Tumor/Normal
CCLE_2019,SCLC,WXS,CCLESCLC_2019,Cancer type
CCLE_2020,LUAD,Proteomics,CCLELUAD_2020,Age
CCLE_2020,LUAD,Proteomics,CCLELUAD_2020,Characteristics
CCLE_2020,LUAD,Proteomics,CCLELUAD_2020,Classical_p_subtype
CCLE_2020,LUAD,Proteomics,CCLELUAD_2020,Disease
CCLE_2020,LUAD,Proteomics,CCLELUAD_2020,Doubling_Time_Calculated_hrs
CCLE_2020,LUAD,Proteomics,CCLELUAD_2020,Primary/metastasis
CCLE_2020,LUAD,Proteomics,CCLELUAD_2020,Gender
CCLE_2020,LUAD,Proteomics,CCLELUAD_2020,Histology subtype
CCLE_2020,LUAD,Proteomics,CCLELUAD_2020,Inferred_ethnicity
CCLE_2020,LUAD,Proteomics,CCLELUAD_2020,MP_p_subtype
CCLE_2020,LUAD,Proteomics,CCLELUAD_2020,mutRate
CCLE_2020,LUAD,Proteomics,CCLELUAD_2020,Pathologist_annotation
CCLE_2020,LUAD,Proteomics,CCLELUAD_2020,Race
CCLE_2020,LUAD,Proteomics,CCLELUAD_2020,Site_Of_Finding
CCLE_2020,LUAD,Proteomics,CCLELUAD_2020,Site_Subtype1
CCLE_2020,LUAD,Proteomics,CCLELUAD_2020,Tissue of Origin
CCLE_2020,LUAD,Proteomics,CCLELUAD_2020,Tumor/Normal
CCLE_2020,LUAD,Proteomics,CCLELUAD_2020,Cancer type
CCLE_2020,LUSC,Proteomics,CCLELUSC_2020,Age
CCLE_2020,LUSC,Proteomics,CCLELUSC_2020,Characteristics
CCLE_2020,LUSC,Proteomics,CCLELUSC_2020,Classical_p_subtype
CCLE_2020,LUSC,Proteomics,CCLELUSC_2020,Disease
CCLE_2020,LUSC,Proteomics,CCLELUSC_2020,Doubling_Time_Calculated_hrs
CCLE_2020,LUSC,Proteomics,CCLELUSC_2020,Primary/metastasis
CCLE_2020,LUSC,Proteomics,CCLELUSC_2020,Gender
CCLE_2020,LUSC,Proteomics,CCLELUSC_2020,Histology subtype
CCLE_2020,LUSC,Proteomics,CCLELUSC_2020,Inferred_ethnicity
CCLE_2020,LUSC,Proteomics,CCLELUSC_2020,MP_p_subtype
CCLE_2020,LUSC,Proteomics,CCLELUSC_2020,mutRate
CCLE_2020,LUSC,Proteomics,CCLELUSC_2020,Pathologist_annotation
CCLE_2020,LUSC,Proteomics,CCLELUSC_2020,Race
CCLE_2020,LUSC,Proteomics,CCLELUSC_2020,Site_Of_Finding
CCLE_2020,LUSC,Proteomics,CCLELUSC_2020,Site_Subtype1
CCLE_2020,LUSC,Proteomics,CCLELUSC_2020,Tissue of Origin
CCLE_2020,LUSC,Proteomics,CCLELUSC_2020,Tumor/Normal
CCLE_2020,LUSC,Proteomics,CCLELUSC_2020,Cancer type
CCLE_2020,SCLC,Proteomics,CCLESCLC_2020,Age
CCLE_2020,SCLC,Proteomics,CCLESCLC_2020,Characteristics
CCLE_2020,SCLC,Proteomics,CCLESCLC_2020,Classical_p_subtype
CCLE_2020,SCLC,Proteomics,CCLESCLC_2020,Disease
CCLE_2020,SCLC,Proteomics,CCLESCLC_2020,Doubling_Time_Calculated_hrs
CCLE_2020,SCLC,Proteomics,CCLESCLC_2020,Primary/metastasis
CCLE_2020,SCLC,Proteomics,CCLESCLC_2020,Gender
CCLE_2020,SCLC,Proteomics,CCLESCLC_2020,Histology subtype
CCLE_2020,SCLC,Proteomics,CCLESCLC_2020,Inferred_ethnicity
CCLE_2020,SCLC,Proteomics,CCLESCLC_2020,mutRate
CCLE_2020,SCLC,Proteomics,CCLESCLC_2020,Pathologist_annotation
CCLE_2020,SCLC,Proteomics,CCLESCLC_2020,Race
CCLE_2020,SCLC,Proteomics,CCLESCLC_2020,Site_Of_Finding
CCLE_2020,SCLC,Proteomics,CCLESCLC_2020,Site_Subtype1
CCLE_2020,SCLC,Proteomics,CCLESCLC_2020,Tissue of Origin
CCLE_2020,SCLC,Proteomics,CCLESCLC_2020,Tumor/Normal
CCLE_2020,SCLC,Proteomics,CCLESCLC_2020,Cancer type
Chen_2019,LUAD,WXS,Chen_2019,Age
Chen_2019,LUAD,WXS,Chen_2019,Driver_subtype
Chen_2019,LUAD,WXS,Chen_2019,Primary/metastasis
Chen_2019,LUAD,WXS,Chen_2019,Gender
Chen_2019,LUAD,WXS,Chen_2019,Histology early type
Chen_2019,LUAD,WXS,Chen_2019,Smoking_status
Chen_2019,LUAD,WXS,Chen_2019,Stage
Chen_2019,LUAD,WXS,Chen_2019,Tumor/Normal
Chen_2019,LUAD,WXS,Chen_2019,Cancer type
Chen_2020,LUAD,Proteomics,Chen_2020,Age
Chen_2020,LUAD,Proteomics,Chen_2020,AngiolymphaticInvasion
Chen_2020,LUAD,Proteomics,Chen_2020,APOBEC_Enriched
Chen_2020,LUAD,Proteomics,Chen_2020,Classical_p_subtype
Chen_2020,LUAD,Proteomics,Chen_2020,Classical_r_subtype
Chen_2020,LUAD,Proteomics,Chen_2020,Differentiation
Chen_2020,LUAD,Proteomics,Chen_2020,Primary/metastasis
Chen_2020,LUAD,Proteomics,Chen_2020,EGFR_mut
Chen_2020,LUAD,Proteomics,Chen_2020,EGFR_mut_type
Chen_2020,LUAD,Proteomics,Chen_2020,Gender
Chen_2020,LUAD,Proteomics,Chen_2020,M_stage
Chen_2020,LUAD,Proteomics,Chen_2020,MP_m_score
Chen_2020,LUAD,Proteomics,Chen_2020,MP_m_subtype
Chen_2020,LUAD,Proteomics,Chen_2020,MP_p_subtype
Chen_2020,LUAD,Proteomics,Chen_2020,MP_r_subtype
Chen_2020,LUAD,Proteomics,Chen_2020,N_stage
Chen_2020,LUAD,Proteomics,Chen_2020,Race
Chen_2020,LUAD,Proteomics,Chen_2020,Ref_phospho_CC_subtype
Chen_2020,LUAD,Proteomics,Chen_2020,Ref_protein_CC_subtype
Chen_2020,LUAD,Proteomics,Chen_2020,Ref_RNA_CC_subtype
Chen_2020,LUAD,Proteomics,Chen_2020,Site_Of_Finding
Chen_2020,LUAD,Proteomics,Chen_2020,Smoking_status
Chen_2020,LUAD,Proteomics,Chen_2020,Stage
Chen_2020,LUAD,Proteomics,Chen_2020,T_stage
Chen_2020,LUAD,Proteomics,Chen_2020,Tumor/Normal
Chen_2020,LUAD,Proteomics,Chen_2020,TNM
Chen_2020,LUAD,Proteomics,Chen_2020,TumorSize>2cm
Chen_2020,LUAD,Proteomics,Chen_2020,Cancer type
Chen_2020,LUAD,Proteomics,Chen_2020,Visceral Pleural Status
Chen_2020,LUAD,RNA-seq,Chen_2020,Age
Chen_2020,LUAD,RNA-seq,Chen_2020,AngiolymphaticInvasion
Chen_2020,LUAD,RNA-seq,Chen_2020,APOBEC_Enriched
Chen_2020,LUAD,RNA-seq,Chen_2020,Classical_p_subtype
Chen_2020,LUAD,RNA-seq,Chen_2020,Classical_r_subtype
Chen_2020,LUAD,RNA-seq,Chen_2020,Differentiation
Chen_2020,LUAD,RNA-seq,Chen_2020,Primary/metastasis
Chen_2020,LUAD,RNA-seq,Chen_2020,EGFR_mut
Chen_2020,LUAD,RNA-seq,Chen_2020,EGFR_mut_type
Chen_2020,LUAD,RNA-seq,Chen_2020,Gender
Chen_2020,LUAD,RNA-seq,Chen_2020,M_stage
Chen_2020,LUAD,RNA-seq,Chen_2020,MP_m_score
Chen_2020,LUAD,RNA-seq,Chen_2020,MP_m_subtype
Chen_2020,LUAD,RNA-seq,Chen_2020,MP_p_subtype
Chen_2020,LUAD,RNA-seq,Chen_2020,MP_r_subtype
Chen_2020,LUAD,RNA-seq,Chen_2020,N_stage
Chen_2020,LUAD,RNA-seq,Chen_2020,Race
Chen_2020,LUAD,RNA-seq,Chen_2020,Ref_phospho_CC_subtype
Chen_2020,LUAD,RNA-seq,Chen_2020,Ref_protein_CC_subtype
Chen_2020,LUAD,RNA-seq,Chen_2020,Ref_RNA_CC_subtype
Chen_2020,LUAD,RNA-seq,Chen_2020,Site_Of_Finding
Chen_2020,LUAD,RNA-seq,Chen_2020,Smoking_status
Chen_2020,LUAD,RNA-seq,Chen_2020,Stage
Chen_2020,LUAD,RNA-seq,Chen_2020,T_stage
Chen_2020,LUAD,RNA-seq,Chen_2020,Tumor/Normal
Chen_2020,LUAD,RNA-seq,Chen_2020,TNM
Chen_2020,LUAD,RNA-seq,Chen_2020,TumorSize>2cm
Chen_2020,LUAD,RNA-seq,Chen_2020,Cancer type
Chen_2020,LUAD,RNA-seq,Chen_2020,Visceral Pleural Status
Chen_2020,LUAD,WXS,Chen_2020,Age
Chen_2020,LUAD,WXS,Chen_2020,AngiolymphaticInvasion
Chen_2020,LUAD,WXS,Chen_2020,APOBEC_Enriched
Chen_2020,LUAD,WXS,Chen_2020,Classical_p_subtype
Chen_2020,LUAD,WXS,Chen_2020,Classical_r_subtype
Chen_2020,LUAD,WXS,Chen_2020,Differentiation
Chen_2020,LUAD,WXS,Chen_2020,Driver_subtype
Chen_2020,LUAD,WXS,Chen_2020,Primary/metastasis
Chen_2020,LUAD,WXS,Chen_2020,EGFR_mut
Chen_2020,LUAD,WXS,Chen_2020,EGFR_mut_type
Chen_2020,LUAD,WXS,Chen_2020,Gender
Chen_2020,LUAD,WXS,Chen_2020,M_stage
Chen_2020,LUAD,WXS,Chen_2020,MP_m_score
Chen_2020,LUAD,WXS,Chen_2020,MP_m_subtype
Chen_2020,LUAD,WXS,Chen_2020,MP_p_subtype
Chen_2020,LUAD,WXS,Chen_2020,MP_r_subtype
Chen_2020,LUAD,WXS,Chen_2020,N_stage
Chen_2020,LUAD,WXS,Chen_2020,Race
Chen_2020,LUAD,WXS,Chen_2020,Ref_phospho_CC_subtype
Chen_2020,LUAD,WXS,Chen_2020,Ref_protein_CC_subtype
Chen_2020,LUAD,WXS,Chen_2020,Ref_RNA_CC_subtype
Chen_2020,LUAD,WXS,Chen_2020,Site_Of_Finding
Chen_2020,LUAD,WXS,Chen_2020,Smoking_status
Chen_2020,LUAD,WXS,Chen_2020,Stage
Chen_2020,LUAD,WXS,Chen_2020,T_stage
Chen_2020,LUAD,WXS,Chen_2020,Tumor/Normal
Chen_2020,LUAD,WXS,Chen_2020,TNM
Chen_2020,LUAD,WXS,Chen_2020,TumorSize>2cm
Chen_2020,LUAD,WXS,Chen_2020,Cancer type
Chen_2020,LUAD,WXS,Chen_2020,Visceral Pleural Status
Chen_2021,LUAD,WXS,Chen_2021,Age
Chen_2021,LUAD,WXS,Chen_2021,Classical_m_score
Chen_2021,LUAD,WXS,Chen_2021,Classical_m_subtype
Chen_2021,LUAD,WXS,Chen_2021,DNAInput_ng/ml
Chen_2021,LUAD,WXS,Chen_2021,Driver_subtype
Chen_2021,LUAD,WXS,Chen_2021,Primary/metastasis
Chen_2021,LUAD,WXS,Chen_2021,Gender
Chen_2021,LUAD,WXS,Chen_2021,GGO_component
Chen_2021,LUAD,WXS,Chen_2021,GGO_volume
Chen_2021,LUAD,WXS,Chen_2021,Height
Chen_2021,LUAD,WXS,Chen_2021,Histology type
Chen_2021,LUAD,WXS,Chen_2021,HLA_homozygotes
Chen_2021,LUAD,WXS,Chen_2021,HLA_LOH
Chen_2021,LUAD,WXS,Chen_2021,Pleural_invasion
Chen_2021,LUAD,WXS,Chen_2021,Radiology
Chen_2021,LUAD,WXS,Chen_2021,Smoking_status
Chen_2021,LUAD,WXS,Chen_2021,Solid_volme
Chen_2021,LUAD,WXS,Chen_2021,Spiculation
Chen_2021,LUAD,WXS,Chen_2021,Stage
Chen_2021,LUAD,WXS,Chen_2021,Tumor/Normal
Chen_2021,LUAD,WXS,Chen_2021,TNM
Chen_2021,LUAD,WXS,Chen_2021,Total_volume
Chen_2021,LUAD,WXS,Chen_2021,Tumor_size_cm
Chen_2021,LUAD,WXS,Chen_2021,Cancer type
Chen_2021,LUAD,WXS,Chen_2021,Vessel_Carcinoma_Embolus
Chen_2021,LUAD,WXS,Chen_2021,Weight
Chen-NG_2020,LUAD,RNA-seq,Chen-NG_2020,Age
Chen-NG_2020,LUAD,RNA-seq,Chen-NG_2020,Chemotherapy
Chen-NG_2020,LUAD,RNA-seq,Chen-NG_2020,Classical_m_score
Chen-NG_2020,LUAD,RNA-seq,Chen-NG_2020,Classical_m_subtype
Chen-NG_2020,LUAD,RNA-seq,Chen-NG_2020,Classical_r_subtype
Chen-NG_2020,LUAD,RNA-seq,Chen-NG_2020,DNA_Depth_Normal
Chen-NG_2020,LUAD,RNA-seq,Chen-NG_2020,DNA_Depth_Tumor
Chen-NG_2020,LUAD,RNA-seq,Chen-NG_2020,Primary/metastasis
Chen-NG_2020,LUAD,RNA-seq,Chen-NG_2020,Exome_Seq_Status
Chen-NG_2020,LUAD,RNA-seq,Chen-NG_2020,Gender
Chen-NG_2020,LUAD,RNA-seq,Chen-NG_2020,Histological_grade
Chen-NG_2020,LUAD,RNA-seq,Chen-NG_2020,Histology type
Chen-NG_2020,LUAD,RNA-seq,Chen-NG_2020,MP_m_score
Chen-NG_2020,LUAD,RNA-seq,Chen-NG_2020,MP_m_subtype
Chen-NG_2020,LUAD,RNA-seq,Chen-NG_2020,MP_r_subtype
Chen-NG_2020,LUAD,RNA-seq,Chen-NG_2020,OS
Chen-NG_2020,LUAD,RNA-seq,Chen-NG_2020,OS_status
Chen-NG_2020,LUAD,RNA-seq,Chen-NG_2020,Pack_years
Chen-NG_2020,LUAD,RNA-seq,Chen-NG_2020,Race
Chen-NG_2020,LUAD,RNA-seq,Chen-NG_2020,RNA_Seq_Status
Chen-NG_2020,LUAD,RNA-seq,Chen-NG_2020,Smoking_status
Chen-NG_2020,LUAD,RNA-seq,Chen-NG_2020,Stage
Chen-NG_2020,LUAD,RNA-seq,Chen-NG_2020,Targeted_therapy
Chen-NG_2020,LUAD,RNA-seq,Chen-NG_2020,Tumor/Normal
Chen-NG_2020,LUAD,RNA-seq,Chen-NG_2020,Cancer type
Chen-NG_2020,LUAD,WXS,Chen-NG_2020,Age
Chen-NG_2020,LUAD,WXS,Chen-NG_2020,Chemotherapy
Chen-NG_2020,LUAD,WXS,Chen-NG_2020,Classical_m_score
Chen-NG_2020,LUAD,WXS,Chen-NG_2020,Classical_m_subtype
Chen-NG_2020,LUAD,WXS,Chen-NG_2020,Classical_r_subtype
Chen-NG_2020,LUAD,WXS,Chen-NG_2020,Cohort
Chen-NG_2020,LUAD,WXS,Chen-NG_2020,Differentiation
Chen-NG_2020,LUAD,WXS,Chen-NG_2020,DNA_Depth_Normal
Chen-NG_2020,LUAD,WXS,Chen-NG_2020,DNA_Depth_Tumor
Chen-NG_2020,LUAD,WXS,Chen-NG_2020,Driver_subtype
Chen-NG_2020,LUAD,WXS,Chen-NG_2020,Primary/metastasis
Chen-NG_2020,LUAD,WXS,Chen-NG_2020,Exome_Seq_Status
Chen-NG_2020,LUAD,WXS,Chen-NG_2020,Gender
Chen-NG_2020,LUAD,WXS,Chen-NG_2020,Histology type
Chen-NG_2020,LUAD,WXS,Chen-NG_2020,MP_m_score
Chen-NG_2020,LUAD,WXS,Chen-NG_2020,MP_m_subtype
Chen-NG_2020,LUAD,WXS,Chen-NG_2020,MP_r_subtype
Chen-NG_2020,LUAD,WXS,Chen-NG_2020,OS
Chen-NG_2020,LUAD,WXS,Chen-NG_2020,OS_status
Chen-NG_2020,LUAD,WXS,Chen-NG_2020,Pack_years
Chen-NG_2020,LUAD,WXS,Chen-NG_2020,Race
Chen-NG_2020,LUAD,WXS,Chen-NG_2020,RNA_Seq_Status
Chen-NG_2020,LUAD,WXS,Chen-NG_2020,Smoking_status
Chen-NG_2020,LUAD,WXS,Chen-NG_2020,Stage
Chen-NG_2020,LUAD,WXS,Chen-NG_2020,Targeted_therapy
Chen-NG_2020,LUAD,WXS,Chen-NG_2020,Tumor/Normal
Chen-NG_2020,LUAD,WXS,Chen-NG_2020,Cancer type
Cho_2020,LUAD,Methylome,ChoLUAD_2020,Age
Cho_2020,LUAD,Methylome,ChoLUAD_2020,Best_response
Cho_2020,LUAD,Methylome,ChoLUAD_2020,Classical_meth_subtype
Cho_2020,LUAD,Methylome,ChoLUAD_2020,Classical_r_subtype
Cho_2020,LUAD,Methylome,ChoLUAD_2020,Primary/metastasis
Cho_2020,LUAD,Methylome,ChoLUAD_2020,Gender
Cho_2020,LUAD,Methylome,ChoLUAD_2020,Immunotherapy_drug
Cho_2020,LUAD,Methylome,ChoLUAD_2020,MP_mh_subtype
Cho_2020,LUAD,Methylome,ChoLUAD_2020,MP_ml_subtype
Cho_2020,LUAD,Methylome,ChoLUAD_2020,MP_r_subtype
Cho_2020,LUAD,Methylome,ChoLUAD_2020,OS
Cho_2020,LUAD,Methylome,ChoLUAD_2020,PDL1_expression
Cho_2020,LUAD,Methylome,ChoLUAD_2020,PFS
Cho_2020,LUAD,Methylome,ChoLUAD_2020,Responsiveness
Cho_2020,LUAD,Methylome,ChoLUAD_2020,Sample_type
Cho_2020,LUAD,Methylome,ChoLUAD_2020,Tumor/Normal
Cho_2020,LUAD,Methylome,ChoLUAD_2020,Treatment_status
Cho_2020,LUAD,Methylome,ChoLUAD_2020,Cancer type
Cho_2020,LUAD,RNA-seq,ChoLUAD_2020,Age
Cho_2020,LUAD,RNA-seq,ChoLUAD_2020,Best_response
Cho_2020,LUAD,RNA-seq,ChoLUAD_2020,Classical_meth_subtype
Cho_2020,LUAD,RNA-seq,ChoLUAD_2020,Classical_r_subtype
Cho_2020,LUAD,RNA-seq,ChoLUAD_2020,Primary/metastasis
Cho_2020,LUAD,RNA-seq,ChoLUAD_2020,Gender
Cho_2020,LUAD,RNA-seq,ChoLUAD_2020,Immunotherapy
Cho_2020,LUAD,RNA-seq,ChoLUAD_2020,Immunotherapy_drug
Cho_2020,LUAD,RNA-seq,ChoLUAD_2020,MP_mh_subtype
Cho_2020,LUAD,RNA-seq,ChoLUAD_2020,MP_ml_subtype
Cho_2020,LUAD,RNA-seq,ChoLUAD_2020,MP_r_subtype
Cho_2020,LUAD,RNA-seq,ChoLUAD_2020,OS
Cho_2020,LUAD,RNA-seq,ChoLUAD_2020,PDL1_expression
Cho_2020,LUAD,RNA-seq,ChoLUAD_2020,PFS
Cho_2020,LUAD,RNA-seq,ChoLUAD_2020,Responsiveness
Cho_2020,LUAD,RNA-seq,ChoLUAD_2020,Sample_type
Cho_2020,LUAD,RNA-seq,ChoLUAD_2020,Tumor/Normal
Cho_2020,LUAD,RNA-seq,ChoLUAD_2020,Treatment_status
Cho_2020,LUAD,RNA-seq,ChoLUAD_2020,Cancer type
Cho_2020,LUSC,Methylome,ChoLUSC_2020,Age
Cho_2020,LUSC,Methylome,ChoLUSC_2020,Best_response
Cho_2020,LUSC,Methylome,ChoLUSC_2020,Classical_meth_subtype
Cho_2020,LUSC,Methylome,ChoLUSC_2020,Classical_r_subtype
Cho_2020,LUSC,Methylome,ChoLUSC_2020,Primary/metastasis
Cho_2020,LUSC,Methylome,ChoLUSC_2020,Gender
Cho_2020,LUSC,Methylome,ChoLUSC_2020,Immunotherapy_drug
Cho_2020,LUSC,Methylome,ChoLUSC_2020,MP_mh_subtype
Cho_2020,LUSC,Methylome,ChoLUSC_2020,MP_ml_subtype
Cho_2020,LUSC,Methylome,ChoLUSC_2020,MP_r_subtype
Cho_2020,LUSC,Methylome,ChoLUSC_2020,OS
Cho_2020,LUSC,Methylome,ChoLUSC_2020,PDL1_expression
Cho_2020,LUSC,Methylome,ChoLUSC_2020,PFS
Cho_2020,LUSC,Methylome,ChoLUSC_2020,Responsiveness
Cho_2020,LUSC,Methylome,ChoLUSC_2020,Sample_type
Cho_2020,LUSC,Methylome,ChoLUSC_2020,Tumor/Normal
Cho_2020,LUSC,Methylome,ChoLUSC_2020,Treatment_status
Cho_2020,LUSC,Methylome,ChoLUSC_2020,Cancer type
Cho_2020,LUSC,RNA-seq,ChoLUSC_2020,Age
Cho_2020,LUSC,RNA-seq,ChoLUSC_2020,Best_response
Cho_2020,LUSC,RNA-seq,ChoLUSC_2020,Classical_meth_subtype
Cho_2020,LUSC,RNA-seq,ChoLUSC_2020,Classical_r_subtype
Cho_2020,LUSC,RNA-seq,ChoLUSC_2020,Primary/metastasis
Cho_2020,LUSC,RNA-seq,ChoLUSC_2020,Gender
Cho_2020,LUSC,RNA-seq,ChoLUSC_2020,Immunotherapy
Cho_2020,LUSC,RNA-seq,ChoLUSC_2020,Immunotherapy_drug
Cho_2020,LUSC,RNA-seq,ChoLUSC_2020,MP_mh_subtype
Cho_2020,LUSC,RNA-seq,ChoLUSC_2020,MP_ml_subtype
Cho_2020,LUSC,RNA-seq,ChoLUSC_2020,MP_r_subtype
Cho_2020,LUSC,RNA-seq,ChoLUSC_2020,OS
Cho_2020,LUSC,RNA-seq,ChoLUSC_2020,PDL1_expression
Cho_2020,LUSC,RNA-seq,ChoLUSC_2020,PFS
Cho_2020,LUSC,RNA-seq,ChoLUSC_2020,Responsiveness
Cho_2020,LUSC,RNA-seq,ChoLUSC_2020,Sample_type
Cho_2020,LUSC,RNA-seq,ChoLUSC_2020,Tumor/Normal
Cho_2020,LUSC,RNA-seq,ChoLUSC_2020,Treatment_status
Cho_2020,LUSC,RNA-seq,ChoLUSC_2020,Cancer type
Cho_2022,LUSC,Methylome,Cho_2022,Classical_meth_subtype
Cho_2022,LUSC,Methylome,Cho_2022,Classical_r_subtype
Cho_2022,LUSC,Methylome,Cho_2022,Primary/metastasis
Cho_2022,LUSC,Methylome,Cho_2022,MP_mh_subtype
Cho_2022,LUSC,Methylome,Cho_2022,MP_ml_subtype
Cho_2022,LUSC,Methylome,Cho_2022,MP_r_subtype
Cho_2022,LUSC,Methylome,Cho_2022,Tumor/Normal
Cho_2022,LUSC,Methylome,Cho_2022,Cancer type
Cho_2022,LUSC,RNA-seq,Cho_2022,Classical_meth_subtype
Cho_2022,LUSC,RNA-seq,Cho_2022,Classical_r_subtype
Cho_2022,LUSC,RNA-seq,Cho_2022,Primary/metastasis
Cho_2022,LUSC,RNA-seq,Cho_2022,MP_mh_subtype
Cho_2022,LUSC,RNA-seq,Cho_2022,MP_ml_subtype
Cho_2022,LUSC,RNA-seq,Cho_2022,MP_r_subtype
Cho_2022,LUSC,RNA-seq,Cho_2022,Tumor/Normal
Cho_2022,LUSC,RNA-seq,Cho_2022,Cancer type
Culemann_2015,LUAD,Proteomics,Culemann_2015,Classical_p_subtype
Culemann_2015,LUAD,Proteomics,Culemann_2015,EGFR_mut
Culemann_2015,LUAD,Proteomics,Culemann_2015,KRAS_mut
Culemann_2015,LUAD,Proteomics,Culemann_2015,MP_p_subtype
Culemann_2015,LUAD,Proteomics,Culemann_2015,Mutation_group
Culemann_2015,LUAD,Proteomics,Culemann_2015,Tumor/Normal
Culemann_2015,LUAD,Proteomics,Culemann_2015,Cancer type
Deng_2024,LUAD,WXS,Deng_2024,Age
Deng_2024,LUAD,WXS,Deng_2024,Cancer_history
Deng_2024,LUAD,WXS,Deng_2024,Classical_m_score
Deng_2024,LUAD,WXS,Deng_2024,Classical_m_subtype
Deng_2024,LUAD,WXS,Deng_2024,Disease
Deng_2024,LUAD,WXS,Deng_2024,Driver_subtype
Deng_2024,LUAD,WXS,Deng_2024,Primary/metastasis
Deng_2024,LUAD,WXS,Deng_2024,Gender
Deng_2024,LUAD,WXS,Deng_2024,Group
Deng_2024,LUAD,WXS,Deng_2024,Histology type
Deng_2024,LUAD,WXS,Deng_2024,M_stage
Deng_2024,LUAD,WXS,Deng_2024,MP_m_score
Deng_2024,LUAD,WXS,Deng_2024,MP_m_subtype
Deng_2024,LUAD,WXS,Deng_2024,N_stage
Deng_2024,LUAD,WXS,Deng_2024,Race
Deng_2024,LUAD,WXS,Deng_2024,Radiology
Deng_2024,LUAD,WXS,Deng_2024,Site_of_Finding
Deng_2024,LUAD,WXS,Deng_2024,Smoking_status
Deng_2024,LUAD,WXS,Deng_2024,Stage
Deng_2024,LUAD,WXS,Deng_2024,T_stage
Deng_2024,LUAD,WXS,Deng_2024,Tumor/Normal
Deng_2024,LUAD,WXS,Deng_2024,TNM
Deng_2024,LUAD,WXS,Deng_2024,Tumor_size_cm
Deng_2024,LUAD,WXS,Deng_2024,Cancer type
Depmap_2023,LUAD,RNA-seq,DepmapLUAD_2023,Age
Depmap_2023,LUAD,RNA-seq,DepmapLUAD_2023,AgeCategory
Depmap_2023,LUAD,RNA-seq,DepmapLUAD_2023,Classical_m_score
Depmap_2023,LUAD,RNA-seq,DepmapLUAD_2023,Classical_m_subtype
Depmap_2023,LUAD,RNA-seq,DepmapLUAD_2023,Classical_r_subtype
Depmap_2023,LUAD,RNA-seq,DepmapLUAD_2023,Primary/metastasis
Depmap_2023,LUAD,RNA-seq,DepmapLUAD_2023,Gender
Depmap_2023,LUAD,RNA-seq,DepmapLUAD_2023,GrowthPattern
Depmap_2023,LUAD,RNA-seq,DepmapLUAD_2023,MP_m_score
Depmap_2023,LUAD,RNA-seq,DepmapLUAD_2023,MP_m_subtype
Depmap_2023,LUAD,RNA-seq,DepmapLUAD_2023,MP_r_subtype
Depmap_2023,LUAD,RNA-seq,DepmapLUAD_2023,Oncotree Lineage
Depmap_2023,LUAD,RNA-seq,DepmapLUAD_2023,Oncotree Primary Disease
Depmap_2023,LUAD,RNA-seq,DepmapLUAD_2023,Oncotree Subtype
Depmap_2023,LUAD,RNA-seq,DepmapLUAD_2023,Race
Depmap_2023,LUAD,RNA-seq,DepmapLUAD_2023,Sample Collection Site
Depmap_2023,LUAD,RNA-seq,DepmapLUAD_2023,Source detail
Depmap_2023,LUAD,RNA-seq,DepmapLUAD_2023,Source type
Depmap_2023,LUAD,RNA-seq,DepmapLUAD_2023,Tumor/Normal
Depmap_2023,LUAD,RNA-seq,DepmapLUAD_2023,Cancer type
Depmap_2023,LUAD,WXS,DepmapLUAD_2023,Age
Depmap_2023,LUAD,WXS,DepmapLUAD_2023,AgeCategory
Depmap_2023,LUAD,WXS,DepmapLUAD_2023,Classical_m_score
Depmap_2023,LUAD,WXS,DepmapLUAD_2023,Classical_m_subtype
Depmap_2023,LUAD,WXS,DepmapLUAD_2023,Classical_r_subtype
Depmap_2023,LUAD,WXS,DepmapLUAD_2023,Driver_subtype
Depmap_2023,LUAD,WXS,DepmapLUAD_2023,Primary/metastasis
Depmap_2023,LUAD,WXS,DepmapLUAD_2023,Gender
Depmap_2023,LUAD,WXS,DepmapLUAD_2023,GrowthPattern
Depmap_2023,LUAD,WXS,DepmapLUAD_2023,MP_m_score
Depmap_2023,LUAD,WXS,DepmapLUAD_2023,MP_m_subtype
Depmap_2023,LUAD,WXS,DepmapLUAD_2023,MP_r_subtype
Depmap_2023,LUAD,WXS,DepmapLUAD_2023,Oncotree Lineage
Depmap_2023,LUAD,WXS,DepmapLUAD_2023,Oncotree Primary Disease
Depmap_2023,LUAD,WXS,DepmapLUAD_2023,Oncotree Subtype
Depmap_2023,LUAD,WXS,DepmapLUAD_2023,Race
Depmap_2023,LUAD,WXS,DepmapLUAD_2023,Sample Collection Site
Depmap_2023,LUAD,WXS,DepmapLUAD_2023,Source detail
Depmap_2023,LUAD,WXS,DepmapLUAD_2023,Source type
Depmap_2023,LUAD,WXS,DepmapLUAD_2023,Tumor/Normal
Depmap_2023,LUAD,WXS,DepmapLUAD_2023,Cancer type
Depmap_2023,LUSC,RNA-seq,DepmapLUSC_2023,Age
Depmap_2023,LUSC,RNA-seq,DepmapLUSC_2023,AgeCategory
Depmap_2023,LUSC,RNA-seq,DepmapLUSC_2023,Classical_m_score
Depmap_2023,LUSC,RNA-seq,DepmapLUSC_2023,Classical_m_subtype
Depmap_2023,LUSC,RNA-seq,DepmapLUSC_2023,Classical_r_subtype
Depmap_2023,LUSC,RNA-seq,DepmapLUSC_2023,Primary/metastasis
Depmap_2023,LUSC,RNA-seq,DepmapLUSC_2023,Gender
Depmap_2023,LUSC,RNA-seq,DepmapLUSC_2023,GrowthPattern
Depmap_2023,LUSC,RNA-seq,DepmapLUSC_2023,MP_m_score
Depmap_2023,LUSC,RNA-seq,DepmapLUSC_2023,MP_m_subtype
Depmap_2023,LUSC,RNA-seq,DepmapLUSC_2023,MP_r_subtype
Depmap_2023,LUSC,RNA-seq,DepmapLUSC_2023,Oncotree Lineage
Depmap_2023,LUSC,RNA-seq,DepmapLUSC_2023,Oncotree Primary Disease
Depmap_2023,LUSC,RNA-seq,DepmapLUSC_2023,Oncotree Subtype
Depmap_2023,LUSC,RNA-seq,DepmapLUSC_2023,Race
Depmap_2023,LUSC,RNA-seq,DepmapLUSC_2023,Sample Collection Site
Depmap_2023,LUSC,RNA-seq,DepmapLUSC_2023,Source detail
Depmap_2023,LUSC,RNA-seq,DepmapLUSC_2023,Source type
Depmap_2023,LUSC,RNA-seq,DepmapLUSC_2023,Tumor/Normal
Depmap_2023,LUSC,RNA-seq,DepmapLUSC_2023,Cancer type
Depmap_2023,LUSC,WXS,DepmapLUSC_2023,Age
Depmap_2023,LUSC,WXS,DepmapLUSC_2023,AgeCategory
Depmap_2023,LUSC,WXS,DepmapLUSC_2023,Classical_m_score
Depmap_2023,LUSC,WXS,DepmapLUSC_2023,Classical_m_subtype
Depmap_2023,LUSC,WXS,DepmapLUSC_2023,Classical_r_subtype
Depmap_2023,LUSC,WXS,DepmapLUSC_2023,Driver_subtype
Depmap_2023,LUSC,WXS,DepmapLUSC_2023,Primary/metastasis
Depmap_2023,LUSC,WXS,DepmapLUSC_2023,Gender
Depmap_2023,LUSC,WXS,DepmapLUSC_2023,GrowthPattern
Depmap_2023,LUSC,WXS,DepmapLUSC_2023,MP_m_score
Depmap_2023,LUSC,WXS,DepmapLUSC_2023,MP_m_subtype
Depmap_2023,LUSC,WXS,DepmapLUSC_2023,MP_r_subtype
Depmap_2023,LUSC,WXS,DepmapLUSC_2023,Oncotree Lineage
Depmap_2023,LUSC,WXS,DepmapLUSC_2023,Oncotree Primary Disease
Depmap_2023,LUSC,WXS,DepmapLUSC_2023,Oncotree Subtype
Depmap_2023,LUSC,WXS,DepmapLUSC_2023,Race
Depmap_2023,LUSC,WXS,DepmapLUSC_2023,Sample Collection Site
Depmap_2023,LUSC,WXS,DepmapLUSC_2023,Source detail
Depmap_2023,LUSC,WXS,DepmapLUSC_2023,Source type
Depmap_2023,LUSC,WXS,DepmapLUSC_2023,Tumor/Normal
Depmap_2023,LUSC,WXS,DepmapLUSC_2023,Cancer type
Depmap_2023,SCLC,RNA-seq,DepmapSCLC_2023,Age
Depmap_2023,SCLC,RNA-seq,DepmapSCLC_2023,AgeCategory
Depmap_2023,SCLC,RNA-seq,DepmapSCLC_2023,Classical_m_score
Depmap_2023,SCLC,RNA-seq,DepmapSCLC_2023,Classical_m_subtype
Depmap_2023,SCLC,RNA-seq,DepmapSCLC_2023,Classical_r_subtype
Depmap_2023,SCLC,RNA-seq,DepmapSCLC_2023,COSMICID
Depmap_2023,SCLC,RNA-seq,DepmapSCLC_2023,Primary/metastasis
Depmap_2023,SCLC,RNA-seq,DepmapSCLC_2023,Gender
Depmap_2023,SCLC,RNA-seq,DepmapSCLC_2023,GrowthPattern
Depmap_2023,SCLC,RNA-seq,DepmapSCLC_2023,MP_m_score
Depmap_2023,SCLC,RNA-seq,DepmapSCLC_2023,MP_m_subtype
Depmap_2023,SCLC,RNA-seq,DepmapSCLC_2023,MP_r_subtype
Depmap_2023,SCLC,RNA-seq,DepmapSCLC_2023,Oncotree Lineage
Depmap_2023,SCLC,RNA-seq,DepmapSCLC_2023,Oncotree Primary Disease
Depmap_2023,SCLC,RNA-seq,DepmapSCLC_2023,Oncotree Subtype
Depmap_2023,SCLC,RNA-seq,DepmapSCLC_2023,Race
Depmap_2023,SCLC,RNA-seq,DepmapSCLC_2023,Sample Collection Site
Depmap_2023,SCLC,RNA-seq,DepmapSCLC_2023,Source detail
Depmap_2023,SCLC,RNA-seq,DepmapSCLC_2023,Source type
Depmap_2023,SCLC,RNA-seq,DepmapSCLC_2023,Tumor/Normal
Depmap_2023,SCLC,RNA-seq,DepmapSCLC_2023,Cancer type
Depmap_2023,SCLC,WXS,DepmapSCLC_2023,Age
Depmap_2023,SCLC,WXS,DepmapSCLC_2023,AgeCategory
Depmap_2023,SCLC,WXS,DepmapSCLC_2023,Classical_m_score
Depmap_2023,SCLC,WXS,DepmapSCLC_2023,Classical_m_subtype
Depmap_2023,SCLC,WXS,DepmapSCLC_2023,Classical_r_subtype
Depmap_2023,SCLC,WXS,DepmapSCLC_2023,Driver_subtype
Depmap_2023,SCLC,WXS,DepmapSCLC_2023,Primary/metastasis
Depmap_2023,SCLC,WXS,DepmapSCLC_2023,Gender
Depmap_2023,SCLC,WXS,DepmapSCLC_2023,GrowthPattern
Depmap_2023,SCLC,WXS,DepmapSCLC_2023,MP_m_score
Depmap_2023,SCLC,WXS,DepmapSCLC_2023,MP_m_subtype
Depmap_2023,SCLC,WXS,DepmapSCLC_2023,MP_r_subtype
Depmap_2023,SCLC,WXS,DepmapSCLC_2023,Oncotree Lineage
Depmap_2023,SCLC,WXS,DepmapSCLC_2023,Oncotree Primary Disease
Depmap_2023,SCLC,WXS,DepmapSCLC_2023,Oncotree Subtype
Depmap_2023,SCLC,WXS,DepmapSCLC_2023,Race
Depmap_2023,SCLC,WXS,DepmapSCLC_2023,Sample Collection Site
Depmap_2023,SCLC,WXS,DepmapSCLC_2023,Source detail
Depmap_2023,SCLC,WXS,DepmapSCLC_2023,Source type
Depmap_2023,SCLC,WXS,DepmapSCLC_2023,Tumor/Normal
Depmap_2023,SCLC,WXS,DepmapSCLC_2023,Cancer type
Ding_2008,LUAD,WXS,Ding_2008,Classical_m_score
Ding_2008,LUAD,WXS,Ding_2008,Classical_m_subtype
Ding_2008,LUAD,WXS,Ding_2008,Driver_subtype
Ding_2008,LUAD,WXS,Ding_2008,Primary/metastasis
Ding_2008,LUAD,WXS,Ding_2008,MP_m_score
Ding_2008,LUAD,WXS,Ding_2008,MP_m_subtype
Ding_2008,LUAD,WXS,Ding_2008,TMB_nonsynonymous
Ding_2008,LUAD,WXS,Ding_2008,Tumor/Normal
Ding_2008,LUAD,WXS,Ding_2008,Cancer type
Djureinovic_2016,LUAD,RNA-seq,Djureinovic_2016,Age
Djureinovic_2016,LUAD,RNA-seq,Djureinovic_2016,Classical_r_subtype
Djureinovic_2016,LUAD,RNA-seq,Djureinovic_2016,Gender
Djureinovic_2016,LUAD,RNA-seq,Djureinovic_2016,MP_r_subtype
Djureinovic_2016,LUAD,RNA-seq,Djureinovic_2016,OS_status
Djureinovic_2016,LUAD,RNA-seq,Djureinovic_2016,PS_WHO
Djureinovic_2016,LUAD,RNA-seq,Djureinovic_2016,Smoking_status
Djureinovic_2016,LUAD,RNA-seq,Djureinovic_2016,Stage
Djureinovic_2016,LUAD,RNA-seq,Djureinovic_2016,Tumor/Normal
Djureinovic_2016,LUAD,RNA-seq,Djureinovic_2016,Cancer type
Djureinovic_2016,LUSC,RNA-seq,DjureinovicLUSC_2016,Age
Djureinovic_2016,LUSC,RNA-seq,DjureinovicLUSC_2016,Classical_r_subtype
Djureinovic_2016,LUSC,RNA-seq,DjureinovicLUSC_2016,Gender
Djureinovic_2016,LUSC,RNA-seq,DjureinovicLUSC_2016,MP_r_subtype
Djureinovic_2016,LUSC,RNA-seq,DjureinovicLUSC_2016,OS_status
Djureinovic_2016,LUSC,RNA-seq,DjureinovicLUSC_2016,PS_WHO
Djureinovic_2016,LUSC,RNA-seq,DjureinovicLUSC_2016,Smoking_status
Djureinovic_2016,LUSC,RNA-seq,DjureinovicLUSC_2016,Stage
Djureinovic_2016,LUSC,RNA-seq,DjureinovicLUSC_2016,Tumor/Normal
Djureinovic_2016,LUSC,RNA-seq,DjureinovicLUSC_2016,Cancer type
Dolgalev_2023,LUAD,RNA-seq,Dolgalev_2023,Acinar percentage
Dolgalev_2023,LUAD,RNA-seq,Dolgalev_2023,Age
Dolgalev_2023,LUAD,RNA-seq,Dolgalev_2023,Classical_m_score
Dolgalev_2023,LUAD,RNA-seq,Dolgalev_2023,Classical_m_subtype
Dolgalev_2023,LUAD,RNA-seq,Dolgalev_2023,Classical_r_subtype
Dolgalev_2023,LUAD,RNA-seq,Dolgalev_2023,Cribriform percentage
Dolgalev_2023,LUAD,RNA-seq,Dolgalev_2023,Cytologic_grade
Dolgalev_2023,LUAD,RNA-seq,Dolgalev_2023,Primary/metastasis
Dolgalev_2023,LUAD,RNA-seq,Dolgalev_2023,FINAL_IASLC_GRADE_MOREIRA
Dolgalev_2023,LUAD,RNA-seq,Dolgalev_2023,Fused glands percentage
Dolgalev_2023,LUAD,RNA-seq,Dolgalev_2023,Gender
Dolgalev_2023,LUAD,RNA-seq,Dolgalev_2023,Histology type
Dolgalev_2023,LUAD,RNA-seq,Dolgalev_2023,Lepidic percentage
Dolgalev_2023,LUAD,RNA-seq,Dolgalev_2023,LVI
Dolgalev_2023,LUAD,RNA-seq,Dolgalev_2023,Match_normal
Dolgalev_2023,LUAD,RNA-seq,Dolgalev_2023,Micropapillary percentage
Dolgalev_2023,LUAD,RNA-seq,Dolgalev_2023,MP_r_subtype
Dolgalev_2023,LUAD,RNA-seq,Dolgalev_2023,Necrosis_Perc
Dolgalev_2023,LUAD,RNA-seq,Dolgalev_2023,Nuclear_grade
Dolgalev_2023,LUAD,RNA-seq,Dolgalev_2023,OS
Dolgalev_2023,LUAD,RNA-seq,Dolgalev_2023,OS_status
Dolgalev_2023,LUAD,RNA-seq,Dolgalev_2023,Pack_years
Dolgalev_2023,LUAD,RNA-seq,Dolgalev_2023,Papillary percentage
Dolgalev_2023,LUAD,RNA-seq,Dolgalev_2023,PFS
Dolgalev_2023,LUAD,RNA-seq,Dolgalev_2023,PFS_status
Dolgalev_2023,LUAD,RNA-seq,Dolgalev_2023,Pleural_invasion
Dolgalev_2023,LUAD,RNA-seq,Dolgalev_2023,5 years progression
Dolgalev_2023,LUAD,RNA-seq,Dolgalev_2023,5 years progression type
Dolgalev_2023,LUAD,RNA-seq,Dolgalev_2023,Progression type code
Dolgalev_2023,LUAD,RNA-seq,Dolgalev_2023,Progression type
Dolgalev_2023,LUAD,RNA-seq,Dolgalev_2023,Race
Dolgalev_2023,LUAD,RNA-seq,Dolgalev_2023,5 years recurrence
Dolgalev_2023,LUAD,RNA-seq,Dolgalev_2023,RFS_status
Dolgalev_2023,LUAD,RNA-seq,Dolgalev_2023,Size_cm
Dolgalev_2023,LUAD,RNA-seq,Dolgalev_2023,Smoking_status
Dolgalev_2023,LUAD,RNA-seq,Dolgalev_2023,Solid percentage
Dolgalev_2023,LUAD,RNA-seq,Dolgalev_2023,Stage
Dolgalev_2023,LUAD,RNA-seq,Dolgalev_2023,STAS
Dolgalev_2023,LUAD,RNA-seq,Dolgalev_2023,Tumor/Normal
Dolgalev_2023,LUAD,RNA-seq,Dolgalev_2023,Cancer type
Dolgalev_2023,LUAD,WXS,Dolgalev_2023,Acinar percentage
Dolgalev_2023,LUAD,WXS,Dolgalev_2023,Age
Dolgalev_2023,LUAD,WXS,Dolgalev_2023,Classical_m_score
Dolgalev_2023,LUAD,WXS,Dolgalev_2023,Classical_m_subtype
Dolgalev_2023,LUAD,WXS,Dolgalev_2023,Classical_r_subtype
Dolgalev_2023,LUAD,WXS,Dolgalev_2023,Cribriform percentage
Dolgalev_2023,LUAD,WXS,Dolgalev_2023,Cytologic_grade
Dolgalev_2023,LUAD,WXS,Dolgalev_2023,Driver_subtype
Dolgalev_2023,LUAD,WXS,Dolgalev_2023,Primary/metastasis
Dolgalev_2023,LUAD,WXS,Dolgalev_2023,FINAL.IASLC.GRADE.MOREIRA
Dolgalev_2023,LUAD,WXS,Dolgalev_2023,Fused glands percentage
Dolgalev_2023,LUAD,WXS,Dolgalev_2023,Gender
Dolgalev_2023,LUAD,WXS,Dolgalev_2023,Histology type
Dolgalev_2023,LUAD,WXS,Dolgalev_2023,Lepidic percentage
Dolgalev_2023,LUAD,WXS,Dolgalev_2023,LVI
Dolgalev_2023,LUAD,WXS,Dolgalev_2023,Match_normal
Dolgalev_2023,LUAD,WXS,Dolgalev_2023,Micropapillary percentage
Dolgalev_2023,LUAD,WXS,Dolgalev_2023,MP_r_subtype
Dolgalev_2023,LUAD,WXS,Dolgalev_2023,Necrosis_Perc
Dolgalev_2023,LUAD,WXS,Dolgalev_2023,Nuclear_grade
Dolgalev_2023,LUAD,WXS,Dolgalev_2023,OS
Dolgalev_2023,LUAD,WXS,Dolgalev_2023,OS_status
Dolgalev_2023,LUAD,WXS,Dolgalev_2023,Pack_years
Dolgalev_2023,LUAD,WXS,Dolgalev_2023,Papillary percentage
Dolgalev_2023,LUAD,WXS,Dolgalev_2023,PFS
Dolgalev_2023,LUAD,WXS,Dolgalev_2023,PFS_status
Dolgalev_2023,LUAD,WXS,Dolgalev_2023,Pleural_invasion
Dolgalev_2023,LUAD,WXS,Dolgalev_2023,5 years progression
Dolgalev_2023,LUAD,WXS,Dolgalev_2023,5 years progression type
Dolgalev_2023,LUAD,WXS,Dolgalev_2023,Progression type code
Dolgalev_2023,LUAD,WXS,Dolgalev_2023,Progression type
Dolgalev_2023,LUAD,WXS,Dolgalev_2023,Race
Dolgalev_2023,LUAD,WXS,Dolgalev_2023,5 years recurrence
Dolgalev_2023,LUAD,WXS,Dolgalev_2023,RFS_status
Dolgalev_2023,LUAD,WXS,Dolgalev_2023,Size_cm
Dolgalev_2023,LUAD,WXS,Dolgalev_2023,Smoking_status
Dolgalev_2023,LUAD,WXS,Dolgalev_2023,Solid percentage
Dolgalev_2023,LUAD,WXS,Dolgalev_2023,Stage
Dolgalev_2023,LUAD,WXS,Dolgalev_2023,STAS
Dolgalev_2023,LUAD,WXS,Dolgalev_2023,Tumor/Normal
Dolgalev_2023,LUAD,WXS,Dolgalev_2023,Cancer type
Eisner_2023,LUAD,RNA-seq,Eisner_2023,Chemotherapy
Eisner_2023,LUAD,RNA-seq,Eisner_2023,Classical_r_subtype
Eisner_2023,LUAD,RNA-seq,Eisner_2023,MP_r_subtype
Eisner_2023,LUAD,RNA-seq,Eisner_2023,Tumor/Normal
Eisner_2023,LUAD,RNA-seq,Eisner_2023,Cancer type
Gardner_2017,SCLC,WXS,Gardner_2017,Classical_m_score
Gardner_2017,SCLC,WXS,Gardner_2017,Classical_m_subtype
Gardner_2017,SCLC,WXS,Gardner_2017,Driver_subtype
Gardner_2017,SCLC,WXS,Gardner_2017,Primary/metastasis
Gardner_2017,SCLC,WXS,Gardner_2017,Ethnicity
Gardner_2017,SCLC,WXS,Gardner_2017,Gender
Gardner_2017,SCLC,WXS,Gardner_2017,MP_m_score
Gardner_2017,SCLC,WXS,Gardner_2017,MP_m_subtype
Gardner_2017,SCLC,WXS,Gardner_2017,OS
Gardner_2017,SCLC,WXS,Gardner_2017,OS_status
Gardner_2017,SCLC,WXS,Gardner_2017,Race
Gardner_2017,SCLC,WXS,Gardner_2017,Sample_type
Gardner_2017,SCLC,WXS,Gardner_2017,Somatic_status
Gardner_2017,SCLC,WXS,Gardner_2017,Specimen_type
Gardner_2017,SCLC,WXS,Gardner_2017,Stage
Gardner_2017,SCLC,WXS,Gardner_2017,Tissue_site
Gardner_2017,SCLC,WXS,Gardner_2017,TMB_nonsynonymous
Gardner_2017,SCLC,WXS,Gardner_2017,Tumor/Normal
Gardner_2017,SCLC,WXS,Gardner_2017,Cancer type
Gay_2021,SCLC,RNA-seq,Gay_2021,Classical_r_subtype
Gay_2021,SCLC,RNA-seq,Gay_2021,MP_r_subtype
Gay_2021,SCLC,RNA-seq,Gay_2021,Tumor/Normal
Gay_2021,SCLC,RNA-seq,Gay_2021,Cancer type
Gentles-bulk_2020,LUAD,RNA-seq,Gentles-bulkLUAD_2020,Classical_r_subtype
Gentles-bulk_2020,LUAD,RNA-seq,Gentles-bulkLUAD_2020,Primary/metastasis
Gentles-bulk_2020,LUAD,RNA-seq,Gentles-bulkLUAD_2020,MP_r_subtype
Gentles-bulk_2020,LUAD,RNA-seq,Gentles-bulkLUAD_2020,Tumor/Normal
Gentles-bulk_2020,LUAD,RNA-seq,Gentles-bulkLUAD_2020,Cancer type
Gentles-bulk_2020,LUSC,RNA-seq,Gentles-bulkLUSC_2020,Classical_r_subtype
Gentles-bulk_2020,LUSC,RNA-seq,Gentles-bulkLUSC_2020,Primary/metastasis
Gentles-bulk_2020,LUSC,RNA-seq,Gentles-bulkLUSC_2020,MP_r_subtype
Gentles-bulk_2020,LUSC,RNA-seq,Gentles-bulkLUSC_2020,Tumor/Normal
Gentles-bulk_2020,LUSC,RNA-seq,Gentles-bulkLUSC_2020,Cancer type
Gentles-malign_2020,LUAD,RNA-seq,Gentles-malignLUAD_2020,Classical_r_subtype
Gentles-malign_2020,LUAD,RNA-seq,Gentles-malignLUAD_2020,Primary/metastasis
Gentles-malign_2020,LUAD,RNA-seq,Gentles-malignLUAD_2020,MP_r_subtype
Gentles-malign_2020,LUAD,RNA-seq,Gentles-malignLUAD_2020,Tumor/Normal
Gentles-malign_2020,LUAD,RNA-seq,Gentles-malignLUAD_2020,Cancer type
Gentles-malign_2020,LUSC,RNA-seq,Gentles-malignLUSC_2020,Classical_r_subtype
Gentles-malign_2020,LUSC,RNA-seq,Gentles-malignLUSC_2020,Primary/metastasis
Gentles-malign_2020,LUSC,RNA-seq,Gentles-malignLUSC_2020,MP_r_subtype
Gentles-malign_2020,LUSC,RNA-seq,Gentles-malignLUSC_2020,Tumor/Normal
Gentles-malign_2020,LUSC,RNA-seq,Gentles-malignLUSC_2020,Cancer type
George_2015,SCLC,RNA-seq,George_2015,Age
George_2015,SCLC,RNA-seq,George_2015,Chemotherapy
George_2015,SCLC,RNA-seq,George_2015,Chemotherapy NEO-ADJUVANT
George_2015,SCLC,RNA-seq,George_2015,Classical_m_score
George_2015,SCLC,RNA-seq,George_2015,Classical_m_subtype
George_2015,SCLC,RNA-seq,George_2015,Classical_r_subtype
George_2015,SCLC,RNA-seq,George_2015,Primary/metastasis
George_2015,SCLC,RNA-seq,George_2015,Gender
George_2015,SCLC,RNA-seq,George_2015,Histology type
George_2015,SCLC,RNA-seq,George_2015,MP_m_score
George_2015,SCLC,RNA-seq,George_2015,MP_m_subtype
George_2015,SCLC,RNA-seq,George_2015,MP_r_subtype
George_2015,SCLC,RNA-seq,George_2015,OS
George_2015,SCLC,RNA-seq,George_2015,OS_status
George_2015,SCLC,RNA-seq,George_2015,Pack_years
George_2015,SCLC,RNA-seq,George_2015,Pathology review 2
George_2015,SCLC,RNA-seq,George_2015,Pathology review 3
George_2015,SCLC,RNA-seq,George_2015,PFS
George_2015,SCLC,RNA-seq,George_2015,Race
George_2015,SCLC,RNA-seq,George_2015,Radiation
George_2015,SCLC,RNA-seq,George_2015,Relapse
George_2015,SCLC,RNA-seq,George_2015,RNA-seq
George_2015,SCLC,RNA-seq,George_2015,Smoking_status
George_2015,SCLC,RNA-seq,George_2015,SNP6_0
George_2015,SCLC,RNA-seq,George_2015,Stage
George_2015,SCLC,RNA-seq,George_2015,M_stage
George_2015,SCLC,RNA-seq,George_2015,N_stage
George_2015,SCLC,RNA-seq,George_2015,T_stage
George_2015,SCLC,RNA-seq,George_2015,Targeted sequencing
George_2015,SCLC,RNA-seq,George_2015,Tissue sampling
George_2015,SCLC,RNA-seq,George_2015,Tumor/Normal
George_2015,SCLC,RNA-seq,George_2015,TNM
George_2015,SCLC,RNA-seq,George_2015,Cancer type
George_2015,SCLC,RNA-seq,George_2015,WES
George_2015,SCLC,RNA-seq,George_2015,WGS
George_2015,SCLC,WXS,George_2015,Age
George_2015,SCLC,WXS,George_2015,Chemotherapy
George_2015,SCLC,WXS,George_2015,Chemotherapy NEO-ADJUVANT
George_2015,SCLC,WXS,George_2015,Classical_m_score
George_2015,SCLC,WXS,George_2015,Classical_m_subtype
George_2015,SCLC,WXS,George_2015,Classical_r_subtype
George_2015,SCLC,WXS,George_2015,Driver_subtype
George_2015,SCLC,WXS,George_2015,Primary/metastasis
George_2015,SCLC,WXS,George_2015,Gender
George_2015,SCLC,WXS,George_2015,Histology type
George_2015,SCLC,WXS,George_2015,MP_m_score
George_2015,SCLC,WXS,George_2015,MP_m_subtype
George_2015,SCLC,WXS,George_2015,MP_r_subtype
George_2015,SCLC,WXS,George_2015,Normal type
George_2015,SCLC,WXS,George_2015,OS
George_2015,SCLC,WXS,George_2015,OS_status
George_2015,SCLC,WXS,George_2015,PFS
George_2015,SCLC,WXS,George_2015,Race
George_2015,SCLC,WXS,George_2015,Radiation
George_2015,SCLC,WXS,George_2015,Relapse
George_2015,SCLC,WXS,George_2015,RNA-seq
George_2015,SCLC,WXS,George_2015,Smoking_status
George_2015,SCLC,WXS,George_2015,SNP6_0
George_2015,SCLC,WXS,George_2015,Stage
George_2015,SCLC,WXS,George_2015,M_stage
George_2015,SCLC,WXS,George_2015,N_stage
George_2015,SCLC,WXS,George_2015,T_stage
George_2015,SCLC,WXS,George_2015,Targeted sequencing
George_2015,SCLC,WXS,George_2015,Tissue sampling
George_2015,SCLC,WXS,George_2015,Tumor/Normal
George_2015,SCLC,WXS,George_2015,TNM
George_2015,SCLC,WXS,George_2015,Tumor
George_2015,SCLC,WXS,George_2015,Cancer type
George_2015,SCLC,WXS,George_2015,WES
George_2015,SCLC,WXS,George_2015,WGS
George_2024,SCLC,RNA-seq,George_2024,1st line chemotherapy
George_2024,SCLC,RNA-seq,George_2024,2nd line treatment
George_2024,SCLC,RNA-seq,George_2024,3rd line and additional treatment
George_2024,SCLC,RNA-seq,George_2024,Age
George_2024,SCLC,RNA-seq,George_2024,Chemotherapy
George_2024,SCLC,RNA-seq,George_2024,Chemotherapy_NEO-ADJUVANT
George_2024,SCLC,RNA-seq,George_2024,Classical_r_subtype
George_2024,SCLC,RNA-seq,George_2024,Primary/metastasis
George_2024,SCLC,RNA-seq,George_2024,Gender
George_2024,SCLC,RNA-seq,George_2024,Histology type
George_2024,SCLC,RNA-seq,George_2024,Immunotherapy
George_2024,SCLC,RNA-seq,George_2024,M_stage
George_2024,SCLC,RNA-seq,George_2024,MP_r_subtype
George_2024,SCLC,RNA-seq,George_2024,N_stage
George_2024,SCLC,RNA-seq,George_2024,New_metastatic_site
George_2024,SCLC,RNA-seq,George_2024,Origin
George_2024,SCLC,RNA-seq,George_2024,OS
George_2024,SCLC,RNA-seq,George_2024,OS_status
George_2024,SCLC,RNA-seq,George_2024,Pack_years
George_2024,SCLC,RNA-seq,George_2024,PFS
George_2024,SCLC,RNA-seq,George_2024,Progression_free_survival_days
George_2024,SCLC,RNA-seq,George_2024,Radiation
George_2024,SCLC,RNA-seq,George_2024,Response: 2nd_line_treatment
George_2024,SCLC,RNA-seq,George_2024,Response: 3rd_line_and_additional_treatment
George_2024,SCLC,RNA-seq,George_2024,Response: first-line_platinum-based_chemotherapy
George_2024,SCLC,RNA-seq,George_2024,Sequencing
George_2024,SCLC,RNA-seq,George_2024,Site
George_2024,SCLC,RNA-seq,George_2024,Site radiation
George_2024,SCLC,RNA-seq,George_2024,Site_expose_Rx
George_2024,SCLC,RNA-seq,George_2024,Smoking_status
George_2024,SCLC,RNA-seq,George_2024,Stage
George_2024,SCLC,RNA-seq,George_2024,Status
George_2024,SCLC,RNA-seq,George_2024,Surgery
George_2024,SCLC,RNA-seq,George_2024,T_stage
George_2024,SCLC,RNA-seq,George_2024,Targeted_therapy
George_2024,SCLC,RNA-seq,George_2024,Timepoint
George_2024,SCLC,RNA-seq,George_2024,Tumor/Normal
George_2024,SCLC,RNA-seq,George_2024,Cancer type
George_2024,SCLC,RNA-seq,George_2024,Type_1st_line_chemotherapy_cycles
George_2024,SCLC,WXS,George_2024,1st line chemotherapy
George_2024,SCLC,WXS,George_2024,2nd line treatment
George_2024,SCLC,WXS,George_2024,3rd line and additional treatment
George_2024,SCLC,WXS,George_2024,Age
George_2024,SCLC,WXS,George_2024,Chemotherapy
George_2024,SCLC,WXS,George_2024,Chemotherapy NEO-ADJUVANT
George_2024,SCLC,WXS,George_2024,Classical_m_score
George_2024,SCLC,WXS,George_2024,Classical_m_subtype
George_2024,SCLC,WXS,George_2024,Driver_subtype
George_2024,SCLC,WXS,George_2024,Primary/metastasis
George_2024,SCLC,WXS,George_2024,Gender
George_2024,SCLC,WXS,George_2024,Histology type
George_2024,SCLC,WXS,George_2024,Immunotherapy
George_2024,SCLC,WXS,George_2024,M_stage
George_2024,SCLC,WXS,George_2024,MP_m_score
George_2024,SCLC,WXS,George_2024,MP_m_subtype
George_2024,SCLC,WXS,George_2024,N_stage
George_2024,SCLC,WXS,George_2024,OS
George_2024,SCLC,WXS,George_2024,OS_status
George_2024,SCLC,WXS,George_2024,Pack_years
George_2024,SCLC,WXS,George_2024,PFS
George_2024,SCLC,WXS,George_2024,Radiation
George_2024,SCLC,WXS,George_2024,Response: 2nd line treatment
George_2024,SCLC,WXS,George_2024,Response: 3rd line and additional treatment
George_2024,SCLC,WXS,George_2024,Response: first-line platinum-based chemotherapy
George_2024,SCLC,WXS,George_2024,Site radiation
George_2024,SCLC,WXS,George_2024,Smoking_status
George_2024,SCLC,WXS,George_2024,Stage
George_2024,SCLC,WXS,George_2024,Status
George_2024,SCLC,WXS,George_2024,Surgery
George_2024,SCLC,WXS,George_2024,T_stage
George_2024,SCLC,WXS,George_2024,Targeted_therapy
George_2024,SCLC,WXS,George_2024,Tumor/Normal
George_2024,SCLC,WXS,George_2024,TNM
George_2024,SCLC,WXS,George_2024,Cancer type
Gillette_2020,LUAD,Methylome,Gillette_2020,Age
Gillette_2020,LUAD,Methylome,Gillette_2020,ALK_fusion
Gillette_2020,LUAD,Methylome,Gillette_2020,ARAF_mut
Gillette_2020,LUAD,Methylome,Gillette_2020,ARAF_mut_type
Gillette_2020,LUAD,Methylome,Gillette_2020,BMI
Gillette_2020,LUAD,Methylome,Gillette_2020,BRAF_mut
Gillette_2020,LUAD,Methylome,Gillette_2020,BRAF_mut_type
Gillette_2020,LUAD,Methylome,Gillette_2020,Channel
Gillette_2020,LUAD,Methylome,Gillette_2020,Cigarettes_per_Day
Gillette_2020,LUAD,Methylome,Gillette_2020,Classical_m_score
Gillette_2020,LUAD,Methylome,Gillette_2020,Classical_m_subtype
Gillette_2020,LUAD,Methylome,Gillette_2020,Classical_meth_subtype
Gillette_2020,LUAD,Methylome,Gillette_2020,Classical_p_subtype
Gillette_2020,LUAD,Methylome,Gillette_2020,Classical_r_subtype
Gillette_2020,LUAD,Methylome,Gillette_2020,Country_of_Origin
Gillette_2020,LUAD,Methylome,Gillette_2020,DNP_GG_to_TT_or_CC_to_AA_Count_WGS
Gillette_2020,LUAD,Methylome,Gillette_2020,Dominant_Signature_Fraction_WGS_notSmoking
Gillette_2020,LUAD,Methylome,Gillette_2020,Dominant_Signature_WGS_notSmoking_50perc
Gillette_2020,LUAD,Methylome,Gillette_2020,Primary/metastasis
Gillette_2020,LUAD,Methylome,Gillette_2020,EGFR_mut
Gillette_2020,LUAD,Methylome,Gillette_2020,EGFR_mut_type
Gillette_2020,LUAD,Methylome,Gillette_2020,ERBB2_mut
Gillette_2020,LUAD,Methylome,Gillette_2020,ERBB2_mut_type
Gillette_2020,LUAD,Methylome,Gillette_2020,ESTIMATE ImmuneScore
Gillette_2020,LUAD,Methylome,Gillette_2020,ESTIMATE StromalScore
Gillette_2020,LUAD,Methylome,Gillette_2020,ESTIMATEScore
Gillette_2020,LUAD,Methylome,Gillette_2020,Experiment
Gillette_2020,LUAD,Methylome,Gillette_2020,Gender
Gillette_2020,LUAD,Methylome,Gillette_2020,Height_cm
Gillette_2020,LUAD,Methylome,Gillette_2020,Histology type
Gillette_2020,LUAD,Methylome,Gillette_2020,KEAP1_mut
Gillette_2020,LUAD,Methylome,Gillette_2020,KEAP1_mut_type
Gillette_2020,LUAD,Methylome,Gillette_2020,KRAS_mut
Gillette_2020,LUAD,Methylome,Gillette_2020,KRAS_mut_type
Gillette_2020,LUAD,Methylome,Gillette_2020,Methylation_QC
Gillette_2020,LUAD,Methylome,Gillette_2020,MP_m_score
Gillette_2020,LUAD,Methylome,Gillette_2020,MP_m_subtype
Gillette_2020,LUAD,Methylome,Gillette_2020,MP_mh_subtype
Gillette_2020,LUAD,Methylome,Gillette_2020,MP_ml_subtype
Gillette_2020,LUAD,Methylome,Gillette_2020,MP_p_subtype
Gillette_2020,LUAD,Methylome,Gillette_2020,MP_r_subtype
Gillette_2020,LUAD,Methylome,Gillette_2020,mRNA_stemness_index
Gillette_2020,LUAD,Methylome,Gillette_2020,Mutation_Count_ExcludingINDELs_WGS
Gillette_2020,LUAD,Methylome,Gillette_2020,Mutation_Signature_Activity_W1_COSMIC5
Gillette_2020,LUAD,Methylome,Gillette_2020,Mutation_Signature_Activity_W2_COSMIC4
Gillette_2020,LUAD,Methylome,Gillette_2020,Mutation_Signature_Activity_W3_COSMIC2
Gillette_2020,LUAD,Methylome,Gillette_2020,Number_somatic_mutations
Gillette_2020,LUAD,Methylome,Gillette_2020,Pack_years
Gillette_2020,LUAD,Methylome,Gillette_2020,Putative_driver_mutation
Gillette_2020,LUAD,Methylome,Gillette_2020,Race
Gillette_2020,LUAD,Methylome,Gillette_2020,RB1_mut
Gillette_2020,LUAD,Methylome,Gillette_2020,RB1_mut_type
Gillette_2020,LUAD,Methylome,Gillette_2020,Ref_meth_CIMP_subtype
Gillette_2020,LUAD,Methylome,Gillette_2020,Ref_RNA_Classical_subtype
Gillette_2020,LUAD,Methylome,Gillette_2020,Ref_RNA_NMF
Gillette_2020,LUAD,Methylome,Gillette_2020,Ref_RNA_NMF_membership
Gillette_2020,LUAD,Methylome,Gillette_2020,Region_of_Origin
Gillette_2020,LUAD,Methylome,Gillette_2020,RET_fusion
Gillette_2020,LUAD,Methylome,Gillette_2020,ROS1_fusion
Gillette_2020,LUAD,Methylome,Gillette_2020,Secondhand_Smoke
Gillette_2020,LUAD,Methylome,Gillette_2020,Smoking_status
Gillette_2020,LUAD,Methylome,Gillette_2020,Smoking_History
Gillette_2020,LUAD,Methylome,Gillette_2020,Smoking_Score_WGS
Gillette_2020,LUAD,Methylome,Gillette_2020,Smoking_Signature_Fraction_WGS
Gillette_2020,LUAD,Methylome,Gillette_2020,Stage
Gillette_2020,LUAD,Methylome,Gillette_2020,STK11_mut
Gillette_2020,LUAD,Methylome,Gillette_2020,STK11_mut_type
Gillette_2020,LUAD,Methylome,Gillette_2020,Tumor/Normal
Gillette_2020,LUAD,Methylome,Gillette_2020,Total_DNP_Count_WGS
Gillette_2020,LUAD,Methylome,Gillette_2020,Total_Mutation_Count_WGS
Gillette_2020,LUAD,Methylome,Gillette_2020,TP53_mut
Gillette_2020,LUAD,Methylome,Gillette_2020,TP53_mut_type
Gillette_2020,LUAD,Methylome,Gillette_2020,TSNet Purity
Gillette_2020,LUAD,Methylome,Gillette_2020,Tumor_Purity_byESTIMATE_RNAseq
Gillette_2020,LUAD,Methylome,Gillette_2020,Cancer type
Gillette_2020,LUAD,Methylome,Gillette_2020,Weight_kg
Gillette_2020,LUAD,Proteomics,Gillette_2020,Age
Gillette_2020,LUAD,Proteomics,Gillette_2020,ALK_fusion
Gillette_2020,LUAD,Proteomics,Gillette_2020,ARAF_mut
Gillette_2020,LUAD,Proteomics,Gillette_2020,ARAF_mut_type
Gillette_2020,LUAD,Proteomics,Gillette_2020,BMI
Gillette_2020,LUAD,Proteomics,Gillette_2020,BRAF_mut
Gillette_2020,LUAD,Proteomics,Gillette_2020,BRAF_mut_type
Gillette_2020,LUAD,Proteomics,Gillette_2020,Channel
Gillette_2020,LUAD,Proteomics,Gillette_2020,Cigarettes_per_Day
Gillette_2020,LUAD,Proteomics,Gillette_2020,Classical_m_score
Gillette_2020,LUAD,Proteomics,Gillette_2020,Classical_m_subtype
Gillette_2020,LUAD,Proteomics,Gillette_2020,Classical_meth_subtype
Gillette_2020,LUAD,Proteomics,Gillette_2020,Classical_p_subtype
Gillette_2020,LUAD,Proteomics,Gillette_2020,Classical_r_subtype
Gillette_2020,LUAD,Proteomics,Gillette_2020,Country_of_Origin
Gillette_2020,LUAD,Proteomics,Gillette_2020,DNP_GG_to_TT_or_CC_to_AA_Count_WGS
Gillette_2020,LUAD,Proteomics,Gillette_2020,Dominant_Signature_Fraction_WGS_notSmoking
Gillette_2020,LUAD,Proteomics,Gillette_2020,Dominant_Signature_WGS_notSmoking_50perc
Gillette_2020,LUAD,Proteomics,Gillette_2020,Primary/metastasis
Gillette_2020,LUAD,Proteomics,Gillette_2020,EGFR_mut
Gillette_2020,LUAD,Proteomics,Gillette_2020,EGFR_mut_type
Gillette_2020,LUAD,Proteomics,Gillette_2020,ERBB2_mut
Gillette_2020,LUAD,Proteomics,Gillette_2020,ERBB2_mut_type
Gillette_2020,LUAD,Proteomics,Gillette_2020,ESTIMATE ImmuneScore
Gillette_2020,LUAD,Proteomics,Gillette_2020,ESTIMATE StromalScore
Gillette_2020,LUAD,Proteomics,Gillette_2020,ESTIMATEScore
Gillette_2020,LUAD,Proteomics,Gillette_2020,Experiment
Gillette_2020,LUAD,Proteomics,Gillette_2020,Gender
Gillette_2020,LUAD,Proteomics,Gillette_2020,Height_cm
Gillette_2020,LUAD,Proteomics,Gillette_2020,Histology type
Gillette_2020,LUAD,Proteomics,Gillette_2020,KEAP1_mut
Gillette_2020,LUAD,Proteomics,Gillette_2020,KEAP1_mut_type
Gillette_2020,LUAD,Proteomics,Gillette_2020,KRAS_mut
Gillette_2020,LUAD,Proteomics,Gillette_2020,KRAS_mut_type
Gillette_2020,LUAD,Proteomics,Gillette_2020,Methylation_QC
Gillette_2020,LUAD,Proteomics,Gillette_2020,MP_m_score
Gillette_2020,LUAD,Proteomics,Gillette_2020,MP_m_subtype
Gillette_2020,LUAD,Proteomics,Gillette_2020,MP_mh_subtype
Gillette_2020,LUAD,Proteomics,Gillette_2020,MP_ml_subtype
Gillette_2020,LUAD,Proteomics,Gillette_2020,MP_p_subtype
Gillette_2020,LUAD,Proteomics,Gillette_2020,MP_r_subtype
Gillette_2020,LUAD,Proteomics,Gillette_2020,mRNA_stemness_index
Gillette_2020,LUAD,Proteomics,Gillette_2020,Mutation_Count_ExcludingINDELs_WGS
Gillette_2020,LUAD,Proteomics,Gillette_2020,Mutation_Signature_Activity_W1_COSMIC5
Gillette_2020,LUAD,Proteomics,Gillette_2020,Mutation_Signature_Activity_W2_COSMIC4
Gillette_2020,LUAD,Proteomics,Gillette_2020,Mutation_Signature_Activity_W3_COSMIC2
Gillette_2020,LUAD,Proteomics,Gillette_2020,Number_somatic_mutations
Gillette_2020,LUAD,Proteomics,Gillette_2020,Pack_years
Gillette_2020,LUAD,Proteomics,Gillette_2020,Protein_CC_subtype
Gillette_2020,LUAD,Proteomics,Gillette_2020,Putative_driver_mutation
Gillette_2020,LUAD,Proteomics,Gillette_2020,Race
Gillette_2020,LUAD,Proteomics,Gillette_2020,RB1_mut
Gillette_2020,LUAD,Proteomics,Gillette_2020,RB1_mut_type
Gillette_2020,LUAD,Proteomics,Gillette_2020,Ref_meth_CIMP_subtype
Gillette_2020,LUAD,Proteomics,Gillette_2020,Ref_RNA_Classical_subtype
Gillette_2020,LUAD,Proteomics,Gillette_2020,Ref_RNA_NMF
Gillette_2020,LUAD,Proteomics,Gillette_2020,Ref_RNA_NMF_membership
Gillette_2020,LUAD,Proteomics,Gillette_2020,Region_of_Origin
Gillette_2020,LUAD,Proteomics,Gillette_2020,RET_fusion
Gillette_2020,LUAD,Proteomics,Gillette_2020,ROS1_fusion
Gillette_2020,LUAD,Proteomics,Gillette_2020,Secondhand_Smoke
Gillette_2020,LUAD,Proteomics,Gillette_2020,Smoking_status
Gillette_2020,LUAD,Proteomics,Gillette_2020,Smoking_History
Gillette_2020,LUAD,Proteomics,Gillette_2020,Smoking_Score_WGS
Gillette_2020,LUAD,Proteomics,Gillette_2020,Smoking_Signature_Fraction_WGS
Gillette_2020,LUAD,Proteomics,Gillette_2020,Stage
Gillette_2020,LUAD,Proteomics,Gillette_2020,STK11_mut
Gillette_2020,LUAD,Proteomics,Gillette_2020,STK11_mut_type
Gillette_2020,LUAD,Proteomics,Gillette_2020,Tumor/Normal
Gillette_2020,LUAD,Proteomics,Gillette_2020,Total_DNP_Count_WGS
Gillette_2020,LUAD,Proteomics,Gillette_2020,Total_Mutation_Count_WGS
Gillette_2020,LUAD,Proteomics,Gillette_2020,TP53_mut
Gillette_2020,LUAD,Proteomics,Gillette_2020,TP53_mut_type
Gillette_2020,LUAD,Proteomics,Gillette_2020,TSNet Purity
Gillette_2020,LUAD,Proteomics,Gillette_2020,Tumor_Purity_byESTIMATE_RNAseq
Gillette_2020,LUAD,Proteomics,Gillette_2020,Cancer type
Gillette_2020,LUAD,Proteomics,Gillette_2020,Weight_kg
Gillette_2020,LUAD,RNA-seq,Gillette_2020,Age
Gillette_2020,LUAD,RNA-seq,Gillette_2020,ALK_fusion
Gillette_2020,LUAD,RNA-seq,Gillette_2020,ARAF_mut
Gillette_2020,LUAD,RNA-seq,Gillette_2020,ARAF_mut_type
Gillette_2020,LUAD,RNA-seq,Gillette_2020,BMI
Gillette_2020,LUAD,RNA-seq,Gillette_2020,BRAF_mut
Gillette_2020,LUAD,RNA-seq,Gillette_2020,BRAF_mut_type
Gillette_2020,LUAD,RNA-seq,Gillette_2020,Channel
Gillette_2020,LUAD,RNA-seq,Gillette_2020,Cigarettes_per_Day
Gillette_2020,LUAD,RNA-seq,Gillette_2020,Classical_m_score
Gillette_2020,LUAD,RNA-seq,Gillette_2020,Classical_m_subtype
Gillette_2020,LUAD,RNA-seq,Gillette_2020,Classical_meth_subtype
Gillette_2020,LUAD,RNA-seq,Gillette_2020,Classical_p_subtype
Gillette_2020,LUAD,RNA-seq,Gillette_2020,Classical_r_subtype
Gillette_2020,LUAD,RNA-seq,Gillette_2020,Country_of_Origin
Gillette_2020,LUAD,RNA-seq,Gillette_2020,DNP_GG_to_TT_or_CC_to_AA_Count_WGS
Gillette_2020,LUAD,RNA-seq,Gillette_2020,Dominant_Signature_Fraction_WGS_notSmoking
Gillette_2020,LUAD,RNA-seq,Gillette_2020,Dominant_Signature_WGS_notSmoking_50perc
Gillette_2020,LUAD,RNA-seq,Gillette_2020,Primary/metastasis
Gillette_2020,LUAD,RNA-seq,Gillette_2020,EGFR_mut
Gillette_2020,LUAD,RNA-seq,Gillette_2020,EGFR_mut_type
Gillette_2020,LUAD,RNA-seq,Gillette_2020,ERBB2_mut
Gillette_2020,LUAD,RNA-seq,Gillette_2020,ERBB2_mut_type
Gillette_2020,LUAD,RNA-seq,Gillette_2020,ESTIMATE ImmuneScore
Gillette_2020,LUAD,RNA-seq,Gillette_2020,ESTIMATE StromalScore
Gillette_2020,LUAD,RNA-seq,Gillette_2020,ESTIMATEScore
Gillette_2020,LUAD,RNA-seq,Gillette_2020,Experiment
Gillette_2020,LUAD,RNA-seq,Gillette_2020,Gender
Gillette_2020,LUAD,RNA-seq,Gillette_2020,Height_cm
Gillette_2020,LUAD,RNA-seq,Gillette_2020,Histology type
Gillette_2020,LUAD,RNA-seq,Gillette_2020,KEAP1_mut
Gillette_2020,LUAD,RNA-seq,Gillette_2020,KEAP1_mut_type
Gillette_2020,LUAD,RNA-seq,Gillette_2020,KRAS_mut
Gillette_2020,LUAD,RNA-seq,Gillette_2020,KRAS_mut_type
Gillette_2020,LUAD,RNA-seq,Gillette_2020,Methylation_QC
Gillette_2020,LUAD,RNA-seq,Gillette_2020,MP_m_score
Gillette_2020,LUAD,RNA-seq,Gillette_2020,MP_m_subtype
Gillette_2020,LUAD,RNA-seq,Gillette_2020,MP_mh_subtype
Gillette_2020,LUAD,RNA-seq,Gillette_2020,MP_ml_subtype
Gillette_2020,LUAD,RNA-seq,Gillette_2020,MP_p_subtype
Gillette_2020,LUAD,RNA-seq,Gillette_2020,MP_r_subtype
Gillette_2020,LUAD,RNA-seq,Gillette_2020,mRNA_stemness_index
Gillette_2020,LUAD,RNA-seq,Gillette_2020,Mutation_Count_ExcludingINDELs_WGS
Gillette_2020,LUAD,RNA-seq,Gillette_2020,Mutation_Signature_Activity_W1_COSMIC5
Gillette_2020,LUAD,RNA-seq,Gillette_2020,Mutation_Signature_Activity_W2_COSMIC4
Gillette_2020,LUAD,RNA-seq,Gillette_2020,Mutation_Signature_Activity_W3_COSMIC2
Gillette_2020,LUAD,RNA-seq,Gillette_2020,Number_somatic_mutations
Gillette_2020,LUAD,RNA-seq,Gillette_2020,Pack_years
Gillette_2020,LUAD,RNA-seq,Gillette_2020,Putative_driver_mutation
Gillette_2020,LUAD,RNA-seq,Gillette_2020,Race
Gillette_2020,LUAD,RNA-seq,Gillette_2020,RB1_mut
Gillette_2020,LUAD,RNA-seq,Gillette_2020,RB1_mut_type
Gillette_2020,LUAD,RNA-seq,Gillette_2020,Ref_meth_CIMP_subtype
Gillette_2020,LUAD,RNA-seq,Gillette_2020,Ref_RNA_Classical_subtype
Gillette_2020,LUAD,RNA-seq,Gillette_2020,Ref_RNA_NMF
Gillette_2020,LUAD,RNA-seq,Gillette_2020,Ref_RNA_NMF_membership
Gillette_2020,LUAD,RNA-seq,Gillette_2020,Region_of_Origin
Gillette_2020,LUAD,RNA-seq,Gillette_2020,RET_fusion
Gillette_2020,LUAD,RNA-seq,Gillette_2020,ROS1_fusion
Gillette_2020,LUAD,RNA-seq,Gillette_2020,Secondhand_Smoke
Gillette_2020,LUAD,RNA-seq,Gillette_2020,Smoking_status
Gillette_2020,LUAD,RNA-seq,Gillette_2020,Smoking_History
Gillette_2020,LUAD,RNA-seq,Gillette_2020,Smoking_Score_WGS
Gillette_2020,LUAD,RNA-seq,Gillette_2020,Smoking_Signature_Fraction_WGS
Gillette_2020,LUAD,RNA-seq,Gillette_2020,Stage
Gillette_2020,LUAD,RNA-seq,Gillette_2020,STK11_mut
Gillette_2020,LUAD,RNA-seq,Gillette_2020,STK11_mut_type
Gillette_2020,LUAD,RNA-seq,Gillette_2020,Tumor/Normal
Gillette_2020,LUAD,RNA-seq,Gillette_2020,Total_DNP_Count_WGS
Gillette_2020,LUAD,RNA-seq,Gillette_2020,Total_Mutation_Count_WGS
Gillette_2020,LUAD,RNA-seq,Gillette_2020,TP53_mut
Gillette_2020,LUAD,RNA-seq,Gillette_2020,TP53_mut_type
Gillette_2020,LUAD,RNA-seq,Gillette_2020,TSNet Purity
Gillette_2020,LUAD,RNA-seq,Gillette_2020,Tumor_Purity_byESTIMATE_RNAseq
Gillette_2020,LUAD,RNA-seq,Gillette_2020,Cancer type
Gillette_2020,LUAD,RNA-seq,Gillette_2020,Weight_kg
Gillette_2020,LUAD,WXS,Gillette_2020,Age
Gillette_2020,LUAD,WXS,Gillette_2020,ALK_fusion
Gillette_2020,LUAD,WXS,Gillette_2020,ARAF_mut
Gillette_2020,LUAD,WXS,Gillette_2020,ARAF_mut_type
Gillette_2020,LUAD,WXS,Gillette_2020,BMI
Gillette_2020,LUAD,WXS,Gillette_2020,BRAF_mut
Gillette_2020,LUAD,WXS,Gillette_2020,BRAF_mut_type
Gillette_2020,LUAD,WXS,Gillette_2020,Channel
Gillette_2020,LUAD,WXS,Gillette_2020,Cigarettes_per_Day
Gillette_2020,LUAD,WXS,Gillette_2020,Classical_m_score
Gillette_2020,LUAD,WXS,Gillette_2020,Classical_m_subtype
Gillette_2020,LUAD,WXS,Gillette_2020,Classical_meth_subtype
Gillette_2020,LUAD,WXS,Gillette_2020,Classical_p_subtype
Gillette_2020,LUAD,WXS,Gillette_2020,Classical_r_subtype
Gillette_2020,LUAD,WXS,Gillette_2020,Country_of_Origin
Gillette_2020,LUAD,WXS,Gillette_2020,DNP_GG_to_TT_or_CC_to_AA_Count_WGS
Gillette_2020,LUAD,WXS,Gillette_2020,Dominant_Signature_Fraction_WGS_notSmoking
Gillette_2020,LUAD,WXS,Gillette_2020,Dominant_Signature_WGS_notSmoking_50perc
Gillette_2020,LUAD,WXS,Gillette_2020,Driver_subtype
Gillette_2020,LUAD,WXS,Gillette_2020,Primary/metastasis
Gillette_2020,LUAD,WXS,Gillette_2020,EGFR_mut
Gillette_2020,LUAD,WXS,Gillette_2020,EGFR_mut_type
Gillette_2020,LUAD,WXS,Gillette_2020,ERBB2_mut
Gillette_2020,LUAD,WXS,Gillette_2020,ERBB2_mut_type
Gillette_2020,LUAD,WXS,Gillette_2020,ESTIMATE ImmuneScore
Gillette_2020,LUAD,WXS,Gillette_2020,ESTIMATE StromalScore
Gillette_2020,LUAD,WXS,Gillette_2020,ESTIMATEScore
Gillette_2020,LUAD,WXS,Gillette_2020,Experiment
Gillette_2020,LUAD,WXS,Gillette_2020,Gender
Gillette_2020,LUAD,WXS,Gillette_2020,Height_cm
Gillette_2020,LUAD,WXS,Gillette_2020,Histology type
Gillette_2020,LUAD,WXS,Gillette_2020,KEAP1_mut
Gillette_2020,LUAD,WXS,Gillette_2020,KEAP1_mut_type
Gillette_2020,LUAD,WXS,Gillette_2020,KRAS_mut
Gillette_2020,LUAD,WXS,Gillette_2020,KRAS_mut_type
Gillette_2020,LUAD,WXS,Gillette_2020,Methylation_QC
Gillette_2020,LUAD,WXS,Gillette_2020,MP_m_score
Gillette_2020,LUAD,WXS,Gillette_2020,MP_m_subtype
Gillette_2020,LUAD,WXS,Gillette_2020,MP_mh_subtype
Gillette_2020,LUAD,WXS,Gillette_2020,MP_ml_subtype
Gillette_2020,LUAD,WXS,Gillette_2020,MP_p_subtype
Gillette_2020,LUAD,WXS,Gillette_2020,MP_r_subtype
Gillette_2020,LUAD,WXS,Gillette_2020,mRNA_stemness_index
Gillette_2020,LUAD,WXS,Gillette_2020,Mutation_Count_ExcludingINDELs_WGS
Gillette_2020,LUAD,WXS,Gillette_2020,Mutation_Signature_Activity_W1_COSMIC5
Gillette_2020,LUAD,WXS,Gillette_2020,Mutation_Signature_Activity_W2_COSMIC4
Gillette_2020,LUAD,WXS,Gillette_2020,Mutation_Signature_Activity_W3_COSMIC2
Gillette_2020,LUAD,WXS,Gillette_2020,Number_somatic_mutations
Gillette_2020,LUAD,WXS,Gillette_2020,Pack_years
Gillette_2020,LUAD,WXS,Gillette_2020,Putative_driver_mutation
Gillette_2020,LUAD,WXS,Gillette_2020,Race
Gillette_2020,LUAD,WXS,Gillette_2020,RB1_mut
Gillette_2020,LUAD,WXS,Gillette_2020,RB1_mut_type
Gillette_2020,LUAD,WXS,Gillette_2020,Ref_meth_CIMP_subtype
Gillette_2020,LUAD,WXS,Gillette_2020,Ref_RNA_Classical_subtype
Gillette_2020,LUAD,WXS,Gillette_2020,Ref_RNA_NMF
Gillette_2020,LUAD,WXS,Gillette_2020,Ref_RNA_NMF_membership
Gillette_2020,LUAD,WXS,Gillette_2020,Region_of_Origin
Gillette_2020,LUAD,WXS,Gillette_2020,RET_fusion
Gillette_2020,LUAD,WXS,Gillette_2020,ROS1_fusion
Gillette_2020,LUAD,WXS,Gillette_2020,Secondhand_Smoke
Gillette_2020,LUAD,WXS,Gillette_2020,Smoking_status
Gillette_2020,LUAD,WXS,Gillette_2020,Smoking_History
Gillette_2020,LUAD,WXS,Gillette_2020,Smoking_Score_WGS
Gillette_2020,LUAD,WXS,Gillette_2020,Smoking_Signature_Fraction_WGS
Gillette_2020,LUAD,WXS,Gillette_2020,Stage
Gillette_2020,LUAD,WXS,Gillette_2020,STK11_mut
Gillette_2020,LUAD,WXS,Gillette_2020,STK11_mut_type
Gillette_2020,LUAD,WXS,Gillette_2020,Tumor/Normal
Gillette_2020,LUAD,WXS,Gillette_2020,Total_DNP_Count_WGS
Gillette_2020,LUAD,WXS,Gillette_2020,Total_Mutation_Count_WGS
Gillette_2020,LUAD,WXS,Gillette_2020,TP53_mut
Gillette_2020,LUAD,WXS,Gillette_2020,TP53_mut_type
Gillette_2020,LUAD,WXS,Gillette_2020,TSNet Purity
Gillette_2020,LUAD,WXS,Gillette_2020,Tumor_Purity_byESTIMATE_RNAseq
Gillette_2020,LUAD,WXS,Gillette_2020,Cancer type
Gillette_2020,LUAD,WXS,Gillette_2020,Weight_kg
Gurule_2021,LUAD,RNA-seq,Gurule_2021,Classical_r_subtype
Gurule_2021,LUAD,RNA-seq,Gurule_2021,Co-mutations
Gurule_2021,LUAD,RNA-seq,Gurule_2021,EGFR_mut_type
Gurule_2021,LUAD,RNA-seq,Gurule_2021,EGFR_TKI
Gurule_2021,LUAD,RNA-seq,Gurule_2021,MP_r_subtype
Gurule_2021,LUAD,RNA-seq,Gurule_2021,PFS
Gurule_2021,LUAD,RNA-seq,Gurule_2021,Smoking_status
Gurule_2021,LUAD,RNA-seq,Gurule_2021,Targeted_therapy
Gurule_2021,LUAD,RNA-seq,Gurule_2021,Time_on_treatment_days
Gurule_2021,LUAD,RNA-seq,Gurule_2021,Tumor/Normal
Gurule_2021,LUAD,RNA-seq,Gurule_2021,TP53_mut
Gurule_2021,LUAD,RNA-seq,Gurule_2021,Treatment
Gurule_2021,LUAD,RNA-seq,Gurule_2021,Cancer type
Haga_2023,LUAD,Methylome,Haga_2023,Age
Haga_2023,LUAD,Methylome,Haga_2023,Blinkman_index
Haga_2023,LUAD,Methylome,Haga_2023,Classical_meth_subtype
Haga_2023,LUAD,Methylome,Haga_2023,Classical_r_subtype
Haga_2023,LUAD,Methylome,Haga_2023,Data_source
Haga_2023,LUAD,Methylome,Haga_2023,Primary/metastasis
Haga_2023,LUAD,Methylome,Haga_2023,Gender
Haga_2023,LUAD,Methylome,Haga_2023,Histology type
Haga_2023,LUAD,Methylome,Haga_2023,Histology early type
Haga_2023,LUAD,Methylome,Haga_2023,MP_mh_subtype
Haga_2023,LUAD,Methylome,Haga_2023,MP_ml_subtype
Haga_2023,LUAD,Methylome,Haga_2023,MP_r_subtype
Haga_2023,LUAD,Methylome,Haga_2023,Noguchi_type
Haga_2023,LUAD,Methylome,Haga_2023,Smoking_status
Haga_2023,LUAD,Methylome,Haga_2023,Stage
Haga_2023,LUAD,Methylome,Haga_2023,Tumor/Normal
Haga_2023,LUAD,Methylome,Haga_2023,Cancer type
Haga_2023,LUAD,RNA-seq,Haga_2023,Age
Haga_2023,LUAD,RNA-seq,Haga_2023,Blinkman_index
Haga_2023,LUAD,RNA-seq,Haga_2023,Classical_meth_subtype
Haga_2023,LUAD,RNA-seq,Haga_2023,Classical_r_subtype
Haga_2023,LUAD,RNA-seq,Haga_2023,Data_source
Haga_2023,LUAD,RNA-seq,Haga_2023,Primary/metastasis
Haga_2023,LUAD,RNA-seq,Haga_2023,Gender
Haga_2023,LUAD,RNA-seq,Haga_2023,Histology type
Haga_2023,LUAD,RNA-seq,Haga_2023,Histology early type
Haga_2023,LUAD,RNA-seq,Haga_2023,MP_mh_subtype
Haga_2023,LUAD,RNA-seq,Haga_2023,MP_ml_subtype
Haga_2023,LUAD,RNA-seq,Haga_2023,MP_r_subtype
Haga_2023,LUAD,RNA-seq,Haga_2023,Noguchi_type
Haga_2023,LUAD,RNA-seq,Haga_2023,Smoking_status
Haga_2023,LUAD,RNA-seq,Haga_2023,Stage
Haga_2023,LUAD,RNA-seq,Haga_2023,Tumor/Normal
Haga_2023,LUAD,RNA-seq,Haga_2023,Cancer type
Heeke_2024,SCLC,Methylome,Heeke_2024,Classical_meth_subtype
Heeke_2024,SCLC,Methylome,Heeke_2024,Primary/metastasis
Heeke_2024,SCLC,Methylome,Heeke_2024,MP_mh_subtype
Heeke_2024,SCLC,Methylome,Heeke_2024,MP_ml_subtype
Heeke_2024,SCLC,Methylome,Heeke_2024,Tumor/Normal
Heeke_2024,SCLC,Methylome,Heeke_2024,Cancer type
Hellmann_2018,LUSC,WXS,Hellmann_2018,Age
Hellmann_2018,LUSC,WXS,Hellmann_2018,Best_overall_response
Hellmann_2018,LUSC,WXS,Hellmann_2018,Classical_m_score
Hellmann_2018,LUSC,WXS,Hellmann_2018,Classical_m_subtype
Hellmann_2018,LUSC,WXS,Hellmann_2018,Driver_subtype
Hellmann_2018,LUSC,WXS,Hellmann_2018,Durable clinical benefit
Hellmann_2018,LUSC,WXS,Hellmann_2018,Primary/metastasis
Hellmann_2018,LUSC,WXS,Hellmann_2018,ECOG_performance_status
Hellmann_2018,LUSC,WXS,Hellmann_2018,Gender
Hellmann_2018,LUSC,WXS,Hellmann_2018,HLA_A1_ALLELE
Hellmann_2018,LUSC,WXS,Hellmann_2018,HLA_A2_ALLELES
Hellmann_2018,LUSC,WXS,Hellmann_2018,HLA_B1_ALLELES
Hellmann_2018,LUSC,WXS,Hellmann_2018,HLA_B2_ALLELES
Hellmann_2018,LUSC,WXS,Hellmann_2018,HLA_C1_ALLELES
Hellmann_2018,LUSC,WXS,Hellmann_2018,HLA_C2_ALLELES
Hellmann_2018,LUSC,WXS,Hellmann_2018,Immunotherapy
Hellmann_2018,LUSC,WXS,Hellmann_2018,MP_m_score
Hellmann_2018,LUSC,WXS,Hellmann_2018,MP_m_subtype
Hellmann_2018,LUSC,WXS,Hellmann_2018,Nonsynonymous_mutation_burden
Hellmann_2018,LUSC,WXS,Hellmann_2018,Percentage_of_PDL1_exp
Hellmann_2018,LUSC,WXS,Hellmann_2018,PFS
Hellmann_2018,LUSC,WXS,Hellmann_2018,PFS_status
Hellmann_2018,LUSC,WXS,Hellmann_2018,Predicted_neoantigen_burden
Hellmann_2018,LUSC,WXS,Hellmann_2018,Smoking_status
Hellmann_2018,LUSC,WXS,Hellmann_2018,Stage
Hellmann_2018,LUSC,WXS,Hellmann_2018,TMB_nonsynonymous
Hellmann_2018,LUSC,WXS,Hellmann_2018,Tumor/Normal
Hellmann_2018,LUSC,WXS,Hellmann_2018,Treatment
Hellmann_2018,LUSC,WXS,Hellmann_2018,Cancer type
Hu_2020,LUAD,WXS,HuLUAD_2020,Age
Hu_2020,LUAD,WXS,HuLUAD_2020,Chemotherapy
Hu_2020,LUAD,WXS,HuLUAD_2020,Driver_subtype
Hu_2020,LUAD,WXS,HuLUAD_2020,Primary/metastasis
Hu_2020,LUAD,WXS,HuLUAD_2020,FFPE
Hu_2020,LUAD,WXS,HuLUAD_2020,Immunotherapy
Hu_2020,LUAD,WXS,HuLUAD_2020,Metastasis_site
Hu_2020,LUAD,WXS,HuLUAD_2020,OS
Hu_2020,LUAD,WXS,HuLUAD_2020,Targeted_therapy
Hu_2020,LUAD,WXS,HuLUAD_2020,Time_to_metastasis_biopsy
Hu_2020,LUAD,WXS,HuLUAD_2020,Tumor/Normal
Hu_2020,LUAD,WXS,HuLUAD_2020,Treatments
Hu_2020,LUAD,WXS,HuLUAD_2020,Cancer type
Hu_2020,LUSC,WXS,HuLUSC_2020,Age
Hu_2020,LUSC,WXS,HuLUSC_2020,Chemotherapy
Hu_2020,LUSC,WXS,HuLUSC_2020,Driver_subtype
Hu_2020,LUSC,WXS,HuLUSC_2020,Primary/metastasis
Hu_2020,LUSC,WXS,HuLUSC_2020,FFPE
Hu_2020,LUSC,WXS,HuLUSC_2020,Immunotherapy
Hu_2020,LUSC,WXS,HuLUSC_2020,Metastasis_site
Hu_2020,LUSC,WXS,HuLUSC_2020,OS
Hu_2020,LUSC,WXS,HuLUSC_2020,Targeted_therapy
Hu_2020,LUSC,WXS,HuLUSC_2020,Time_to_metastasis_biopsy
Hu_2020,LUSC,WXS,HuLUSC_2020,Tumor/Normal
Hu_2020,LUSC,WXS,HuLUSC_2020,Treatments
Hu_2020,LUSC,WXS,HuLUSC_2020,Cancer type
Hu_2021,LUAD,Methylome,Hu_2021,Primary/metastasis
Hu_2021,LUAD,Methylome,Hu_2021,Histology early type
Hu_2021,LUAD,Methylome,Hu_2021,OS
Hu_2021,LUAD,Methylome,Hu_2021,OS_status
Hu_2021,LUAD,Methylome,Hu_2021,Recurrence
Hu_2021,LUAD,Methylome,Hu_2021,Smoking_status
Hu_2021,LUAD,Methylome,Hu_2021,Tumor/Normal
Hu_2021,LUAD,Methylome,Hu_2021,Cancer type
Hu_2023,LUAD,RNA-seq,HuLUAD_2023,Age
Hu_2023,LUAD,RNA-seq,HuLUAD_2023,Chemotherapy
Hu_2023,LUAD,RNA-seq,HuLUAD_2023,Classical_r_subtype
Hu_2023,LUAD,RNA-seq,HuLUAD_2023,Primary/metastasis
Hu_2023,LUAD,RNA-seq,HuLUAD_2023,Gender
Hu_2023,LUAD,RNA-seq,HuLUAD_2023,Immunotherapy
Hu_2023,LUAD,RNA-seq,HuLUAD_2023,MP_r_subtype
Hu_2023,LUAD,RNA-seq,HuLUAD_2023,Pathologic_Response
Hu_2023,LUAD,RNA-seq,HuLUAD_2023,Pathology
Hu_2023,LUAD,RNA-seq,HuLUAD_2023,RECIST
Hu_2023,LUAD,RNA-seq,HuLUAD_2023,Residual_Tumor
Hu_2023,LUAD,RNA-seq,HuLUAD_2023,Resource
Hu_2023,LUAD,RNA-seq,HuLUAD_2023,Stage
Hu_2023,LUAD,RNA-seq,HuLUAD_2023,Tumor/Normal
Hu_2023,LUAD,RNA-seq,HuLUAD_2023,Cancer type
Hu_2023,LUSC,RNA-seq,HuLUSC_2023,Age
Hu_2023,LUSC,RNA-seq,HuLUSC_2023,Chemotherapy
Hu_2023,LUSC,RNA-seq,HuLUSC_2023,Classical_r_subtype
Hu_2023,LUSC,RNA-seq,HuLUSC_2023,Primary/metastasis
Hu_2023,LUSC,RNA-seq,HuLUSC_2023,Gender
Hu_2023,LUSC,RNA-seq,HuLUSC_2023,Immunotherapy
Hu_2023,LUSC,RNA-seq,HuLUSC_2023,MP_r_subtype
Hu_2023,LUSC,RNA-seq,HuLUSC_2023,Pathologic_Response
Hu_2023,LUSC,RNA-seq,HuLUSC_2023,Pathology
Hu_2023,LUSC,RNA-seq,HuLUSC_2023,RECIST
Hu_2023,LUSC,RNA-seq,HuLUSC_2023,Residual_Tumor
Hu_2023,LUSC,RNA-seq,HuLUSC_2023,Resource
Hu_2023,LUSC,RNA-seq,HuLUSC_2023,Stage
Hu_2023,LUSC,RNA-seq,HuLUSC_2023,Tumor/Normal
Hu_2023,LUSC,RNA-seq,HuLUSC_2023,Cancer type
Huang_2022,LUAD,RNA-seq,Huang_2022,Age
Huang_2022,LUAD,RNA-seq,Huang_2022,Chemotherapy
Huang_2022,LUAD,RNA-seq,Huang_2022,Classical_r_subtype
Huang_2022,LUAD,RNA-seq,Huang_2022,Primary/metastasis
Huang_2022,LUAD,RNA-seq,Huang_2022,Family history
Huang_2022,LUAD,RNA-seq,Huang_2022,Gender
Huang_2022,LUAD,RNA-seq,Huang_2022,M_stage
Huang_2022,LUAD,RNA-seq,Huang_2022,MP_r_subtype
Huang_2022,LUAD,RNA-seq,Huang_2022,N_stage
Huang_2022,LUAD,RNA-seq,Huang_2022,Smoking_status
Huang_2022,LUAD,RNA-seq,Huang_2022,Stage
Huang_2022,LUAD,RNA-seq,Huang_2022,T_stage
Huang_2022,LUAD,RNA-seq,Huang_2022,Tumor/Normal
Huang_2022,LUAD,RNA-seq,Huang_2022,TNM
Huang_2022,LUAD,RNA-seq,Huang_2022,Cancer type
Hwang_2020,LUAD,RNA-seq,HwangLUAD_2020,Gender
Hwang_2020,LUAD,RNA-seq,HwangLUAD_2020,Immunotherapy
Hwang_2020,LUAD,RNA-seq,HwangLUAD_2020,Immunotherapy_drug
Hwang_2020,LUAD,RNA-seq,HwangLUAD_2020,OS
Hwang_2020,LUAD,RNA-seq,HwangLUAD_2020,OS_status
Hwang_2020,LUAD,RNA-seq,HwangLUAD_2020,Response
Hwang_2020,LUAD,RNA-seq,HwangLUAD_2020,RFS
Hwang_2020,LUAD,RNA-seq,HwangLUAD_2020,RFS_status
Hwang_2020,LUAD,RNA-seq,HwangLUAD_2020,Smoking_status
Hwang_2020,LUAD,RNA-seq,HwangLUAD_2020,Tumor/Normal
Hwang_2020,LUAD,RNA-seq,HwangLUAD_2020,Cancer type
Hwang_2020,LUSC,RNA-seq,HwangLUSC_2020,Gender
Hwang_2020,LUSC,RNA-seq,HwangLUSC_2020,Immunotherapy
Hwang_2020,LUSC,RNA-seq,HwangLUSC_2020,Immunotherapy_drug
Hwang_2020,LUSC,RNA-seq,HwangLUSC_2020,OS
Hwang_2020,LUSC,RNA-seq,HwangLUSC_2020,OS_status
Hwang_2020,LUSC,RNA-seq,HwangLUSC_2020,Response
Hwang_2020,LUSC,RNA-seq,HwangLUSC_2020,RFS
Hwang_2020,LUSC,RNA-seq,HwangLUSC_2020,RFS_status
Hwang_2020,LUSC,RNA-seq,HwangLUSC_2020,Smoking_status
Hwang_2020,LUSC,RNA-seq,HwangLUSC_2020,Tumor/Normal
Hwang_2020,LUSC,RNA-seq,HwangLUSC_2020,Cancer type
Imielinski_2012,LUAD,WXS,Imielinski_2012,Age
Imielinski_2012,LUAD,WXS,Imielinski_2012,Censored
Imielinski_2012,LUAD,WXS,Imielinski_2012,Classical_m_score
Imielinski_2012,LUAD,WXS,Imielinski_2012,Classical_m_subtype
Imielinski_2012,LUAD,WXS,Imielinski_2012,Driver_subtype
Imielinski_2012,LUAD,WXS,Imielinski_2012,Primary/metastasis
Imielinski_2012,LUAD,WXS,Imielinski_2012,Gender
Imielinski_2012,LUAD,WXS,Imielinski_2012,Histology type
Imielinski_2012,LUAD,WXS,Imielinski_2012,Histology early type
Imielinski_2012,LUAD,WXS,Imielinski_2012,MP_m_score
Imielinski_2012,LUAD,WXS,Imielinski_2012,MP_m_subtype
Imielinski_2012,LUAD,WXS,Imielinski_2012,Pack_years
Imielinski_2012,LUAD,WXS,Imielinski_2012,PFS
Imielinski_2012,LUAD,WXS,Imielinski_2012,Platform
Imielinski_2012,LUAD,WXS,Imielinski_2012,Race
Imielinski_2012,LUAD,WXS,Imielinski_2012,Sample_source
Imielinski_2012,LUAD,WXS,Imielinski_2012,Smoking_status
Imielinski_2012,LUAD,WXS,Imielinski_2012,Stage
Imielinski_2012,LUAD,WXS,Imielinski_2012,TMB
Imielinski_2012,LUAD,WXS,Imielinski_2012,Tumor/Normal
Imielinski_2012,LUAD,WXS,Imielinski_2012,Cancer type
Jee_2022,LUAD,WXS,JeeLUAD_2022,Age
Jee_2022,LUAD,WXS,JeeLUAD_2022,Age_at_median
Jee_2022,LUAD,WXS,JeeLUAD_2022,Classical_m_score
Jee_2022,LUAD,WXS,JeeLUAD_2022,Classical_m_subtype
Jee_2022,LUAD,WXS,JeeLUAD_2022,Driver_subtype
Jee_2022,LUAD,WXS,JeeLUAD_2022,Primary/metastasis
Jee_2022,LUAD,WXS,JeeLUAD_2022,Ethnicity
Jee_2022,LUAD,WXS,JeeLUAD_2022,Extrapulmonary
Jee_2022,LUAD,WXS,JeeLUAD_2022,Gender
Jee_2022,LUAD,WXS,JeeLUAD_2022,Metabolic_tumor_volume
Jee_2022,LUAD,WXS,JeeLUAD_2022,Metastatic_site
Jee_2022,LUAD,WXS,JeeLUAD_2022,MP_m_score
Jee_2022,LUAD,WXS,JeeLUAD_2022,MP_m_subtype
Jee_2022,LUAD,WXS,JeeLUAD_2022,MSI_score
Jee_2022,LUAD,WXS,JeeLUAD_2022,MSI_type
Jee_2022,LUAD,WXS,JeeLUAD_2022,OS
Jee_2022,LUAD,WXS,JeeLUAD_2022,OS_status
Jee_2022,LUAD,WXS,JeeLUAD_2022,Prior_treatment
Jee_2022,LUAD,WXS,JeeLUAD_2022,Race
Jee_2022,LUAD,WXS,JeeLUAD_2022,Sample_type
Jee_2022,LUAD,WXS,JeeLUAD_2022,Site
Jee_2022,LUAD,WXS,JeeLUAD_2022,Smoking_status
Jee_2022,LUAD,WXS,JeeLUAD_2022,Stage
Jee_2022,LUAD,WXS,JeeLUAD_2022,Successful_ctDx_Lung
Jee_2022,LUAD,WXS,JeeLUAD_2022,TMB_nonsynonymous
Jee_2022,LUAD,WXS,JeeLUAD_2022,Tumor/Normal
Jee_2022,LUAD,WXS,JeeLUAD_2022,Tumor_purity
Jee_2022,LUAD,WXS,JeeLUAD_2022,Cancer type
Jee_2022,LUSC,WXS,JeeLUSC_2022,Age
Jee_2022,LUSC,WXS,JeeLUSC_2022,Age_at_median
Jee_2022,LUSC,WXS,JeeLUSC_2022,Classical_m_score
Jee_2022,LUSC,WXS,JeeLUSC_2022,Classical_m_subtype
Jee_2022,LUSC,WXS,JeeLUSC_2022,Driver_subtype
Jee_2022,LUSC,WXS,JeeLUSC_2022,Primary/metastasis
Jee_2022,LUSC,WXS,JeeLUSC_2022,Ethnicity
Jee_2022,LUSC,WXS,JeeLUSC_2022,Extrapulmonary
Jee_2022,LUSC,WXS,JeeLUSC_2022,Gender
Jee_2022,LUSC,WXS,JeeLUSC_2022,Metastatic_site
Jee_2022,LUSC,WXS,JeeLUSC_2022,MSI_score
Jee_2022,LUSC,WXS,JeeLUSC_2022,MSI_type
Jee_2022,LUSC,WXS,JeeLUSC_2022,OS
Jee_2022,LUSC,WXS,JeeLUSC_2022,OS_status
Jee_2022,LUSC,WXS,JeeLUSC_2022,Prior_treatment
Jee_2022,LUSC,WXS,JeeLUSC_2022,Race
Jee_2022,LUSC,WXS,JeeLUSC_2022,Sample_type
Jee_2022,LUSC,WXS,JeeLUSC_2022,Site
Jee_2022,LUSC,WXS,JeeLUSC_2022,Smoking_status
Jee_2022,LUSC,WXS,JeeLUSC_2022,Stage
Jee_2022,LUSC,WXS,JeeLUSC_2022,Successful_ctDx_Lung
Jee_2022,LUSC,WXS,JeeLUSC_2022,TMB_nonsynonymous
Jee_2022,LUSC,WXS,JeeLUSC_2022,Tumor/Normal
Jee_2022,LUSC,WXS,JeeLUSC_2022,Tumor_purity
Jee_2022,LUSC,WXS,JeeLUSC_2022,Cancer type
Jia_2018,LUAD,RNA-seq,JiaLUAD_2018,Age
Jia_2018,LUAD,RNA-seq,JiaLUAD_2018,Alcoholism
Jia_2018,LUAD,RNA-seq,JiaLUAD_2018,Classical_m_score
Jia_2018,LUAD,RNA-seq,JiaLUAD_2018,Classical_m_subtype
Jia_2018,LUAD,RNA-seq,JiaLUAD_2018,Classical_r_subtype
Jia_2018,LUAD,RNA-seq,JiaLUAD_2018,Differentiation
Jia_2018,LUAD,RNA-seq,JiaLUAD_2018,Primary/metastasis
Jia_2018,LUAD,RNA-seq,JiaLUAD_2018,Gender
Jia_2018,LUAD,RNA-seq,JiaLUAD_2018,M_stage
Jia_2018,LUAD,RNA-seq,JiaLUAD_2018,MP_m_score
Jia_2018,LUAD,RNA-seq,JiaLUAD_2018,MP_m_subtype
Jia_2018,LUAD,RNA-seq,JiaLUAD_2018,MP_r_subtype
Jia_2018,LUAD,RNA-seq,JiaLUAD_2018,N_stage
Jia_2018,LUAD,RNA-seq,JiaLUAD_2018,Site_Of_Finding
Jia_2018,LUAD,RNA-seq,JiaLUAD_2018,Size
Jia_2018,LUAD,RNA-seq,JiaLUAD_2018,Smoking_status
Jia_2018,LUAD,RNA-seq,JiaLUAD_2018,Stage
Jia_2018,LUAD,RNA-seq,JiaLUAD_2018,T_stage
Jia_2018,LUAD,RNA-seq,JiaLUAD_2018,Tumor/Normal
Jia_2018,LUAD,RNA-seq,JiaLUAD_2018,TNM
Jia_2018,LUAD,RNA-seq,JiaLUAD_2018,Cancer type
Jia_2018,LUAD,WXS,JiaLUAD_2018,Age
Jia_2018,LUAD,WXS,JiaLUAD_2018,Alcoholism
Jia_2018,LUAD,WXS,JiaLUAD_2018,Classical_m_score
Jia_2018,LUAD,WXS,JiaLUAD_2018,Classical_m_subtype
Jia_2018,LUAD,WXS,JiaLUAD_2018,Classical_r_subtype
Jia_2018,LUAD,WXS,JiaLUAD_2018,Differentiation
Jia_2018,LUAD,WXS,JiaLUAD_2018,Driver_subtype
Jia_2018,LUAD,WXS,JiaLUAD_2018,Primary/metastasis
Jia_2018,LUAD,WXS,JiaLUAD_2018,Gender
Jia_2018,LUAD,WXS,JiaLUAD_2018,M_stage
Jia_2018,LUAD,WXS,JiaLUAD_2018,MP_m_score
Jia_2018,LUAD,WXS,JiaLUAD_2018,MP_m_subtype
Jia_2018,LUAD,WXS,JiaLUAD_2018,MP_r_subtype
Jia_2018,LUAD,WXS,JiaLUAD_2018,N_stage
Jia_2018,LUAD,WXS,JiaLUAD_2018,Site_Of_Finding
Jia_2018,LUAD,WXS,JiaLUAD_2018,Size
Jia_2018,LUAD,WXS,JiaLUAD_2018,Smoking_status
Jia_2018,LUAD,WXS,JiaLUAD_2018,Stage
Jia_2018,LUAD,WXS,JiaLUAD_2018,T_stage
Jia_2018,LUAD,WXS,JiaLUAD_2018,Tumor/Normal
Jia_2018,LUAD,WXS,JiaLUAD_2018,TNM
Jia_2018,LUAD,WXS,JiaLUAD_2018,Cancer type
Jia_2018,LUSC,RNA-seq,JiaLUSC_2018,Age
Jia_2018,LUSC,RNA-seq,JiaLUSC_2018,Alcoholism
Jia_2018,LUSC,RNA-seq,JiaLUSC_2018,Classical_m_score
Jia_2018,LUSC,RNA-seq,JiaLUSC_2018,Classical_m_subtype
Jia_2018,LUSC,RNA-seq,JiaLUSC_2018,Classical_r_subtype
Jia_2018,LUSC,RNA-seq,JiaLUSC_2018,Differentiation
Jia_2018,LUSC,RNA-seq,JiaLUSC_2018,Primary/metastasis
Jia_2018,LUSC,RNA-seq,JiaLUSC_2018,Gender
Jia_2018,LUSC,RNA-seq,JiaLUSC_2018,M_stage
Jia_2018,LUSC,RNA-seq,JiaLUSC_2018,MP_m_score
Jia_2018,LUSC,RNA-seq,JiaLUSC_2018,MP_m_subtype
Jia_2018,LUSC,RNA-seq,JiaLUSC_2018,MP_r_subtype
Jia_2018,LUSC,RNA-seq,JiaLUSC_2018,N_stage
Jia_2018,LUSC,RNA-seq,JiaLUSC_2018,Site_Of_Finding
Jia_2018,LUSC,RNA-seq,JiaLUSC_2018,Size
Jia_2018,LUSC,RNA-seq,JiaLUSC_2018,Smoking_status
Jia_2018,LUSC,RNA-seq,JiaLUSC_2018,Stage
Jia_2018,LUSC,RNA-seq,JiaLUSC_2018,T_stage
Jia_2018,LUSC,RNA-seq,JiaLUSC_2018,Tumor/Normal
Jia_2018,LUSC,RNA-seq,JiaLUSC_2018,TNM
Jia_2018,LUSC,RNA-seq,JiaLUSC_2018,Cancer type
Jia_2018,LUSC,WXS,JiaLUSC_2018,Age
Jia_2018,LUSC,WXS,JiaLUSC_2018,Alcoholism
Jia_2018,LUSC,WXS,JiaLUSC_2018,Classical_m_score
Jia_2018,LUSC,WXS,JiaLUSC_2018,Classical_m_subtype
Jia_2018,LUSC,WXS,JiaLUSC_2018,Classical_r_subtype
Jia_2018,LUSC,WXS,JiaLUSC_2018,Differentiation
Jia_2018,LUSC,WXS,JiaLUSC_2018,Driver_subtype
Jia_2018,LUSC,WXS,JiaLUSC_2018,Primary/metastasis
Jia_2018,LUSC,WXS,JiaLUSC_2018,Gender
Jia_2018,LUSC,WXS,JiaLUSC_2018,M_stage
Jia_2018,LUSC,WXS,JiaLUSC_2018,MP_m_score
Jia_2018,LUSC,WXS,JiaLUSC_2018,MP_m_subtype
Jia_2018,LUSC,WXS,JiaLUSC_2018,MP_r_subtype
Jia_2018,LUSC,WXS,JiaLUSC_2018,N_stage
Jia_2018,LUSC,WXS,JiaLUSC_2018,Site_Of_Finding
Jia_2018,LUSC,WXS,JiaLUSC_2018,Size
Jia_2018,LUSC,WXS,JiaLUSC_2018,Smoking_status
Jia_2018,LUSC,WXS,JiaLUSC_2018,Stage
Jia_2018,LUSC,WXS,JiaLUSC_2018,T_stage
Jia_2018,LUSC,WXS,JiaLUSC_2018,Tumor/Normal
Jia_2018,LUSC,WXS,JiaLUSC_2018,TNM
Jia_2018,LUSC,WXS,JiaLUSC_2018,Cancer type
Jiang_2016,SCLC,RNA-seq,Jiang_2016,Age
Jiang_2016,SCLC,RNA-seq,Jiang_2016,Chemotherapy
Jiang_2016,SCLC,RNA-seq,Jiang_2016,Classical_m_score
Jiang_2016,SCLC,RNA-seq,Jiang_2016,Classical_m_subtype
Jiang_2016,SCLC,RNA-seq,Jiang_2016,Classical_r_subtype
Jiang_2016,SCLC,RNA-seq,Jiang_2016,Collapsed Stage
Jiang_2016,SCLC,RNA-seq,Jiang_2016,Primary/metastasis
Jiang_2016,SCLC,RNA-seq,Jiang_2016,Gender
Jiang_2016,SCLC,RNA-seq,Jiang_2016,MP_m_score
Jiang_2016,SCLC,RNA-seq,Jiang_2016,MP_m_subtype
Jiang_2016,SCLC,RNA-seq,Jiang_2016,MP_r_subtype
Jiang_2016,SCLC,RNA-seq,Jiang_2016,Normal exome data
Jiang_2016,SCLC,RNA-seq,Jiang_2016,Normal RNA-seq data
Jiang_2016,SCLC,RNA-seq,Jiang_2016,OS
Jiang_2016,SCLC,RNA-seq,Jiang_2016,OS_status
Jiang_2016,SCLC,RNA-seq,Jiang_2016,Race
Jiang_2016,SCLC,RNA-seq,Jiang_2016,Smoking_status
Jiang_2016,SCLC,RNA-seq,Jiang_2016,Stage
Jiang_2016,SCLC,RNA-seq,Jiang_2016,Survival Date
Jiang_2016,SCLC,RNA-seq,Jiang_2016,Tumor/Normal
Jiang_2016,SCLC,RNA-seq,Jiang_2016,TNM
Jiang_2016,SCLC,RNA-seq,Jiang_2016,Tumor exome data
Jiang_2016,SCLC,RNA-seq,Jiang_2016,Tumor RNA-seq data
Jiang_2016,SCLC,RNA-seq,Jiang_2016,Cancer type
Jiang_2016,SCLC,WXS,Jiang_2016,Age
Jiang_2016,SCLC,WXS,Jiang_2016,Chemotherapy
Jiang_2016,SCLC,WXS,Jiang_2016,Classical_m_score
Jiang_2016,SCLC,WXS,Jiang_2016,Classical_m_subtype
Jiang_2016,SCLC,WXS,Jiang_2016,Classical_r_subtype
Jiang_2016,SCLC,WXS,Jiang_2016,Collapsed Stage
Jiang_2016,SCLC,WXS,Jiang_2016,Driver_subtype
Jiang_2016,SCLC,WXS,Jiang_2016,Primary/metastasis
Jiang_2016,SCLC,WXS,Jiang_2016,Gender
Jiang_2016,SCLC,WXS,Jiang_2016,MP_m_score
Jiang_2016,SCLC,WXS,Jiang_2016,MP_m_subtype
Jiang_2016,SCLC,WXS,Jiang_2016,MP_r_subtype
Jiang_2016,SCLC,WXS,Jiang_2016,Normal exome data
Jiang_2016,SCLC,WXS,Jiang_2016,Normal RNA-seq data
Jiang_2016,SCLC,WXS,Jiang_2016,OS
Jiang_2016,SCLC,WXS,Jiang_2016,OS_status
Jiang_2016,SCLC,WXS,Jiang_2016,Race
Jiang_2016,SCLC,WXS,Jiang_2016,Smoking_status
Jiang_2016,SCLC,WXS,Jiang_2016,Stage
Jiang_2016,SCLC,WXS,Jiang_2016,Survival Date
Jiang_2016,SCLC,WXS,Jiang_2016,Tumor/Normal
Jiang_2016,SCLC,WXS,Jiang_2016,TNM
Jiang_2016,SCLC,WXS,Jiang_2016,Tumor exome data
Jiang_2016,SCLC,WXS,Jiang_2016,Tumor RNA-seq data
Jiang_2016,SCLC,WXS,Jiang_2016,Cancer type
Jin_2022,SCLC,WXS,Jin_2022,Age
Jin_2022,SCLC,WXS,Jin_2022,Best_of_response
Jin_2022,SCLC,WXS,Jin_2022,Chemo_regimen
Jin_2022,SCLC,WXS,Jin_2022,Chemotherapy
Jin_2022,SCLC,WXS,Jin_2022,Classical_m_score
Jin_2022,SCLC,WXS,Jin_2022,Classical_m_subtype
Jin_2022,SCLC,WXS,Jin_2022,Cycles_of_chemo
Jin_2022,SCLC,WXS,Jin_2022,Driver_subtype
Jin_2022,SCLC,WXS,Jin_2022,Primary/metastasis
Jin_2022,SCLC,WXS,Jin_2022,Gender
Jin_2022,SCLC,WXS,Jin_2022,MP_m_score
Jin_2022,SCLC,WXS,Jin_2022,MP_m_subtype
Jin_2022,SCLC,WXS,Jin_2022,OS
Jin_2022,SCLC,WXS,Jin_2022,OS_status
Jin_2022,SCLC,WXS,Jin_2022,PCI
Jin_2022,SCLC,WXS,Jin_2022,PFS
Jin_2022,SCLC,WXS,Jin_2022,Radiotherapy_dose
Jin_2022,SCLC,WXS,Jin_2022,Re-biopsy_site
Jin_2022,SCLC,WXS,Jin_2022,Recurrent_or_metastatic_site
Jin_2022,SCLC,WXS,Jin_2022,Smoking_status
Jin_2022,SCLC,WXS,Jin_2022,Tumor/Normal
Jin_2022,SCLC,WXS,Jin_2022,TNM
Jin_2022,SCLC,WXS,Jin_2022,Cancer type
Jin_2022,SCLC,WXS,Jin_2022,VALSG_stage
Kelemen_2020,LUAD,Proteomics,Kelemen_2020,Age
Kelemen_2020,LUAD,Proteomics,Kelemen_2020,Classical_p_subtype
Kelemen_2020,LUAD,Proteomics,Kelemen_2020,Primary/metastasis
Kelemen_2020,LUAD,Proteomics,Kelemen_2020,Gender
Kelemen_2020,LUAD,Proteomics,Kelemen_2020,Grade
Kelemen_2020,LUAD,Proteomics,Kelemen_2020,M_stage
Kelemen_2020,LUAD,Proteomics,Kelemen_2020,N_stage
Kelemen_2020,LUAD,Proteomics,Kelemen_2020,Smoking_status
Kelemen_2020,LUAD,Proteomics,Kelemen_2020,Stage
Kelemen_2020,LUAD,Proteomics,Kelemen_2020,Stage_group
Kelemen_2020,LUAD,Proteomics,Kelemen_2020,T_stage
Kelemen_2020,LUAD,Proteomics,Kelemen_2020,Tumor/Normal
Kelemen_2020,LUAD,Proteomics,Kelemen_2020,TNM
Kelemen_2020,LUAD,Proteomics,Kelemen_2020,Tumor_ratio
Kelemen_2020,LUAD,Proteomics,Kelemen_2020,Cancer type
Kim_2013,LUAD,RNA-seq,Kim_2013,Age
Kim_2013,LUAD,RNA-seq,Kim_2013,Chemotherapy
Kim_2013,LUAD,RNA-seq,Kim_2013,Classical_r_subtype
Kim_2013,LUAD,RNA-seq,Kim_2013,cStage
Kim_2013,LUAD,RNA-seq,Kim_2013,Differentiation
Kim_2013,LUAD,RNA-seq,Kim_2013,Primary/metastasis
Kim_2013,LUAD,RNA-seq,Kim_2013,Family history of lung cancer
Kim_2013,LUAD,RNA-seq,Kim_2013,Gender
Kim_2013,LUAD,RNA-seq,Kim_2013,Location of tumor
Kim_2013,LUAD,RNA-seq,Kim_2013,Lymphatic_invasion
Kim_2013,LUAD,RNA-seq,Kim_2013,MP_r_subtype
Kim_2013,LUAD,RNA-seq,Kim_2013,Race
Kim_2013,LUAD,RNA-seq,Kim_2013,Size
Kim_2013,LUAD,RNA-seq,Kim_2013,Smoking_status
Kim_2013,LUAD,RNA-seq,Kim_2013,Stage
Kim_2013,LUAD,RNA-seq,Kim_2013,Tumor/Normal
Kim_2013,LUAD,RNA-seq,Kim_2013,TNM
Kim_2013,LUAD,RNA-seq,Kim_2013,Cancer type
Krushkal_2020,SCLC,Methylome,Krushkal_2020,Classical_meth_subtype
Krushkal_2020,SCLC,Methylome,Krushkal_2020,Primary/metastasis
Krushkal_2020,SCLC,Methylome,Krushkal_2020,MP_mh_subtype
Krushkal_2020,SCLC,Methylome,Krushkal_2020,MP_ml_subtype
Krushkal_2020,SCLC,Methylome,Krushkal_2020,Tumor/Normal
Krushkal_2020,SCLC,Methylome,Krushkal_2020,Cancer type
Kumagai_2022,LUAD,RNA-seq,KumagaiLUAD_2022,Age
Kumagai_2022,LUAD,RNA-seq,KumagaiLUAD_2022,Brinkman_index
Kumagai_2022,LUAD,RNA-seq,KumagaiLUAD_2022,Classical_r_subtype
Kumagai_2022,LUAD,RNA-seq,KumagaiLUAD_2022,Primary/metastasis
Kumagai_2022,LUAD,RNA-seq,KumagaiLUAD_2022,EGFR_mut
Kumagai_2022,LUAD,RNA-seq,KumagaiLUAD_2022,EGFR_mut_type
Kumagai_2022,LUAD,RNA-seq,KumagaiLUAD_2022,Gender
Kumagai_2022,LUAD,RNA-seq,KumagaiLUAD_2022,MP_r_subtype
Kumagai_2022,LUAD,RNA-seq,KumagaiLUAD_2022,Stage
Kumagai_2022,LUAD,RNA-seq,KumagaiLUAD_2022,Tumor/Normal
Kumagai_2022,LUAD,RNA-seq,KumagaiLUAD_2022,Cancer type
Kumagai_2022,LUSC,RNA-seq,KumagaiLUSC_2022,Age
Kumagai_2022,LUSC,RNA-seq,KumagaiLUSC_2022,Brinkman_index
Kumagai_2022,LUSC,RNA-seq,KumagaiLUSC_2022,Classical_r_subtype
Kumagai_2022,LUSC,RNA-seq,KumagaiLUSC_2022,Primary/metastasis
Kumagai_2022,LUSC,RNA-seq,KumagaiLUSC_2022,EGFR_mut
Kumagai_2022,LUSC,RNA-seq,KumagaiLUSC_2022,EGFR_mut_type
Kumagai_2022,LUSC,RNA-seq,KumagaiLUSC_2022,Gender
Kumagai_2022,LUSC,RNA-seq,KumagaiLUSC_2022,MP_r_subtype
Kumagai_2022,LUSC,RNA-seq,KumagaiLUSC_2022,Stage
Kumagai_2022,LUSC,RNA-seq,KumagaiLUSC_2022,Tumor/Normal
Kumagai_2022,LUSC,RNA-seq,KumagaiLUSC_2022,Cancer type
Kuras_2020,LUAD,Proteomics,Kuras_2020,Adjuvant chemotherapy
Kuras_2020,LUAD,Proteomics,Kuras_2020,Age
Kuras_2020,LUAD,Proteomics,Kuras_2020,Chemotherapy
Kuras_2020,LUAD,Proteomics,Kuras_2020,Classical_p_subtype
Kuras_2020,LUAD,Proteomics,Kuras_2020,COPD
Kuras_2020,LUAD,Proteomics,Kuras_2020,Primary/metastasis
Kuras_2020,LUAD,Proteomics,Kuras_2020,Gender
Kuras_2020,LUAD,Proteomics,Kuras_2020,Histology type
Kuras_2020,LUAD,Proteomics,Kuras_2020,M_stage
Kuras_2020,LUAD,Proteomics,Kuras_2020,MP_p_subtype
Kuras_2020,LUAD,Proteomics,Kuras_2020,N_stage
Kuras_2020,LUAD,Proteomics,Kuras_2020,OS
Kuras_2020,LUAD,Proteomics,Kuras_2020,Pre-op_Chemo
Kuras_2020,LUAD,Proteomics,Kuras_2020,Pre-op_Radio
Kuras_2020,LUAD,Proteomics,Kuras_2020,Pre-op_Steroid
Kuras_2020,LUAD,Proteomics,Kuras_2020,Smoking_status
Kuras_2020,LUAD,Proteomics,Kuras_2020,T_stage
Kuras_2020,LUAD,Proteomics,Kuras_2020,Tumor/Normal
Kuras_2020,LUAD,Proteomics,Kuras_2020,Cancer type
Lee_2021,LUAD,RNA-seq,Lee_2021,Classical_r_subtype
Lee_2021,LUAD,RNA-seq,Lee_2021,Disease_state
Lee_2021,LUAD,RNA-seq,Lee_2021,Primary/metastasis
Lee_2021,LUAD,RNA-seq,Lee_2021,Immunotherapy
Lee_2021,LUAD,RNA-seq,Lee_2021,Immunotherapy_drug
Lee_2021,LUAD,RNA-seq,Lee_2021,MP_r_subtype
Lee_2021,LUAD,RNA-seq,Lee_2021,Tumor/Normal
Lee_2021,LUAD,RNA-seq,Lee_2021,Treatment_status
Lee_2021,LUAD,RNA-seq,Lee_2021,Cancer type
Lehtio_2021,LUAD,Methylome,Lehtio_2021,Adjuvant_therapy
Lehtio_2021,LUAD,Methylome,Lehtio_2021,Age
Lehtio_2021,LUAD,Methylome,Lehtio_2021,ARID1A_mut
Lehtio_2021,LUAD,Methylome,Lehtio_2021,ARID2_mut
Lehtio_2021,LUAD,Methylome,Lehtio_2021,ASXL1_mut
Lehtio_2021,LUAD,Methylome,Lehtio_2021,ATM_mut
Lehtio_2021,LUAD,Methylome,Lehtio_2021,BLM_mut
Lehtio_2021,LUAD,Methylome,Lehtio_2021,BRAF_mut
Lehtio_2021,LUAD,Methylome,Lehtio_2021,Cancer_Testis_Antigens
Lehtio_2021,LUAD,Methylome,Lehtio_2021,CD3_Stromal_IHC
Lehtio_2021,LUAD,Methylome,Lehtio_2021,CD8_Stromal_IHC
Lehtio_2021,LUAD,Methylome,Lehtio_2021,CDKN2A_mut
Lehtio_2021,LUAD,Methylome,Lehtio_2021,Classical_m_score
Lehtio_2021,LUAD,Methylome,Lehtio_2021,Classical_m_subtype
Lehtio_2021,LUAD,Methylome,Lehtio_2021,Classical_meth_subtype
Lehtio_2021,LUAD,Methylome,Lehtio_2021,Classical_p_subtype
Lehtio_2021,LUAD,Methylome,Lehtio_2021,Classical_r_subtype
Lehtio_2021,LUAD,Methylome,Lehtio_2021,Primary/metastasis
Lehtio_2021,LUAD,Methylome,Lehtio_2021,EGFR_mut
Lehtio_2021,LUAD,Methylome,Lehtio_2021,FAT1_mut
Lehtio_2021,LUAD,Methylome,Lehtio_2021,Gender
Lehtio_2021,LUAD,Methylome,Lehtio_2021,Immune_Estimate
Lehtio_2021,LUAD,Methylome,Lehtio_2021,KEAP1_mut
Lehtio_2021,LUAD,Methylome,Lehtio_2021,KMT2C_mut
Lehtio_2021,LUAD,Methylome,Lehtio_2021,KMT2D_mut
Lehtio_2021,LUAD,Methylome,Lehtio_2021,KRAS_mut
Lehtio_2021,LUAD,Methylome,Lehtio_2021,Methylation_scores_overall
Lehtio_2021,LUAD,Methylome,Lehtio_2021,Methylation_scores_promoter
Lehtio_2021,LUAD,Methylome,Lehtio_2021,MethylationPresent
Lehtio_2021,LUAD,Methylome,Lehtio_2021,MP_mh_subtype
Lehtio_2021,LUAD,Methylome,Lehtio_2021,MP_ml_subtype
Lehtio_2021,LUAD,Methylome,Lehtio_2021,MP_p_subtype
Lehtio_2021,LUAD,Methylome,Lehtio_2021,MP_r_subtype
Lehtio_2021,LUAD,Methylome,Lehtio_2021,NCPs
Lehtio_2021,LUAD,Methylome,Lehtio_2021,NF1_mut
Lehtio_2021,LUAD,Methylome,Lehtio_2021,NFE2L2_mut
Lehtio_2021,LUAD,Methylome,Lehtio_2021,NOTCH2_mut
Lehtio_2021,LUAD,Methylome,Lehtio_2021,OS
Lehtio_2021,LUAD,Methylome,Lehtio_2021,OS_status
Lehtio_2021,LUAD,Methylome,Lehtio_2021,PanelSeqPresent
Lehtio_2021,LUAD,Methylome,Lehtio_2021,PDL1_IHC
Lehtio_2021,LUAD,Methylome,Lehtio_2021,PIK3CA_mut
Lehtio_2021,LUAD,Methylome,Lehtio_2021,POLD1_mut
Lehtio_2021,LUAD,Methylome,Lehtio_2021,Previous_histology
Lehtio_2021,LUAD,Methylome,Lehtio_2021,PTEN_mut
Lehtio_2021,LUAD,Methylome,Lehtio_2021,Purity
Lehtio_2021,LUAD,Methylome,Lehtio_2021,RB1_mut
Lehtio_2021,LUAD,Methylome,Lehtio_2021,RBM10_mut
Lehtio_2021,LUAD,Methylome,Lehtio_2021,Ref_protein_subtype
Lehtio_2021,LUAD,Methylome,Lehtio_2021,Ref_RNA_Classical_subtype
Lehtio_2021,LUAD,Methylome,Lehtio_2021,Ref_RNA_subtype_Karlsson2017
Lehtio_2021,LUAD,Methylome,Lehtio_2021,RFS
Lehtio_2021,LUAD,Methylome,Lehtio_2021,RFS_status
Lehtio_2021,LUAD,Methylome,Lehtio_2021,SMARCA4_mut
Lehtio_2021,LUAD,Methylome,Lehtio_2021,Smoking_status
Lehtio_2021,LUAD,Methylome,Lehtio_2021,SmokingStatus_Binary
Lehtio_2021,LUAD,Methylome,Lehtio_2021,Stage_general
Lehtio_2021,LUAD,Methylome,Lehtio_2021,STK11_mut
Lehtio_2021,LUAD,Methylome,Lehtio_2021,Stroma_Estimate
Lehtio_2021,LUAD,Methylome,Lehtio_2021,TMB
Lehtio_2021,LUAD,Methylome,Lehtio_2021,Tumor/Normal
Lehtio_2021,LUAD,Methylome,Lehtio_2021,TP53_mut
Lehtio_2021,LUAD,Methylome,Lehtio_2021,Cancer type
Lehtio_2021,LUAD,Methylome,Lehtio_2021,WHO2015_histology
Lehtio_2021,LUAD,Methylome,Lehtio_2021,ZFHX3_mut
Lehtio_2021,LUAD,Proteomics,Lehtio_2021,Adjuvant_therapy
Lehtio_2021,LUAD,Proteomics,Lehtio_2021,Age
Lehtio_2021,LUAD,Proteomics,Lehtio_2021,ARID1A_mut
Lehtio_2021,LUAD,Proteomics,Lehtio_2021,ARID2_mut
Lehtio_2021,LUAD,Proteomics,Lehtio_2021,ASXL1_mut
Lehtio_2021,LUAD,Proteomics,Lehtio_2021,ATM_mut
Lehtio_2021,LUAD,Proteomics,Lehtio_2021,BLM_mut
Lehtio_2021,LUAD,Proteomics,Lehtio_2021,BRAF_mut
Lehtio_2021,LUAD,Proteomics,Lehtio_2021,Cancer_Testis_Antigens
Lehtio_2021,LUAD,Proteomics,Lehtio_2021,CD3_Stromal_IHC
Lehtio_2021,LUAD,Proteomics,Lehtio_2021,CD8_Stromal_IHC
Lehtio_2021,LUAD,Proteomics,Lehtio_2021,CDKN2A_mut
Lehtio_2021,LUAD,Proteomics,Lehtio_2021,Classical_m_score
Lehtio_2021,LUAD,Proteomics,Lehtio_2021,Classical_m_subtype
Lehtio_2021,LUAD,Proteomics,Lehtio_2021,Classical_meth_subtype
Lehtio_2021,LUAD,Proteomics,Lehtio_2021,Classical_p_subtype
Lehtio_2021,LUAD,Proteomics,Lehtio_2021,Classical_r_subtype
Lehtio_2021,LUAD,Proteomics,Lehtio_2021,Primary/metastasis
Lehtio_2021,LUAD,Proteomics,Lehtio_2021,EGFR_mut
Lehtio_2021,LUAD,Proteomics,Lehtio_2021,FAT1_mut
Lehtio_2021,LUAD,Proteomics,Lehtio_2021,Gender
Lehtio_2021,LUAD,Proteomics,Lehtio_2021,Immune_Estimate
Lehtio_2021,LUAD,Proteomics,Lehtio_2021,KEAP1_mut
Lehtio_2021,LUAD,Proteomics,Lehtio_2021,KMT2C_mut
Lehtio_2021,LUAD,Proteomics,Lehtio_2021,KMT2D_mut
Lehtio_2021,LUAD,Proteomics,Lehtio_2021,KRAS_mut
Lehtio_2021,LUAD,Proteomics,Lehtio_2021,Methylation_scores_overall
Lehtio_2021,LUAD,Proteomics,Lehtio_2021,Methylation_scores_promoter
Lehtio_2021,LUAD,Proteomics,Lehtio_2021,MethylationPresent
Lehtio_2021,LUAD,Proteomics,Lehtio_2021,MP_mh_subtype
Lehtio_2021,LUAD,Proteomics,Lehtio_2021,MP_ml_subtype
Lehtio_2021,LUAD,Proteomics,Lehtio_2021,MP_p_subtype
Lehtio_2021,LUAD,Proteomics,Lehtio_2021,MP_r_subtype
Lehtio_2021,LUAD,Proteomics,Lehtio_2021,NCPs
Lehtio_2021,LUAD,Proteomics,Lehtio_2021,NF1_mut
Lehtio_2021,LUAD,Proteomics,Lehtio_2021,NFE2L2_mut
Lehtio_2021,LUAD,Proteomics,Lehtio_2021,NOTCH2_mut
Lehtio_2021,LUAD,Proteomics,Lehtio_2021,OS
Lehtio_2021,LUAD,Proteomics,Lehtio_2021,OS_status
Lehtio_2021,LUAD,Proteomics,Lehtio_2021,PanelSeqPresent
Lehtio_2021,LUAD,Proteomics,Lehtio_2021,PDL1_IHC
Lehtio_2021,LUAD,Proteomics,Lehtio_2021,PIK3CA_mut
Lehtio_2021,LUAD,Proteomics,Lehtio_2021,POLD1_mut
Lehtio_2021,LUAD,Proteomics,Lehtio_2021,Previous_histology
Lehtio_2021,LUAD,Proteomics,Lehtio_2021,PTEN_mut
Lehtio_2021,LUAD,Proteomics,Lehtio_2021,Purity
Lehtio_2021,LUAD,Proteomics,Lehtio_2021,RB1_mut
Lehtio_2021,LUAD,Proteomics,Lehtio_2021,RBM10_mut
Lehtio_2021,LUAD,Proteomics,Lehtio_2021,Ref_protein_subtype
Lehtio_2021,LUAD,Proteomics,Lehtio_2021,Ref_RNA_Classical_subtype
Lehtio_2021,LUAD,Proteomics,Lehtio_2021,Ref_RNA_subtype_Karlsson2017
Lehtio_2021,LUAD,Proteomics,Lehtio_2021,RFS
Lehtio_2021,LUAD,Proteomics,Lehtio_2021,RFS_status
Lehtio_2021,LUAD,Proteomics,Lehtio_2021,SMARCA4_mut
Lehtio_2021,LUAD,Proteomics,Lehtio_2021,Smoking_status
Lehtio_2021,LUAD,Proteomics,Lehtio_2021,SmokingStatus_Binary
Lehtio_2021,LUAD,Proteomics,Lehtio_2021,Stage
Lehtio_2021,LUAD,Proteomics,Lehtio_2021,Stage_general
Lehtio_2021,LUAD,Proteomics,Lehtio_2021,STK11_mut
Lehtio_2021,LUAD,Proteomics,Lehtio_2021,Stroma_Estimate
Lehtio_2021,LUAD,Proteomics,Lehtio_2021,TMB
Lehtio_2021,LUAD,Proteomics,Lehtio_2021,Tumor/Normal
Lehtio_2021,LUAD,Proteomics,Lehtio_2021,TP53_mut
Lehtio_2021,LUAD,Proteomics,Lehtio_2021,Cancer type
Lehtio_2021,LUAD,Proteomics,Lehtio_2021,WHO2015_histology
Lehtio_2021,LUAD,Proteomics,Lehtio_2021,ZFHX3_mut
Lehtio_2021,LUAD,RNA-seq,Lehtio_2021,Adjuvant_therapy
Lehtio_2021,LUAD,RNA-seq,Lehtio_2021,Age
Lehtio_2021,LUAD,RNA-seq,Lehtio_2021,ARID1A_mut
Lehtio_2021,LUAD,RNA-seq,Lehtio_2021,ARID2_mut
Lehtio_2021,LUAD,RNA-seq,Lehtio_2021,ASXL1_mut
Lehtio_2021,LUAD,RNA-seq,Lehtio_2021,ATM_mut
Lehtio_2021,LUAD,RNA-seq,Lehtio_2021,BLM_mut
Lehtio_2021,LUAD,RNA-seq,Lehtio_2021,BRAF_mut
Lehtio_2021,LUAD,RNA-seq,Lehtio_2021,Cancer_Testis_Antigens
Lehtio_2021,LUAD,RNA-seq,Lehtio_2021,CD3_Stromal_IHC
Lehtio_2021,LUAD,RNA-seq,Lehtio_2021,CD8_Stromal_IHC
Lehtio_2021,LUAD,RNA-seq,Lehtio_2021,CDKN2A_mut
Lehtio_2021,LUAD,RNA-seq,Lehtio_2021,Classical_m_score
Lehtio_2021,LUAD,RNA-seq,Lehtio_2021,Classical_m_subtype
Lehtio_2021,LUAD,RNA-seq,Lehtio_2021,Classical_meth_subtype
Lehtio_2021,LUAD,RNA-seq,Lehtio_2021,Classical_p_subtype
Lehtio_2021,LUAD,RNA-seq,Lehtio_2021,Classical_r_subtype
Lehtio_2021,LUAD,RNA-seq,Lehtio_2021,Primary/metastasis
Lehtio_2021,LUAD,RNA-seq,Lehtio_2021,EGFR_mut
Lehtio_2021,LUAD,RNA-seq,Lehtio_2021,FAT1_mut
Lehtio_2021,LUAD,RNA-seq,Lehtio_2021,Gender
Lehtio_2021,LUAD,RNA-seq,Lehtio_2021,Immune_Estimate
Lehtio_2021,LUAD,RNA-seq,Lehtio_2021,KEAP1_mut
Lehtio_2021,LUAD,RNA-seq,Lehtio_2021,KMT2C_mut
Lehtio_2021,LUAD,RNA-seq,Lehtio_2021,KMT2D_mut
Lehtio_2021,LUAD,RNA-seq,Lehtio_2021,KRAS_mut
Lehtio_2021,LUAD,RNA-seq,Lehtio_2021,Methylation_scores_overall
Lehtio_2021,LUAD,RNA-seq,Lehtio_2021,Methylation_scores_promoter
Lehtio_2021,LUAD,RNA-seq,Lehtio_2021,MethylationPresent
Lehtio_2021,LUAD,RNA-seq,Lehtio_2021,MP_mh_subtype
Lehtio_2021,LUAD,RNA-seq,Lehtio_2021,MP_ml_subtype
Lehtio_2021,LUAD,RNA-seq,Lehtio_2021,MP_p_subtype
Lehtio_2021,LUAD,RNA-seq,Lehtio_2021,MP_r_subtype
Lehtio_2021,LUAD,RNA-seq,Lehtio_2021,NCPs
Lehtio_2021,LUAD,RNA-seq,Lehtio_2021,NF1_mut
Lehtio_2021,LUAD,RNA-seq,Lehtio_2021,NFE2L2_mut
Lehtio_2021,LUAD,RNA-seq,Lehtio_2021,NOTCH2_mut
Lehtio_2021,LUAD,RNA-seq,Lehtio_2021,OS
Lehtio_2021,LUAD,RNA-seq,Lehtio_2021,OS_status
Lehtio_2021,LUAD,RNA-seq,Lehtio_2021,PanelSeqPresent
Lehtio_2021,LUAD,RNA-seq,Lehtio_2021,PDL1_IHC
Lehtio_2021,LUAD,RNA-seq,Lehtio_2021,PIK3CA_mut
Lehtio_2021,LUAD,RNA-seq,Lehtio_2021,POLD1_mut
Lehtio_2021,LUAD,RNA-seq,Lehtio_2021,Previous_histology
Lehtio_2021,LUAD,RNA-seq,Lehtio_2021,PTEN_mut
Lehtio_2021,LUAD,RNA-seq,Lehtio_2021,Purity
Lehtio_2021,LUAD,RNA-seq,Lehtio_2021,RB1_mut
Lehtio_2021,LUAD,RNA-seq,Lehtio_2021,RBM10_mut
Lehtio_2021,LUAD,RNA-seq,Lehtio_2021,Ref_protein_subtype
Lehtio_2021,LUAD,RNA-seq,Lehtio_2021,Ref_RNA_Classical_subtype
Lehtio_2021,LUAD,RNA-seq,Lehtio_2021,Ref_RNA_subtype_Karlsson2017
Lehtio_2021,LUAD,RNA-seq,Lehtio_2021,RFS
Lehtio_2021,LUAD,RNA-seq,Lehtio_2021,RFS_status
Lehtio_2021,LUAD,RNA-seq,Lehtio_2021,SMARCA4_mut
Lehtio_2021,LUAD,RNA-seq,Lehtio_2021,Smoking_status
Lehtio_2021,LUAD,RNA-seq,Lehtio_2021,SmokingStatus_Binary
Lehtio_2021,LUAD,RNA-seq,Lehtio_2021,Stage
Lehtio_2021,LUAD,RNA-seq,Lehtio_2021,Stage_general
Lehtio_2021,LUAD,RNA-seq,Lehtio_2021,STK11_mut
Lehtio_2021,LUAD,RNA-seq,Lehtio_2021,Stroma_Estimate
Lehtio_2021,LUAD,RNA-seq,Lehtio_2021,TMB
Lehtio_2021,LUAD,RNA-seq,Lehtio_2021,Tumor/Normal
Lehtio_2021,LUAD,RNA-seq,Lehtio_2021,TP53_mut
Lehtio_2021,LUAD,RNA-seq,Lehtio_2021,Cancer type
Lehtio_2021,LUAD,RNA-seq,Lehtio_2021,WHO2015_histology
Lehtio_2021,LUAD,RNA-seq,Lehtio_2021,ZFHX3_mut
Lehtio_2021,LUAD,WXS,Lehtio_2021,Adjuvant_therapy
Lehtio_2021,LUAD,WXS,Lehtio_2021,Age
Lehtio_2021,LUAD,WXS,Lehtio_2021,ARID1A_mut
Lehtio_2021,LUAD,WXS,Lehtio_2021,ARID2_mut
Lehtio_2021,LUAD,WXS,Lehtio_2021,ASXL1_mut
Lehtio_2021,LUAD,WXS,Lehtio_2021,ATM_mut
Lehtio_2021,LUAD,WXS,Lehtio_2021,BLM_mut
Lehtio_2021,LUAD,WXS,Lehtio_2021,BRAF_mut
Lehtio_2021,LUAD,WXS,Lehtio_2021,Cancer_Testis_Antigens
Lehtio_2021,LUAD,WXS,Lehtio_2021,CD3_Stromal_IHC
Lehtio_2021,LUAD,WXS,Lehtio_2021,CD8_Stromal_IHC
Lehtio_2021,LUAD,WXS,Lehtio_2021,CDKN2A_mut
Lehtio_2021,LUAD,WXS,Lehtio_2021,Classical_m_score
Lehtio_2021,LUAD,WXS,Lehtio_2021,Classical_m_subtype
Lehtio_2021,LUAD,WXS,Lehtio_2021,Classical_meth_subtype
Lehtio_2021,LUAD,WXS,Lehtio_2021,Classical_p_subtype
Lehtio_2021,LUAD,WXS,Lehtio_2021,Classical_r_subtype
Lehtio_2021,LUAD,WXS,Lehtio_2021,Driver_subtype
Lehtio_2021,LUAD,WXS,Lehtio_2021,Primary/metastasis
Lehtio_2021,LUAD,WXS,Lehtio_2021,EGFR_mut
Lehtio_2021,LUAD,WXS,Lehtio_2021,FAT1_mut
Lehtio_2021,LUAD,WXS,Lehtio_2021,Gender
Lehtio_2021,LUAD,WXS,Lehtio_2021,Immune_Estimate
Lehtio_2021,LUAD,WXS,Lehtio_2021,KEAP1_mut
Lehtio_2021,LUAD,WXS,Lehtio_2021,KMT2C_mut
Lehtio_2021,LUAD,WXS,Lehtio_2021,KMT2D_mut
Lehtio_2021,LUAD,WXS,Lehtio_2021,KRAS_mut
Lehtio_2021,LUAD,WXS,Lehtio_2021,Methylation_scores_overall
Lehtio_2021,LUAD,WXS,Lehtio_2021,Methylation_scores_promoter
Lehtio_2021,LUAD,WXS,Lehtio_2021,MethylationPresent
Lehtio_2021,LUAD,WXS,Lehtio_2021,MP_mh_subtype
Lehtio_2021,LUAD,WXS,Lehtio_2021,MP_ml_subtype
Lehtio_2021,LUAD,WXS,Lehtio_2021,MP_p_subtype
Lehtio_2021,LUAD,WXS,Lehtio_2021,MP_r_subtype
Lehtio_2021,LUAD,WXS,Lehtio_2021,NCPs
Lehtio_2021,LUAD,WXS,Lehtio_2021,NF1_mut
Lehtio_2021,LUAD,WXS,Lehtio_2021,NFE2L2_mut
Lehtio_2021,LUAD,WXS,Lehtio_2021,NOTCH2_mut
Lehtio_2021,LUAD,WXS,Lehtio_2021,OS
Lehtio_2021,LUAD,WXS,Lehtio_2021,OS_status
Lehtio_2021,LUAD,WXS,Lehtio_2021,PanelSeqPresent
Lehtio_2021,LUAD,WXS,Lehtio_2021,PDL1_IHC
Lehtio_2021,LUAD,WXS,Lehtio_2021,PIK3CA_mut
Lehtio_2021,LUAD,WXS,Lehtio_2021,POLD1_mut
Lehtio_2021,LUAD,WXS,Lehtio_2021,Previous_histology
Lehtio_2021,LUAD,WXS,Lehtio_2021,PTEN_mut
Lehtio_2021,LUAD,WXS,Lehtio_2021,Purity
Lehtio_2021,LUAD,WXS,Lehtio_2021,RB1_mut
Lehtio_2021,LUAD,WXS,Lehtio_2021,RBM10_mut
Lehtio_2021,LUAD,WXS,Lehtio_2021,Ref_protein_subtype
Lehtio_2021,LUAD,WXS,Lehtio_2021,Ref_RNA_Classical_subtype
Lehtio_2021,LUAD,WXS,Lehtio_2021,Ref_RNA_subtype_Karlsson2017
Lehtio_2021,LUAD,WXS,Lehtio_2021,RFS
Lehtio_2021,LUAD,WXS,Lehtio_2021,RFS_status
Lehtio_2021,LUAD,WXS,Lehtio_2021,SMARCA4_mut
Lehtio_2021,LUAD,WXS,Lehtio_2021,Smoking_status
Lehtio_2021,LUAD,WXS,Lehtio_2021,SmokingStatus_Binary
Lehtio_2021,LUAD,WXS,Lehtio_2021,Stage
Lehtio_2021,LUAD,WXS,Lehtio_2021,Stage_general
Lehtio_2021,LUAD,WXS,Lehtio_2021,STK11_mut
Lehtio_2021,LUAD,WXS,Lehtio_2021,Stroma_Estimate
Lehtio_2021,LUAD,WXS,Lehtio_2021,TMB
Lehtio_2021,LUAD,WXS,Lehtio_2021,Tumor/Normal
Lehtio_2021,LUAD,WXS,Lehtio_2021,TP53_mut
Lehtio_2021,LUAD,WXS,Lehtio_2021,Cancer type
Lehtio_2021,LUAD,WXS,Lehtio_2021,WHO2015_histology
Lehtio_2021,LUAD,WXS,Lehtio_2021,ZFHX3_mut
Lehtio_2021,LUSC,Methylome,LehtioLUSC_2021,Adjuvant_therapy
Lehtio_2021,LUSC,Methylome,LehtioLUSC_2021,Age
Lehtio_2021,LUSC,Methylome,LehtioLUSC_2021,ARID1A_mut
Lehtio_2021,LUSC,Methylome,LehtioLUSC_2021,ARID2_mut
Lehtio_2021,LUSC,Methylome,LehtioLUSC_2021,ASXL1_mut
Lehtio_2021,LUSC,Methylome,LehtioLUSC_2021,ATM_mut
Lehtio_2021,LUSC,Methylome,LehtioLUSC_2021,BLM_mut
Lehtio_2021,LUSC,Methylome,LehtioLUSC_2021,BRAF_mut
Lehtio_2021,LUSC,Methylome,LehtioLUSC_2021,Cancer_Testis_Antigens
Lehtio_2021,LUSC,Methylome,LehtioLUSC_2021,CD3_Stromal_IHC
Lehtio_2021,LUSC,Methylome,LehtioLUSC_2021,CD8_Stromal_IHC
Lehtio_2021,LUSC,Methylome,LehtioLUSC_2021,CDKN2A_mut
Lehtio_2021,LUSC,Methylome,LehtioLUSC_2021,Classical_m_score
Lehtio_2021,LUSC,Methylome,LehtioLUSC_2021,Classical_m_subtype
Lehtio_2021,LUSC,Methylome,LehtioLUSC_2021,Classical_meth_subtype
Lehtio_2021,LUSC,Methylome,LehtioLUSC_2021,Classical_p_subtype
Lehtio_2021,LUSC,Methylome,LehtioLUSC_2021,Classical_r_subtype
Lehtio_2021,LUSC,Methylome,LehtioLUSC_2021,Primary/metastasis
Lehtio_2021,LUSC,Methylome,LehtioLUSC_2021,EGFR_mut
Lehtio_2021,LUSC,Methylome,LehtioLUSC_2021,FAT1_mut
Lehtio_2021,LUSC,Methylome,LehtioLUSC_2021,Gender
Lehtio_2021,LUSC,Methylome,LehtioLUSC_2021,Immune_Estimate
Lehtio_2021,LUSC,Methylome,LehtioLUSC_2021,KEAP1_mut
Lehtio_2021,LUSC,Methylome,LehtioLUSC_2021,KMT2C_mut
Lehtio_2021,LUSC,Methylome,LehtioLUSC_2021,KMT2D_mut
Lehtio_2021,LUSC,Methylome,LehtioLUSC_2021,KRAS_mut
Lehtio_2021,LUSC,Methylome,LehtioLUSC_2021,Methylation_scores_overall
Lehtio_2021,LUSC,Methylome,LehtioLUSC_2021,Methylation_scores_promoter
Lehtio_2021,LUSC,Methylome,LehtioLUSC_2021,MethylationPresent
Lehtio_2021,LUSC,Methylome,LehtioLUSC_2021,MP_mh_subtype
Lehtio_2021,LUSC,Methylome,LehtioLUSC_2021,MP_ml_subtype
Lehtio_2021,LUSC,Methylome,LehtioLUSC_2021,MP_p_subtype
Lehtio_2021,LUSC,Methylome,LehtioLUSC_2021,MP_r_subtype
Lehtio_2021,LUSC,Methylome,LehtioLUSC_2021,NCPs
Lehtio_2021,LUSC,Methylome,LehtioLUSC_2021,NF1_mut
Lehtio_2021,LUSC,Methylome,LehtioLUSC_2021,NFE2L2_mut
Lehtio_2021,LUSC,Methylome,LehtioLUSC_2021,NOTCH2_mut
Lehtio_2021,LUSC,Methylome,LehtioLUSC_2021,OS
Lehtio_2021,LUSC,Methylome,LehtioLUSC_2021,OS_status
Lehtio_2021,LUSC,Methylome,LehtioLUSC_2021,PanelSeqPresent
Lehtio_2021,LUSC,Methylome,LehtioLUSC_2021,PDL1_IHC
Lehtio_2021,LUSC,Methylome,LehtioLUSC_2021,PIK3CA_mut
Lehtio_2021,LUSC,Methylome,LehtioLUSC_2021,POLD1_mut
Lehtio_2021,LUSC,Methylome,LehtioLUSC_2021,Previous_histology
Lehtio_2021,LUSC,Methylome,LehtioLUSC_2021,PTEN_mut
Lehtio_2021,LUSC,Methylome,LehtioLUSC_2021,Purity
Lehtio_2021,LUSC,Methylome,LehtioLUSC_2021,RB1_mut
Lehtio_2021,LUSC,Methylome,LehtioLUSC_2021,RBM10_mut
Lehtio_2021,LUSC,Methylome,LehtioLUSC_2021,Ref_protein_subtype
Lehtio_2021,LUSC,Methylome,LehtioLUSC_2021,Ref_RNA_Classical_subtype
Lehtio_2021,LUSC,Methylome,LehtioLUSC_2021,Ref_RNA_subtype_Karlsson2017
Lehtio_2021,LUSC,Methylome,LehtioLUSC_2021,RFS
Lehtio_2021,LUSC,Methylome,LehtioLUSC_2021,RFS_status
Lehtio_2021,LUSC,Methylome,LehtioLUSC_2021,SMARCA4_mut
Lehtio_2021,LUSC,Methylome,LehtioLUSC_2021,Smoking_status
Lehtio_2021,LUSC,Methylome,LehtioLUSC_2021,SmokingStatus_Binary
Lehtio_2021,LUSC,Methylome,LehtioLUSC_2021,Stage
Lehtio_2021,LUSC,Methylome,LehtioLUSC_2021,Stage_general
Lehtio_2021,LUSC,Methylome,LehtioLUSC_2021,STK11_mut
Lehtio_2021,LUSC,Methylome,LehtioLUSC_2021,Stroma_Estimate
Lehtio_2021,LUSC,Methylome,LehtioLUSC_2021,TMB
Lehtio_2021,LUSC,Methylome,LehtioLUSC_2021,Tumor/Normal
Lehtio_2021,LUSC,Methylome,LehtioLUSC_2021,TP53_mut
Lehtio_2021,LUSC,Methylome,LehtioLUSC_2021,Cancer type
Lehtio_2021,LUSC,Methylome,LehtioLUSC_2021,WHO2015_histology
Lehtio_2021,LUSC,Methylome,LehtioLUSC_2021,ZFHX3_mut
Lehtio_2021,LUSC,Proteomics,LehtioLUSC_2021,Adjuvant_therapy
Lehtio_2021,LUSC,Proteomics,LehtioLUSC_2021,Age
Lehtio_2021,LUSC,Proteomics,LehtioLUSC_2021,ARID1A_mut
Lehtio_2021,LUSC,Proteomics,LehtioLUSC_2021,ARID2_mut
Lehtio_2021,LUSC,Proteomics,LehtioLUSC_2021,ASXL1_mut
Lehtio_2021,LUSC,Proteomics,LehtioLUSC_2021,ATM_mut
Lehtio_2021,LUSC,Proteomics,LehtioLUSC_2021,BLM_mut
Lehtio_2021,LUSC,Proteomics,LehtioLUSC_2021,BRAF_mut
Lehtio_2021,LUSC,Proteomics,LehtioLUSC_2021,Cancer_Testis_Antigens
Lehtio_2021,LUSC,Proteomics,LehtioLUSC_2021,CD3_Stromal_IHC
Lehtio_2021,LUSC,Proteomics,LehtioLUSC_2021,CD8_Stromal_IHC
Lehtio_2021,LUSC,Proteomics,LehtioLUSC_2021,CDKN2A_mut
Lehtio_2021,LUSC,Proteomics,LehtioLUSC_2021,Classical_m_score
Lehtio_2021,LUSC,Proteomics,LehtioLUSC_2021,Classical_m_subtype
Lehtio_2021,LUSC,Proteomics,LehtioLUSC_2021,Classical_meth_subtype
Lehtio_2021,LUSC,Proteomics,LehtioLUSC_2021,Classical_p_subtype
Lehtio_2021,LUSC,Proteomics,LehtioLUSC_2021,Classical_r_subtype
Lehtio_2021,LUSC,Proteomics,LehtioLUSC_2021,Primary/metastasis
Lehtio_2021,LUSC,Proteomics,LehtioLUSC_2021,EGFR_mut
Lehtio_2021,LUSC,Proteomics,LehtioLUSC_2021,FAT1_mut
Lehtio_2021,LUSC,Proteomics,LehtioLUSC_2021,Gender
Lehtio_2021,LUSC,Proteomics,LehtioLUSC_2021,Immune_Estimate
Lehtio_2021,LUSC,Proteomics,LehtioLUSC_2021,KEAP1_mut
Lehtio_2021,LUSC,Proteomics,LehtioLUSC_2021,KMT2C_mut
Lehtio_2021,LUSC,Proteomics,LehtioLUSC_2021,KMT2D_mut
Lehtio_2021,LUSC,Proteomics,LehtioLUSC_2021,KRAS_mut
Lehtio_2021,LUSC,Proteomics,LehtioLUSC_2021,Methylation_scores_overall
Lehtio_2021,LUSC,Proteomics,LehtioLUSC_2021,Methylation_scores_promoter
Lehtio_2021,LUSC,Proteomics,LehtioLUSC_2021,MethylationPresent
Lehtio_2021,LUSC,Proteomics,LehtioLUSC_2021,MP_mh_subtype
Lehtio_2021,LUSC,Proteomics,LehtioLUSC_2021,MP_ml_subtype
Lehtio_2021,LUSC,Proteomics,LehtioLUSC_2021,MP_p_subtype
Lehtio_2021,LUSC,Proteomics,LehtioLUSC_2021,MP_r_subtype
Lehtio_2021,LUSC,Proteomics,LehtioLUSC_2021,NCPs
Lehtio_2021,LUSC,Proteomics,LehtioLUSC_2021,NF1_mut
Lehtio_2021,LUSC,Proteomics,LehtioLUSC_2021,NFE2L2_mut
Lehtio_2021,LUSC,Proteomics,LehtioLUSC_2021,NOTCH2_mut
Lehtio_2021,LUSC,Proteomics,LehtioLUSC_2021,OS
Lehtio_2021,LUSC,Proteomics,LehtioLUSC_2021,OS_status
Lehtio_2021,LUSC,Proteomics,LehtioLUSC_2021,PanelSeqPresent
Lehtio_2021,LUSC,Proteomics,LehtioLUSC_2021,PDL1_IHC
Lehtio_2021,LUSC,Proteomics,LehtioLUSC_2021,PIK3CA_mut
Lehtio_2021,LUSC,Proteomics,LehtioLUSC_2021,POLD1_mut
Lehtio_2021,LUSC,Proteomics,LehtioLUSC_2021,Previous_histology
Lehtio_2021,LUSC,Proteomics,LehtioLUSC_2021,PTEN_mut
Lehtio_2021,LUSC,Proteomics,LehtioLUSC_2021,Purity
Lehtio_2021,LUSC,Proteomics,LehtioLUSC_2021,RB1_mut
Lehtio_2021,LUSC,Proteomics,LehtioLUSC_2021,RBM10_mut
Lehtio_2021,LUSC,Proteomics,LehtioLUSC_2021,Ref_protein_subtype
Lehtio_2021,LUSC,Proteomics,LehtioLUSC_2021,Ref_RNA_Classical_subtype
Lehtio_2021,LUSC,Proteomics,LehtioLUSC_2021,Ref_RNA_subtype_Karlsson2017
Lehtio_2021,LUSC,Proteomics,LehtioLUSC_2021,RFS
Lehtio_2021,LUSC,Proteomics,LehtioLUSC_2021,RFS_status
Lehtio_2021,LUSC,Proteomics,LehtioLUSC_2021,SMARCA4_mut
Lehtio_2021,LUSC,Proteomics,LehtioLUSC_2021,Smoking_status
Lehtio_2021,LUSC,Proteomics,LehtioLUSC_2021,SmokingStatus_Binary
Lehtio_2021,LUSC,Proteomics,LehtioLUSC_2021,Stage
Lehtio_2021,LUSC,Proteomics,LehtioLUSC_2021,Stage_general
Lehtio_2021,LUSC,Proteomics,LehtioLUSC_2021,STK11_mut
Lehtio_2021,LUSC,Proteomics,LehtioLUSC_2021,Stroma_Estimate
Lehtio_2021,LUSC,Proteomics,LehtioLUSC_2021,TMB
Lehtio_2021,LUSC,Proteomics,LehtioLUSC_2021,Tumor/Normal
Lehtio_2021,LUSC,Proteomics,LehtioLUSC_2021,TP53_mut
Lehtio_2021,LUSC,Proteomics,LehtioLUSC_2021,Cancer type
Lehtio_2021,LUSC,Proteomics,LehtioLUSC_2021,WHO2015_histology
Lehtio_2021,LUSC,Proteomics,LehtioLUSC_2021,ZFHX3_mut
Lehtio_2021,LUSC,RNA-seq,LehtioLUSC_2021,Adjuvant_therapy
Lehtio_2021,LUSC,RNA-seq,LehtioLUSC_2021,Age
Lehtio_2021,LUSC,RNA-seq,LehtioLUSC_2021,ARID1A_mut
Lehtio_2021,LUSC,RNA-seq,LehtioLUSC_2021,ARID2_mut
Lehtio_2021,LUSC,RNA-seq,LehtioLUSC_2021,ASXL1_mut
Lehtio_2021,LUSC,RNA-seq,LehtioLUSC_2021,ATM_mut
Lehtio_2021,LUSC,RNA-seq,LehtioLUSC_2021,BLM_mut
Lehtio_2021,LUSC,RNA-seq,LehtioLUSC_2021,BRAF_mut
Lehtio_2021,LUSC,RNA-seq,LehtioLUSC_2021,Cancer_Testis_Antigens
Lehtio_2021,LUSC,RNA-seq,LehtioLUSC_2021,CD3_Stromal_IHC
Lehtio_2021,LUSC,RNA-seq,LehtioLUSC_2021,CD8_Stromal_IHC
Lehtio_2021,LUSC,RNA-seq,LehtioLUSC_2021,CDKN2A_mut
Lehtio_2021,LUSC,RNA-seq,LehtioLUSC_2021,Classical_m_score
Lehtio_2021,LUSC,RNA-seq,LehtioLUSC_2021,Classical_m_subtype
Lehtio_2021,LUSC,RNA-seq,LehtioLUSC_2021,Classical_meth_subtype
Lehtio_2021,LUSC,RNA-seq,LehtioLUSC_2021,Classical_p_subtype
Lehtio_2021,LUSC,RNA-seq,LehtioLUSC_2021,Classical_r_subtype
Lehtio_2021,LUSC,RNA-seq,LehtioLUSC_2021,Primary/metastasis
Lehtio_2021,LUSC,RNA-seq,LehtioLUSC_2021,EGFR_mut
Lehtio_2021,LUSC,RNA-seq,LehtioLUSC_2021,FAT1_mut
Lehtio_2021,LUSC,RNA-seq,LehtioLUSC_2021,Gender
Lehtio_2021,LUSC,RNA-seq,LehtioLUSC_2021,Immune_Estimate
Lehtio_2021,LUSC,RNA-seq,LehtioLUSC_2021,KEAP1_mut
Lehtio_2021,LUSC,RNA-seq,LehtioLUSC_2021,KMT2C_mut
Lehtio_2021,LUSC,RNA-seq,LehtioLUSC_2021,KMT2D_mut
Lehtio_2021,LUSC,RNA-seq,LehtioLUSC_2021,KRAS_mut
Lehtio_2021,LUSC,RNA-seq,LehtioLUSC_2021,Methylation_scores_overall
Lehtio_2021,LUSC,RNA-seq,LehtioLUSC_2021,Methylation_scores_promoter
Lehtio_2021,LUSC,RNA-seq,LehtioLUSC_2021,MethylationPresent
Lehtio_2021,LUSC,RNA-seq,LehtioLUSC_2021,MP_mh_subtype
Lehtio_2021,LUSC,RNA-seq,LehtioLUSC_2021,MP_ml_subtype
Lehtio_2021,LUSC,RNA-seq,LehtioLUSC_2021,MP_p_subtype
Lehtio_2021,LUSC,RNA-seq,LehtioLUSC_2021,MP_r_subtype
Lehtio_2021,LUSC,RNA-seq,LehtioLUSC_2021,NCPs
Lehtio_2021,LUSC,RNA-seq,LehtioLUSC_2021,NF1_mut
Lehtio_2021,LUSC,RNA-seq,LehtioLUSC_2021,NFE2L2_mut
Lehtio_2021,LUSC,RNA-seq,LehtioLUSC_2021,NOTCH2_mut
Lehtio_2021,LUSC,RNA-seq,LehtioLUSC_2021,OS
Lehtio_2021,LUSC,RNA-seq,LehtioLUSC_2021,OS_status
Lehtio_2021,LUSC,RNA-seq,LehtioLUSC_2021,PanelSeqPresent
Lehtio_2021,LUSC,RNA-seq,LehtioLUSC_2021,PDL1_IHC
Lehtio_2021,LUSC,RNA-seq,LehtioLUSC_2021,PIK3CA_mut
Lehtio_2021,LUSC,RNA-seq,LehtioLUSC_2021,POLD1_mut
Lehtio_2021,LUSC,RNA-seq,LehtioLUSC_2021,Previous_histology
Lehtio_2021,LUSC,RNA-seq,LehtioLUSC_2021,PTEN_mut
Lehtio_2021,LUSC,RNA-seq,LehtioLUSC_2021,Purity
Lehtio_2021,LUSC,RNA-seq,LehtioLUSC_2021,RB1_mut
Lehtio_2021,LUSC,RNA-seq,LehtioLUSC_2021,RBM10_mut
Lehtio_2021,LUSC,RNA-seq,LehtioLUSC_2021,Ref_protein_subtype
Lehtio_2021,LUSC,RNA-seq,LehtioLUSC_2021,Ref_RNA_Classical_subtype
Lehtio_2021,LUSC,RNA-seq,LehtioLUSC_2021,Ref_RNA_subtype_Karlsson2017
Lehtio_2021,LUSC,RNA-seq,LehtioLUSC_2021,RFS
Lehtio_2021,LUSC,RNA-seq,LehtioLUSC_2021,RFS_status
Lehtio_2021,LUSC,RNA-seq,LehtioLUSC_2021,SMARCA4_mut
Lehtio_2021,LUSC,RNA-seq,LehtioLUSC_2021,Smoking_status
Lehtio_2021,LUSC,RNA-seq,LehtioLUSC_2021,SmokingStatus_Binary
Lehtio_2021,LUSC,RNA-seq,LehtioLUSC_2021,Stage
Lehtio_2021,LUSC,RNA-seq,LehtioLUSC_2021,Stage_general
Lehtio_2021,LUSC,RNA-seq,LehtioLUSC_2021,STK11_mut
Lehtio_2021,LUSC,RNA-seq,LehtioLUSC_2021,Stroma_Estimate
Lehtio_2021,LUSC,RNA-seq,LehtioLUSC_2021,TMB
Lehtio_2021,LUSC,RNA-seq,LehtioLUSC_2021,Tumor/Normal
Lehtio_2021,LUSC,RNA-seq,LehtioLUSC_2021,TP53_mut
Lehtio_2021,LUSC,RNA-seq,LehtioLUSC_2021,Cancer type
Lehtio_2021,LUSC,RNA-seq,LehtioLUSC_2021,WHO2015_histology
Lehtio_2021,LUSC,RNA-seq,LehtioLUSC_2021,ZFHX3_mut
Lehtio_2021,LUSC,WXS,LehtioLUSC_2021,Adjuvant_therapy
Lehtio_2021,LUSC,WXS,LehtioLUSC_2021,Age
Lehtio_2021,LUSC,WXS,LehtioLUSC_2021,ARID1A_mut
Lehtio_2021,LUSC,WXS,LehtioLUSC_2021,ARID2_mut
Lehtio_2021,LUSC,WXS,LehtioLUSC_2021,ASXL1_mut
Lehtio_2021,LUSC,WXS,LehtioLUSC_2021,ATM_mut
Lehtio_2021,LUSC,WXS,LehtioLUSC_2021,BLM_mut
Lehtio_2021,LUSC,WXS,LehtioLUSC_2021,BRAF_mut
Lehtio_2021,LUSC,WXS,LehtioLUSC_2021,Cancer_Testis_Antigens
Lehtio_2021,LUSC,WXS,LehtioLUSC_2021,CD3_Stromal_IHC
Lehtio_2021,LUSC,WXS,LehtioLUSC_2021,CD8_Stromal_IHC
Lehtio_2021,LUSC,WXS,LehtioLUSC_2021,CDKN2A_mut
Lehtio_2021,LUSC,WXS,LehtioLUSC_2021,Classical_m_score
Lehtio_2021,LUSC,WXS,LehtioLUSC_2021,Classical_m_subtype
Lehtio_2021,LUSC,WXS,LehtioLUSC_2021,Classical_meth_subtype
Lehtio_2021,LUSC,WXS,LehtioLUSC_2021,Classical_p_subtype
Lehtio_2021,LUSC,WXS,LehtioLUSC_2021,Classical_r_subtype
Lehtio_2021,LUSC,WXS,LehtioLUSC_2021,Driver_subtype
Lehtio_2021,LUSC,WXS,LehtioLUSC_2021,Primary/metastasis
Lehtio_2021,LUSC,WXS,LehtioLUSC_2021,EGFR_mut
Lehtio_2021,LUSC,WXS,LehtioLUSC_2021,FAT1_mut
Lehtio_2021,LUSC,WXS,LehtioLUSC_2021,Gender
Lehtio_2021,LUSC,WXS,LehtioLUSC_2021,Immune_Estimate
Lehtio_2021,LUSC,WXS,LehtioLUSC_2021,KEAP1_mut
Lehtio_2021,LUSC,WXS,LehtioLUSC_2021,KMT2C_mut
Lehtio_2021,LUSC,WXS,LehtioLUSC_2021,KMT2D_mut
Lehtio_2021,LUSC,WXS,LehtioLUSC_2021,KRAS_mut
Lehtio_2021,LUSC,WXS,LehtioLUSC_2021,Methylation_scores_overall
Lehtio_2021,LUSC,WXS,LehtioLUSC_2021,Methylation_scores_promoter
Lehtio_2021,LUSC,WXS,LehtioLUSC_2021,MethylationPresent
Lehtio_2021,LUSC,WXS,LehtioLUSC_2021,MP_mh_subtype
Lehtio_2021,LUSC,WXS,LehtioLUSC_2021,MP_ml_subtype
Lehtio_2021,LUSC,WXS,LehtioLUSC_2021,MP_p_subtype
Lehtio_2021,LUSC,WXS,LehtioLUSC_2021,MP_r_subtype
Lehtio_2021,LUSC,WXS,LehtioLUSC_2021,NCPs
Lehtio_2021,LUSC,WXS,LehtioLUSC_2021,NF1_mut
Lehtio_2021,LUSC,WXS,LehtioLUSC_2021,NFE2L2_mut
Lehtio_2021,LUSC,WXS,LehtioLUSC_2021,NOTCH2_mut
Lehtio_2021,LUSC,WXS,LehtioLUSC_2021,OS
Lehtio_2021,LUSC,WXS,LehtioLUSC_2021,OS_status
Lehtio_2021,LUSC,WXS,LehtioLUSC_2021,PanelSeqPresent
Lehtio_2021,LUSC,WXS,LehtioLUSC_2021,PDL1_IHC
Lehtio_2021,LUSC,WXS,LehtioLUSC_2021,PIK3CA_mut
Lehtio_2021,LUSC,WXS,LehtioLUSC_2021,POLD1_mut
Lehtio_2021,LUSC,WXS,LehtioLUSC_2021,Previous_histology
Lehtio_2021,LUSC,WXS,LehtioLUSC_2021,PTEN_mut
Lehtio_2021,LUSC,WXS,LehtioLUSC_2021,Purity
Lehtio_2021,LUSC,WXS,LehtioLUSC_2021,RB1_mut
Lehtio_2021,LUSC,WXS,LehtioLUSC_2021,RBM10_mut
Lehtio_2021,LUSC,WXS,LehtioLUSC_2021,Ref_protein_subtype
Lehtio_2021,LUSC,WXS,LehtioLUSC_2021,Ref_RNA_Classical_subtype
Lehtio_2021,LUSC,WXS,LehtioLUSC_2021,Ref_RNA_subtype_Karlsson2017
Lehtio_2021,LUSC,WXS,LehtioLUSC_2021,RFS
Lehtio_2021,LUSC,WXS,LehtioLUSC_2021,RFS_status
Lehtio_2021,LUSC,WXS,LehtioLUSC_2021,SMARCA4_mut
Lehtio_2021,LUSC,WXS,LehtioLUSC_2021,Smoking_status
Lehtio_2021,LUSC,WXS,LehtioLUSC_2021,SmokingStatus_Binary
Lehtio_2021,LUSC,WXS,LehtioLUSC_2021,Stage
Lehtio_2021,LUSC,WXS,LehtioLUSC_2021,Stage_general
Lehtio_2021,LUSC,WXS,LehtioLUSC_2021,STK11_mut
Lehtio_2021,LUSC,WXS,LehtioLUSC_2021,Stroma_Estimate
Lehtio_2021,LUSC,WXS,LehtioLUSC_2021,TMB
Lehtio_2021,LUSC,WXS,LehtioLUSC_2021,Tumor/Normal
Lehtio_2021,LUSC,WXS,LehtioLUSC_2021,TP53_mut
Lehtio_2021,LUSC,WXS,LehtioLUSC_2021,Cancer type
Lehtio_2021,LUSC,WXS,LehtioLUSC_2021,WHO2015_histology
Lehtio_2021,LUSC,WXS,LehtioLUSC_2021,ZFHX3_mut
Lehtio-late_2021,LUAD,Proteomics,Lehtio-lateLUAD_2021,Classical_p_subtype
Lehtio-late_2021,LUAD,Proteomics,Lehtio-lateLUAD_2021,Primary/metastasis
Lehtio-late_2021,LUAD,Proteomics,Lehtio-lateLUAD_2021,FeaturePairCoverage
Lehtio-late_2021,LUAD,Proteomics,Lehtio-lateLUAD_2021,MP_p_subtype
Lehtio-late_2021,LUAD,Proteomics,Lehtio-lateLUAD_2021,Ref_kTSP_lehtio2021_subtype
Lehtio-late_2021,LUAD,Proteomics,Lehtio-lateLUAD_2021,RNA amount_ng
Lehtio-late_2021,LUAD,Proteomics,Lehtio-lateLUAD_2021,Sample
Lehtio-late_2021,LUAD,Proteomics,Lehtio-lateLUAD_2021,Sample amount used (ul)
Lehtio-late_2021,LUAD,Proteomics,Lehtio-lateLUAD_2021,Sample type revision
Lehtio-late_2021,LUAD,Proteomics,Lehtio-lateLUAD_2021,Sample type
Lehtio-late_2021,LUAD,Proteomics,Lehtio-lateLUAD_2021,TieBreak
Lehtio-late_2021,LUAD,Proteomics,Lehtio-lateLUAD_2021,Tumor/Normal
Lehtio-late_2021,LUAD,Proteomics,Lehtio-lateLUAD_2021,TNM
Lehtio-late_2021,LUAD,Proteomics,Lehtio-lateLUAD_2021,TotalPairs
Lehtio-late_2021,LUAD,Proteomics,Lehtio-lateLUAD_2021,Cancer type
Lehtio-late_2021,LUAD,Proteomics,Lehtio-lateLUAD_2021,Vote1
Lehtio-late_2021,LUAD,Proteomics,Lehtio-lateLUAD_2021,Vote2
Lehtio-late_2021,LUAD,Proteomics,Lehtio-lateLUAD_2021,Vote3
Lehtio-late_2021,LUAD,Proteomics,Lehtio-lateLUAD_2021,Vote4
Lehtio-late_2021,LUAD,Proteomics,Lehtio-lateLUAD_2021,Vote5
Lehtio-late_2021,LUAD,Proteomics,Lehtio-lateLUAD_2021,Vote6
Lehtio-late_2021,LUSC,Proteomics,Lehtio-lateLUSC_2021,Classical_p_subtype
Lehtio-late_2021,LUSC,Proteomics,Lehtio-lateLUSC_2021,Primary/metastasis
Lehtio-late_2021,LUSC,Proteomics,Lehtio-lateLUSC_2021,FeaturePairCoverage
Lehtio-late_2021,LUSC,Proteomics,Lehtio-lateLUSC_2021,MP_p_subtype
Lehtio-late_2021,LUSC,Proteomics,Lehtio-lateLUSC_2021,Ref_kTSP_lehtio2021_subtype
Lehtio-late_2021,LUSC,Proteomics,Lehtio-lateLUSC_2021,RNA amount_ng
Lehtio-late_2021,LUSC,Proteomics,Lehtio-lateLUSC_2021,Sample
Lehtio-late_2021,LUSC,Proteomics,Lehtio-lateLUSC_2021,Sample amount used (ul)
Lehtio-late_2021,LUSC,Proteomics,Lehtio-lateLUSC_2021,Sample type revision
Lehtio-late_2021,LUSC,Proteomics,Lehtio-lateLUSC_2021,Sample type
Lehtio-late_2021,LUSC,Proteomics,Lehtio-lateLUSC_2021,TieBreak
Lehtio-late_2021,LUSC,Proteomics,Lehtio-lateLUSC_2021,Tumor/Normal
Lehtio-late_2021,LUSC,Proteomics,Lehtio-lateLUSC_2021,TNM
Lehtio-late_2021,LUSC,Proteomics,Lehtio-lateLUSC_2021,TotalPairs
Lehtio-late_2021,LUSC,Proteomics,Lehtio-lateLUSC_2021,Cancer type
Lehtio-late_2021,LUSC,Proteomics,Lehtio-lateLUSC_2021,Vote1
Lehtio-late_2021,LUSC,Proteomics,Lehtio-lateLUSC_2021,Vote2
Lehtio-late_2021,LUSC,Proteomics,Lehtio-lateLUSC_2021,Vote3
Lehtio-late_2021,LUSC,Proteomics,Lehtio-lateLUSC_2021,Vote4
Lehtio-late_2021,LUSC,Proteomics,Lehtio-lateLUSC_2021,Vote5
Lehtio-late_2021,LUSC,Proteomics,Lehtio-lateLUSC_2021,Vote6
Lehtio-late_2021,SCLC,Proteomics,Lehtio-lateSCLC_2021,Classical_p_subtype
Lehtio-late_2021,SCLC,Proteomics,Lehtio-lateSCLC_2021,Primary/metastasis
Lehtio-late_2021,SCLC,Proteomics,Lehtio-lateSCLC_2021,FeaturePairCoverage
Lehtio-late_2021,SCLC,Proteomics,Lehtio-lateSCLC_2021,Ref_kTSP_lehtio2021_subtype
Lehtio-late_2021,SCLC,Proteomics,Lehtio-lateSCLC_2021,RNA amount_ng
Lehtio-late_2021,SCLC,Proteomics,Lehtio-lateSCLC_2021,Sample
Lehtio-late_2021,SCLC,Proteomics,Lehtio-lateSCLC_2021,Sample amount used (ul)
Lehtio-late_2021,SCLC,Proteomics,Lehtio-lateSCLC_2021,Sample type revision
Lehtio-late_2021,SCLC,Proteomics,Lehtio-lateSCLC_2021,Sample type
Lehtio-late_2021,SCLC,Proteomics,Lehtio-lateSCLC_2021,TieBreak
Lehtio-late_2021,SCLC,Proteomics,Lehtio-lateSCLC_2021,Tumor/Normal
Lehtio-late_2021,SCLC,Proteomics,Lehtio-lateSCLC_2021,TNM
Lehtio-late_2021,SCLC,Proteomics,Lehtio-lateSCLC_2021,TotalPairs
Lehtio-late_2021,SCLC,Proteomics,Lehtio-lateSCLC_2021,Cancer type
Lehtio-late_2021,SCLC,Proteomics,Lehtio-lateSCLC_2021,Vote1
Lehtio-late_2021,SCLC,Proteomics,Lehtio-lateSCLC_2021,Vote2
Lehtio-late_2021,SCLC,Proteomics,Lehtio-lateSCLC_2021,Vote3
Lehtio-late_2021,SCLC,Proteomics,Lehtio-lateSCLC_2021,Vote4
Lehtio-late_2021,SCLC,Proteomics,Lehtio-lateSCLC_2021,Vote5
Lehtio-late_2021,SCLC,Proteomics,Lehtio-lateSCLC_2021,Vote6
Lehtio-val_2021,LUAD,Proteomics,Lehtio-val_2021,Classical_p_subtype
Lehtio-val_2021,LUAD,Proteomics,Lehtio-val_2021,Differentiation
Lehtio-val_2021,LUAD,Proteomics,Lehtio-val_2021,Primary/metastasis
Lehtio-val_2021,LUAD,Proteomics,Lehtio-val_2021,EGFR_mut
Lehtio-val_2021,LUAD,Proteomics,Lehtio-val_2021,EGFR_mut_type
Lehtio-val_2021,LUAD,Proteomics,Lehtio-val_2021,FeaturePairCoverage
Lehtio-val_2021,LUAD,Proteomics,Lehtio-val_2021,MP_p_subtype
Lehtio-val_2021,LUAD,Proteomics,Lehtio-val_2021,Ref_kTSP_lehtio2021_subtype
Lehtio-val_2021,LUAD,Proteomics,Lehtio-val_2021,RFS
Lehtio-val_2021,LUAD,Proteomics,Lehtio-val_2021,RFS_status
Lehtio-val_2021,LUAD,Proteomics,Lehtio-val_2021,Stage
Lehtio-val_2021,LUAD,Proteomics,Lehtio-val_2021,Tie
Lehtio-val_2021,LUAD,Proteomics,Lehtio-val_2021,TieBreak
Lehtio-val_2021,LUAD,Proteomics,Lehtio-val_2021,Tumor/Normal
Lehtio-val_2021,LUAD,Proteomics,Lehtio-val_2021,TP53_mut
Lehtio-val_2021,LUAD,Proteomics,Lehtio-val_2021,Cancer type
Lehtio-val_2021,LUAD,Proteomics,Lehtio-val_2021,Vote1
Lehtio-val_2021,LUAD,Proteomics,Lehtio-val_2021,Vote2
Lehtio-val_2021,LUAD,Proteomics,Lehtio-val_2021,Vote3
Lehtio-val_2021,LUAD,Proteomics,Lehtio-val_2021,Vote4
Lehtio-val_2021,LUAD,Proteomics,Lehtio-val_2021,Vote5
Lehtio-val_2021,LUAD,Proteomics,Lehtio-val_2021,Vote6
Lehtio-val_2021,LUSC,Proteomics,Lehtio-valLUSC_2021,Classical_p_subtype
Lehtio-val_2021,LUSC,Proteomics,Lehtio-valLUSC_2021,Differentiation
Lehtio-val_2021,LUSC,Proteomics,Lehtio-valLUSC_2021,Primary/metastasis
Lehtio-val_2021,LUSC,Proteomics,Lehtio-valLUSC_2021,EGFR_mut
Lehtio-val_2021,LUSC,Proteomics,Lehtio-valLUSC_2021,EGFR_mut_type
Lehtio-val_2021,LUSC,Proteomics,Lehtio-valLUSC_2021,FeaturePairCoverage
Lehtio-val_2021,LUSC,Proteomics,Lehtio-valLUSC_2021,MP_p_subtype
Lehtio-val_2021,LUSC,Proteomics,Lehtio-valLUSC_2021,Ref_kTSP_lehtio2021_subtype
Lehtio-val_2021,LUSC,Proteomics,Lehtio-valLUSC_2021,RFS
Lehtio-val_2021,LUSC,Proteomics,Lehtio-valLUSC_2021,RFS_status
Lehtio-val_2021,LUSC,Proteomics,Lehtio-valLUSC_2021,Stage
Lehtio-val_2021,LUSC,Proteomics,Lehtio-valLUSC_2021,Tie
Lehtio-val_2021,LUSC,Proteomics,Lehtio-valLUSC_2021,TieBreak
Lehtio-val_2021,LUSC,Proteomics,Lehtio-valLUSC_2021,Tumor/Normal
Lehtio-val_2021,LUSC,Proteomics,Lehtio-valLUSC_2021,TP53_mut
Lehtio-val_2021,LUSC,Proteomics,Lehtio-valLUSC_2021,Cancer type
Lehtio-val_2021,LUSC,Proteomics,Lehtio-valLUSC_2021,Vote1
Lehtio-val_2021,LUSC,Proteomics,Lehtio-valLUSC_2021,Vote2
Lehtio-val_2021,LUSC,Proteomics,Lehtio-valLUSC_2021,Vote3
Lehtio-val_2021,LUSC,Proteomics,Lehtio-valLUSC_2021,Vote4
Lehtio-val_2021,LUSC,Proteomics,Lehtio-valLUSC_2021,Vote5
Lehtio-val_2021,LUSC,Proteomics,Lehtio-valLUSC_2021,Vote6
Lengel-TS_2023,LUAD,WXS,Lengel-TS_2023,Adjuvant
Lengel-TS_2023,LUAD,WXS,Lengel-TS_2023,Adjuvant chemotherapy
Lengel-TS_2023,LUAD,WXS,Lengel-TS_2023,Adjuvant_immunotherapy
Lengel-TS_2023,LUAD,WXS,Lengel-TS_2023,Adjuvant_targeted
Lengel-TS_2023,LUAD,WXS,Lengel-TS_2023,Adjuvant_xrt
Lengel-TS_2023,LUAD,WXS,Lengel-TS_2023,Age
Lengel-TS_2023,LUAD,WXS,Lengel-TS_2023,ALK_mut
Lengel-TS_2023,LUAD,WXS,Lengel-TS_2023,ARID1A_mut
Lengel-TS_2023,LUAD,WXS,Lengel-TS_2023,ATM_mut
Lengel-TS_2023,LUAD,WXS,Lengel-TS_2023,BRAF_mut
Lengel-TS_2023,LUAD,WXS,Lengel-TS_2023,CDK4_mut
Lengel-TS_2023,LUAD,WXS,Lengel-TS_2023,CDKN2A_mut
Lengel-TS_2023,LUAD,WXS,Lengel-TS_2023,CDKN2B_mut
Lengel-TS_2023,LUAD,WXS,Lengel-TS_2023,CELL_CYCLE
Lengel-TS_2023,LUAD,WXS,Lengel-TS_2023,Chemotherapy
Lengel-TS_2023,LUAD,WXS,Lengel-TS_2023,Classical_m_score
Lengel-TS_2023,LUAD,WXS,Lengel-TS_2023,Classical_m_subtype
Lengel-TS_2023,LUAD,WXS,Lengel-TS_2023,Cstage
Lengel-TS_2023,LUAD,WXS,Lengel-TS_2023,CTNNB1_mut
Lengel-TS_2023,LUAD,WXS,Lengel-TS_2023,Driver_subtype
Lengel-TS_2023,LUAD,WXS,Lengel-TS_2023,Primary/metastasis
Lengel-TS_2023,LUAD,WXS,Lengel-TS_2023,EGFR_mut
Lengel-TS_2023,LUAD,WXS,Lengel-TS_2023,EML4_mut
Lengel-TS_2023,LUAD,WXS,Lengel-TS_2023,ERBB2_mut
Lengel-TS_2023,LUAD,WXS,Lengel-TS_2023,Ever_met_site_adrenal
Lengel-TS_2023,LUAD,WXS,Lengel-TS_2023,Ever_met_site_bone
Lengel-TS_2023,LUAD,WXS,Lengel-TS_2023,Ever_met_site_cns
Lengel-TS_2023,LUAD,WXS,Lengel-TS_2023,Ever_met_site_liver_biliary_tract
Lengel-TS_2023,LUAD,WXS,Lengel-TS_2023,Ever_met_site_ln
Lengel-TS_2023,LUAD,WXS,Lengel-TS_2023,Ever_met_site_lung
Lengel-TS_2023,LUAD,WXS,Lengel-TS_2023,Ever_met_site_pleura
Lengel-TS_2023,LUAD,WXS,Lengel-TS_2023,FGA
Lengel-TS_2023,LUAD,WXS,Lengel-TS_2023,Follow_up_2years
Lengel-TS_2023,LUAD,WXS,Lengel-TS_2023,FOXA1_mut
Lengel-TS_2023,LUAD,WXS,Lengel-TS_2023,Gender
Lengel-TS_2023,LUAD,WXS,Lengel-TS_2023,Group number
Lengel-TS_2023,LUAD,WXS,Lengel-TS_2023,Had_surgery
Lengel-TS_2023,LUAD,WXS,Lengel-TS_2023,HIPPO
Lengel-TS_2023,LUAD,WXS,Lengel-TS_2023,Histology type
Lengel-TS_2023,LUAD,WXS,Lengel-TS_2023,Immunotherapy
Lengel-TS_2023,LUAD,WXS,Lengel-TS_2023,Impact_metastatic_lesion
Lengel-TS_2023,LUAD,WXS,Lengel-TS_2023,Impact_primary_group
Lengel-TS_2023,LUAD,WXS,Lengel-TS_2023,Impact_tmb_score
Lengel-TS_2023,LUAD,WXS,Lengel-TS_2023,In_matched
Lengel-TS_2023,LUAD,WXS,Lengel-TS_2023,Is_WGD
Lengel-TS_2023,LUAD,WXS,Lengel-TS_2023,KEAP1_mut
Lengel-TS_2023,LUAD,WXS,Lengel-TS_2023,KRAS_mut
Lengel-TS_2023,LUAD,WXS,Lengel-TS_2023,MDM2_mut
Lengel-TS_2023,LUAD,WXS,Lengel-TS_2023,MET_mut
Lengel-TS_2023,LUAD,WXS,Lengel-TS_2023,Metastatic_burden
Lengel-TS_2023,LUAD,WXS,Lengel-TS_2023,Metastatic_site
Lengel-TS_2023,LUAD,WXS,Lengel-TS_2023,MGA_mut
Lengel-TS_2023,LUAD,WXS,Lengel-TS_2023,Months_from_matched_prim
Lengel-TS_2023,LUAD,WXS,Lengel-TS_2023,Months_to_adrenal
Lengel-TS_2023,LUAD,WXS,Lengel-TS_2023,Months_to_bone
Lengel-TS_2023,LUAD,WXS,Lengel-TS_2023,Months_to_CNS
Lengel-TS_2023,LUAD,WXS,Lengel-TS_2023,Months_to_liver
Lengel-TS_2023,LUAD,WXS,Lengel-TS_2023,Months_to_LN
Lengel-TS_2023,LUAD,WXS,Lengel-TS_2023,Months_to_lung
Lengel-TS_2023,LUAD,WXS,Lengel-TS_2023,Months_to_pleura
Lengel-TS_2023,LUAD,WXS,Lengel-TS_2023,MP_m_score
Lengel-TS_2023,LUAD,WXS,Lengel-TS_2023,MP_m_subtype
Lengel-TS_2023,LUAD,WXS,Lengel-TS_2023,MYC_mut
Lengel-TS_2023,LUAD,WXS,Lengel-TS_2023,MYC_PATH
Lengel-TS_2023,LUAD,WXS,Lengel-TS_2023,Neoadjuvant
Lengel-TS_2023,LUAD,WXS,Lengel-TS_2023,Neoadjuvant_chemotherapy
Lengel-TS_2023,LUAD,WXS,Lengel-TS_2023,Neoadjuvant_immunotherapy
Lengel-TS_2023,LUAD,WXS,Lengel-TS_2023,Neoadjuvant_targeted
Lengel-TS_2023,LUAD,WXS,Lengel-TS_2023,Neoadjuvant_xrt
Lengel-TS_2023,LUAD,WXS,Lengel-TS_2023,NF1_mut
Lengel-TS_2023,LUAD,WXS,Lengel-TS_2023,NKX2-1
Lengel-TS_2023,LUAD,WXS,Lengel-TS_2023,NOTCH
Lengel-TS_2023,LUAD,WXS,Lengel-TS_2023,NRF2
Lengel-TS_2023,LUAD,WXS,Lengel-TS_2023,OS
Lengel-TS_2023,LUAD,WXS,Lengel-TS_2023,OS_status
Lengel-TS_2023,LUAD,WXS,Lengel-TS_2023,PI3K
Lengel-TS_2023,LUAD,WXS,Lengel-TS_2023,PIK3CA_mut
Lengel-TS_2023,LUAD,WXS,Lengel-TS_2023,Ploidy
Lengel-TS_2023,LUAD,WXS,Lengel-TS_2023,Post_sample_chemotherapy
Lengel-TS_2023,LUAD,WXS,Lengel-TS_2023,Post_sample_immunotherapy
Lengel-TS_2023,LUAD,WXS,Lengel-TS_2023,Post_sample_targeted
Lengel-TS_2023,LUAD,WXS,Lengel-TS_2023,Post_sample_tx
Lengel-TS_2023,LUAD,WXS,Lengel-TS_2023,Post_sample_xrt
Lengel-TS_2023,LUAD,WXS,Lengel-TS_2023,Pre_sample_chemotherapy
Lengel-TS_2023,LUAD,WXS,Lengel-TS_2023,Pre_sample_immunotherapy
Lengel-TS_2023,LUAD,WXS,Lengel-TS_2023,Pre_sample_targeted
Lengel-TS_2023,LUAD,WXS,Lengel-TS_2023,Pre_sample_tx
Lengel-TS_2023,LUAD,WXS,Lengel-TS_2023,Pre_sample_xrt
Lengel-TS_2023,LUAD,WXS,Lengel-TS_2023,Purity
Lengel-TS_2023,LUAD,WXS,Lengel-TS_2023,Race
Lengel-TS_2023,LUAD,WXS,Lengel-TS_2023,RB1_mut
Lengel-TS_2023,LUAD,WXS,Lengel-TS_2023,RBM10_mut
Lengel-TS_2023,LUAD,WXS,Lengel-TS_2023,RTK_RAS
Lengel-TS_2023,LUAD,WXS,Lengel-TS_2023,SETD2_mut
Lengel-TS_2023,LUAD,WXS,Lengel-TS_2023,SMAD4_mut
Lengel-TS_2023,LUAD,WXS,Lengel-TS_2023,SMARCA4_mut
Lengel-TS_2023,LUAD,WXS,Lengel-TS_2023,Smoking_status
Lengel-TS_2023,LUAD,WXS,Lengel-TS_2023,Stage
Lengel-TS_2023,LUAD,WXS,Lengel-TS_2023,STK11_mut
Lengel-TS_2023,LUAD,WXS,Lengel-TS_2023,Targeted_therapy
Lengel-TS_2023,LUAD,WXS,Lengel-TS_2023,TERT_mut
Lengel-TS_2023,LUAD,WXS,Lengel-TS_2023,TGF_BETA
Lengel-TS_2023,LUAD,WXS,Lengel-TS_2023,Tumor/Normal
Lengel-TS_2023,LUAD,WXS,Lengel-TS_2023,TP53_mut
Lengel-TS_2023,LUAD,WXS,Lengel-TS_2023,TP53_PATH
Lengel-TS_2023,LUAD,WXS,Lengel-TS_2023,Cancer type
Lengel-TS_2023,LUAD,WXS,Lengel-TS_2023,WNT_pathway
Lengel-WES_2023,LUAD,WXS,Lengel-WES_2023,Age
Lengel-WES_2023,LUAD,WXS,Lengel-WES_2023,Classical_m_score
Lengel-WES_2023,LUAD,WXS,Lengel-WES_2023,Classical_m_subtype
Lengel-WES_2023,LUAD,WXS,Lengel-WES_2023,Driver_subtype
Lengel-WES_2023,LUAD,WXS,Lengel-WES_2023,Primary/metastasis
Lengel-WES_2023,LUAD,WXS,Lengel-WES_2023,FGA
Lengel-WES_2023,LUAD,WXS,Lengel-WES_2023,Gender
Lengel-WES_2023,LUAD,WXS,Lengel-WES_2023,In_targeted
Lengel-WES_2023,LUAD,WXS,Lengel-WES_2023,Is_WGD
Lengel-WES_2023,LUAD,WXS,Lengel-WES_2023,Matched_sample
Lengel-WES_2023,LUAD,WXS,Lengel-WES_2023,Metastatic_site
Lengel-WES_2023,LUAD,WXS,Lengel-WES_2023,MP_m_score
Lengel-WES_2023,LUAD,WXS,Lengel-WES_2023,MP_m_subtype
Lengel-WES_2023,LUAD,WXS,Lengel-WES_2023,Number_of_mutations
Lengel-WES_2023,LUAD,WXS,Lengel-WES_2023,Ploidy
Lengel-WES_2023,LUAD,WXS,Lengel-WES_2023,Purity
Lengel-WES_2023,LUAD,WXS,Lengel-WES_2023,Race
Lengel-WES_2023,LUAD,WXS,Lengel-WES_2023,Smoking_status
Lengel-WES_2023,LUAD,WXS,Lengel-WES_2023,Tumor/Normal
Lengel-WES_2023,LUAD,WXS,Lengel-WES_2023,Cancer type
Li_2014,LUAD,Array,LiLUAD_2014,Classical_p_subtype
Li_2014,LUAD,Array,LiLUAD_2014,Classical_r_subtype
Li_2014,LUAD,Array,LiLUAD_2014,Driver Mutations
Li_2014,LUAD,Array,LiLUAD_2014,Primary/metastasis
Li_2014,LUAD,Array,LiLUAD_2014,EGFR _H-score
Li_2014,LUAD,Array,LiLUAD_2014,EGFR Amplification_SISH or FISH
Li_2014,LUAD,Array,LiLUAD_2014,KRAS_mut
Li_2014,LUAD,Array,LiLUAD_2014,MP_p_subtype
Li_2014,LUAD,Array,LiLUAD_2014,MP_r_subtype
Li_2014,LUAD,Array,LiLUAD_2014,Origin
Li_2014,LUAD,Array,LiLUAD_2014,Tumor/Normal
Li_2014,LUAD,Array,LiLUAD_2014,TP53_mut
Li_2014,LUAD,Array,LiLUAD_2014,TP53_mut_type
Li_2014,LUAD,Array,LiLUAD_2014,Cancer type
Li_2014,LUAD,Proteomics,LiLUAD_2014,Classical_p_subtype
Li_2014,LUAD,Proteomics,LiLUAD_2014,Classical_r_subtype
Li_2014,LUAD,Proteomics,LiLUAD_2014,Driver Mutations
Li_2014,LUAD,Proteomics,LiLUAD_2014,Primary/metastasis
Li_2014,LUAD,Proteomics,LiLUAD_2014,EGFR _H-score
Li_2014,LUAD,Proteomics,LiLUAD_2014,EGFR Amplification_SISH or FISH
Li_2014,LUAD,Proteomics,LiLUAD_2014,KRAS_mut
Li_2014,LUAD,Proteomics,LiLUAD_2014,MP_p_subtype
Li_2014,LUAD,Proteomics,LiLUAD_2014,MP_r_subtype
Li_2014,LUAD,Proteomics,LiLUAD_2014,Origin
Li_2014,LUAD,Proteomics,LiLUAD_2014,Tumor/Normal
Li_2014,LUAD,Proteomics,LiLUAD_2014,TP53_mut
Li_2014,LUAD,Proteomics,LiLUAD_2014,TP53_mut_type
Li_2014,LUAD,Proteomics,LiLUAD_2014,Cancer type
Li_2014,LUSC,Array,LiLUSC_2014,Classical_p_subtype
Li_2014,LUSC,Array,LiLUSC_2014,Classical_r_subtype
Li_2014,LUSC,Array,LiLUSC_2014,Driver Mutations
Li_2014,LUSC,Array,LiLUSC_2014,Primary/metastasis
Li_2014,LUSC,Array,LiLUSC_2014,EGFR _H-score
Li_2014,LUSC,Array,LiLUSC_2014,EGFR Amplification_SISH or FISH
Li_2014,LUSC,Array,LiLUSC_2014,KRAS_mut
Li_2014,LUSC,Array,LiLUSC_2014,MP_p_subtype
Li_2014,LUSC,Array,LiLUSC_2014,MP_r_subtype
Li_2014,LUSC,Array,LiLUSC_2014,Origin
Li_2014,LUSC,Array,LiLUSC_2014,Tumor/Normal
Li_2014,LUSC,Array,LiLUSC_2014,TP53_mut
Li_2014,LUSC,Array,LiLUSC_2014,TP53_mut_type
Li_2014,LUSC,Array,LiLUSC_2014,Cancer type
Li_2014,LUSC,Proteomics,LiLUSC_2014,Classical_p_subtype
Li_2014,LUSC,Proteomics,LiLUSC_2014,Classical_r_subtype
Li_2014,LUSC,Proteomics,LiLUSC_2014,Driver Mutations
Li_2014,LUSC,Proteomics,LiLUSC_2014,Primary/metastasis
Li_2014,LUSC,Proteomics,LiLUSC_2014,EGFR _H-score
Li_2014,LUSC,Proteomics,LiLUSC_2014,EGFR Amplification_SISH or FISH
Li_2014,LUSC,Proteomics,LiLUSC_2014,KRAS_mut
Li_2014,LUSC,Proteomics,LiLUSC_2014,MP_p_subtype
Li_2014,LUSC,Proteomics,LiLUSC_2014,MP_r_subtype
Li_2014,LUSC,Proteomics,LiLUSC_2014,Origin
Li_2014,LUSC,Proteomics,LiLUSC_2014,Tumor/Normal
Li_2014,LUSC,Proteomics,LiLUSC_2014,TP53_mut
Li_2014,LUSC,Proteomics,LiLUSC_2014,TP53_mut_type
Li_2014,LUSC,Proteomics,LiLUSC_2014,Cancer type
Limagne_2022,LUSC,RNA-seq,Limagne_2022,Classical_r_subtype
Limagne_2022,LUSC,RNA-seq,Limagne_2022,Disease_type
Limagne_2022,LUSC,RNA-seq,Limagne_2022,Immunotherapy
Limagne_2022,LUSC,RNA-seq,Limagne_2022,Immunotherapy_drug
Limagne_2022,LUSC,RNA-seq,Limagne_2022,MP_r_subtype
Limagne_2022,LUSC,RNA-seq,Limagne_2022,PFS
Limagne_2022,LUSC,RNA-seq,Limagne_2022,PFS_status
Limagne_2022,LUSC,RNA-seq,Limagne_2022,Tumor/Normal
Limagne_2022,LUSC,RNA-seq,Limagne_2022,Cancer type
Lin_2021,LUAD,RNA-seq,LinLUAD_2021,Age
Lin_2021,LUAD,RNA-seq,LinLUAD_2021,Classical_r_subtype
Lin_2021,LUAD,RNA-seq,LinLUAD_2021,Differentiated
Lin_2021,LUAD,RNA-seq,LinLUAD_2021,Primary/metastasis
Lin_2021,LUAD,RNA-seq,LinLUAD_2021,EGFR_mut_type
Lin_2021,LUAD,RNA-seq,LinLUAD_2021,Gender
Lin_2021,LUAD,RNA-seq,LinLUAD_2021,Histology
Lin_2021,LUAD,RNA-seq,LinLUAD_2021,Lymphatic_invasion
Lin_2021,LUAD,RNA-seq,LinLUAD_2021,MP_r_subtype
Lin_2021,LUAD,RNA-seq,LinLUAD_2021,Smoking_status
Lin_2021,LUAD,RNA-seq,LinLUAD_2021,Stage
Lin_2021,LUAD,RNA-seq,LinLUAD_2021,Tumor/Normal
Lin_2021,LUAD,RNA-seq,LinLUAD_2021,Tumor_diameter
Lin_2021,LUAD,RNA-seq,LinLUAD_2021,Cancer type
Lin_2021,LUSC,RNA-seq,LinLUSC_2021,Age
Lin_2021,LUSC,RNA-seq,LinLUSC_2021,Classical_r_subtype
Lin_2021,LUSC,RNA-seq,LinLUSC_2021,Differentiated
Lin_2021,LUSC,RNA-seq,LinLUSC_2021,Primary/metastasis
Lin_2021,LUSC,RNA-seq,LinLUSC_2021,EGFR_mut_type
Lin_2021,LUSC,RNA-seq,LinLUSC_2021,Gender
Lin_2021,LUSC,RNA-seq,LinLUSC_2021,Histology
Lin_2021,LUSC,RNA-seq,LinLUSC_2021,Lymphatic_invasion
Lin_2021,LUSC,RNA-seq,LinLUSC_2021,MP_r_subtype
Lin_2021,LUSC,RNA-seq,LinLUSC_2021,Smoking_status
Lin_2021,LUSC,RNA-seq,LinLUSC_2021,Stage
Lin_2021,LUSC,RNA-seq,LinLUSC_2021,Tumor/Normal
Lin_2021,LUSC,RNA-seq,LinLUSC_2021,Tumor_diameter
Lin_2021,LUSC,RNA-seq,LinLUSC_2021,Cancer type
Lissa_2022,SCLC,RNA-seq,Lissa_2022,Age
Lissa_2022,SCLC,RNA-seq,Lissa_2022,Age at biopsy timepoint
Lissa_2022,SCLC,RNA-seq,Lissa_2022,APM_score
Lissa_2022,SCLC,RNA-seq,Lissa_2022,sub2_SCLC-P
Lissa_2022,SCLC,RNA-seq,Lissa_2022,Biopsy timepoint
Lissa_2022,SCLC,RNA-seq,Lissa_2022,Biopsy type
Lissa_2022,SCLC,RNA-seq,Lissa_2022,CD4_T_cells
Lissa_2022,SCLC,RNA-seq,Lissa_2022,CD8_T_cells
Lissa_2022,SCLC,RNA-seq,Lissa_2022,Chemotherapy
Lissa_2022,SCLC,RNA-seq,Lissa_2022,Chromogranin
Lissa_2022,SCLC,RNA-seq,Lissa_2022,Classical_r_subtype
Lissa_2022,SCLC,RNA-seq,Lissa_2022,Disease
Lissa_2022,SCLC,RNA-seq,Lissa_2022,Duration from diagnosis to biopsy
Lissa_2022,SCLC,RNA-seq,Lissa_2022,Primary/metastasis
Lissa_2022,SCLC,RNA-seq,Lissa_2022,Early tumor score
Lissa_2022,SCLC,RNA-seq,Lissa_2022,iCAF_signature
Lissa_2022,SCLC,RNA-seq,Lissa_2022,Immunotherapy
Lissa_2022,SCLC,RNA-seq,Lissa_2022,IO prior to biopsy
Lissa_2022,SCLC,RNA-seq,Lissa_2022,Late tumor score
Lissa_2022,SCLC,RNA-seq,Lissa_2022,Midlate tumor score
Lissa_2022,SCLC,RNA-seq,Lissa_2022,Monocytes
Lissa_2022,SCLC,RNA-seq,Lissa_2022,myCAF_signature
Lissa_2022,SCLC,RNA-seq,Lissa_2022,NE_percent
Lissa_2022,SCLC,RNA-seq,Lissa_2022,NE_score
Lissa_2022,SCLC,RNA-seq,Lissa_2022,Neutrophils
Lissa_2022,SCLC,RNA-seq,Lissa_2022,NEv2like_score
Lissa_2022,SCLC,RNA-seq,Lissa_2022,NK_cells
Lissa_2022,SCLC,RNA-seq,Lissa_2022,Non-NE percentage
Lissa_2022,SCLC,RNA-seq,Lissa_2022,Number of systemic therapy
Lissa_2022,SCLC,RNA-seq,Lissa_2022,OS
Lissa_2022,SCLC,RNA-seq,Lissa_2022,OS_status
Lissa_2022,SCLC,RNA-seq,Lissa_2022,PFS
Lissa_2022,SCLC,RNA-seq,Lissa_2022,PFS_status
Lissa_2022,SCLC,RNA-seq,Lissa_2022,Ref_NE_subtype
Lissa_2022,SCLC,RNA-seq,Lissa_2022,Ref_NEv2_subtype
Lissa_2022,SCLC,RNA-seq,Lissa_2022,Ref_TF_subtype
Lissa_2022,SCLC,RNA-seq,Lissa_2022,Resistance
Lissa_2022,SCLC,RNA-seq,Lissa_2022,RSR_score
Lissa_2022,SCLC,RNA-seq,Lissa_2022,Site_Of_Finding
Lissa_2022,SCLC,RNA-seq,Lissa_2022,Smoking_status
Lissa_2022,SCLC,RNA-seq,Lissa_2022,sub1_SCLC-A
Lissa_2022,SCLC,RNA-seq,Lissa_2022,sub1_SCLC-P
Lissa_2022,SCLC,RNA-seq,Lissa_2022,sub1_SCLC-A
Lissa_2022,SCLC,RNA-seq,Lissa_2022,sub1_SCLC-N
Lissa_2022,SCLC,RNA-seq,Lissa_2022,sub1_SCLC-I
Lissa_2022,SCLC,RNA-seq,Lissa_2022,sub2_SCLC-A
Lissa_2022,SCLC,RNA-seq,Lissa_2022,sub2_SCLC-A2
Lissa_2022,SCLC,RNA-seq,Lissa_2022,sub2_SCLC-Y
Lissa_2022,SCLC,RNA-seq,Lissa_2022,sub2_SCLC-N
Lissa_2022,SCLC,RNA-seq,Lissa_2022,Synaptophysin
Lissa_2022,SCLC,RNA-seq,Lissa_2022,Targeted_therapy
Lissa_2022,SCLC,RNA-seq,Lissa_2022,Tumor/Normal
Lissa_2022,SCLC,RNA-seq,Lissa_2022,Trial_ATRi
Lissa_2022,SCLC,RNA-seq,Lissa_2022,Trial_IC
Lissa_2022,SCLC,RNA-seq,Lissa_2022,Trial_IC+ PARPi
Lissa_2022,SCLC,RNA-seq,Lissa_2022,Cancer type
Lissa_2022,SCLC,RNA-seq,Lissa_2022,VALSG_stage
Lissa_2022,SCLC,WXS,Lissa_2022,Age
Lissa_2022,SCLC,WXS,Lissa_2022,Age at biopsy timepoint
Lissa_2022,SCLC,WXS,Lissa_2022,APM_score
Lissa_2022,SCLC,WXS,Lissa_2022,B_cells
Lissa_2022,SCLC,WXS,Lissa_2022,Biopsy timepoint
Lissa_2022,SCLC,WXS,Lissa_2022,Biopsy type
Lissa_2022,SCLC,WXS,Lissa_2022,CD4_T_cells
Lissa_2022,SCLC,WXS,Lissa_2022,CD8_T_cells
Lissa_2022,SCLC,WXS,Lissa_2022,Chemotherapy
Lissa_2022,SCLC,WXS,Lissa_2022,Chromogranin
Lissa_2022,SCLC,WXS,Lissa_2022,Classical_r_subtype
Lissa_2022,SCLC,WXS,Lissa_2022,Disease
Lissa_2022,SCLC,WXS,Lissa_2022,Driver_subtype
Lissa_2022,SCLC,WXS,Lissa_2022,Duration from diagnosis to biopsy
Lissa_2022,SCLC,WXS,Lissa_2022,Primary/metastasis
Lissa_2022,SCLC,WXS,Lissa_2022,Early tumor score
Lissa_2022,SCLC,WXS,Lissa_2022,iCAF_signature
Lissa_2022,SCLC,WXS,Lissa_2022,Immunotherapy
Lissa_2022,SCLC,WXS,Lissa_2022,IO prior to biopsy
Lissa_2022,SCLC,WXS,Lissa_2022,Late tumor score
Lissa_2022,SCLC,WXS,Lissa_2022,Midlate tumor score
Lissa_2022,SCLC,WXS,Lissa_2022,Monocytes
Lissa_2022,SCLC,WXS,Lissa_2022,myCAF_signature
Lissa_2022,SCLC,WXS,Lissa_2022,NE_percent
Lissa_2022,SCLC,WXS,Lissa_2022,NE_score
Lissa_2022,SCLC,WXS,Lissa_2022,Neutrophils
Lissa_2022,SCLC,WXS,Lissa_2022,NEv2like_score
Lissa_2022,SCLC,WXS,Lissa_2022,NK_cells
Lissa_2022,SCLC,WXS,Lissa_2022,Non-NE percentage
Lissa_2022,SCLC,WXS,Lissa_2022,Number of systemic therapy
Lissa_2022,SCLC,WXS,Lissa_2022,OS
Lissa_2022,SCLC,WXS,Lissa_2022,OS_status
Lissa_2022,SCLC,WXS,Lissa_2022,PFS
Lissa_2022,SCLC,WXS,Lissa_2022,PFS_status
Lissa_2022,SCLC,WXS,Lissa_2022,Ref_NE_subtype
Lissa_2022,SCLC,WXS,Lissa_2022,Ref_NEv2_subtype
Lissa_2022,SCLC,WXS,Lissa_2022,Ref_TF_subtype
Lissa_2022,SCLC,WXS,Lissa_2022,Resistance
Lissa_2022,SCLC,WXS,Lissa_2022,RSR_score
Lissa_2022,SCLC,WXS,Lissa_2022,Site_Of_Finding
Lissa_2022,SCLC,WXS,Lissa_2022,Smoking_status
Lissa_2022,SCLC,WXS,Lissa_2022,sub1_SCLC_A
Lissa_2022,SCLC,WXS,Lissa_2022,sub1_SCLC_I
Lissa_2022,SCLC,WXS,Lissa_2022,sub1_SCLC_N
Lissa_2022,SCLC,WXS,Lissa_2022,sub1_SCLC_P
Lissa_2022,SCLC,WXS,Lissa_2022,sub2_SCLC_A
Lissa_2022,SCLC,WXS,Lissa_2022,sub2_SCLC_A2
Lissa_2022,SCLC,WXS,Lissa_2022,sub2_SCLC_N
Lissa_2022,SCLC,WXS,Lissa_2022,sub2_SCLC_P
Lissa_2022,SCLC,WXS,Lissa_2022,sub2_SCLC_Y
Lissa_2022,SCLC,WXS,Lissa_2022,Synaptophysin
Lissa_2022,SCLC,WXS,Lissa_2022,Targeted_therapy
Lissa_2022,SCLC,WXS,Lissa_2022,Tumor/Normal
Lissa_2022,SCLC,WXS,Lissa_2022,Trial_ATRi
Lissa_2022,SCLC,WXS,Lissa_2022,Trial_IC
Lissa_2022,SCLC,WXS,Lissa_2022,Trial_IC+ PARPi
Lissa_2022,SCLC,WXS,Lissa_2022,Cancer type
Lissa_2022,SCLC,WXS,Lissa_2022,VALSG_stage
Lissa-mouse_2022,SCLC,RNA-seq,Lissa-mouse_2022,Age
Lissa-mouse_2022,SCLC,RNA-seq,Lissa-mouse_2022,Chemotherapy
Lissa-mouse_2022,SCLC,RNA-seq,Lissa-mouse_2022,Chromogranin
Lissa-mouse_2022,SCLC,RNA-seq,Lissa-mouse_2022,Classical_r_subtype
Lissa-mouse_2022,SCLC,RNA-seq,Lissa-mouse_2022,Duration from diagnosis to biopsy
Lissa-mouse_2022,SCLC,RNA-seq,Lissa-mouse_2022,Immunotherapy
Lissa-mouse_2022,SCLC,RNA-seq,Lissa-mouse_2022,MP_r_subtype
Lissa-mouse_2022,SCLC,RNA-seq,Lissa-mouse_2022,Origin
Lissa-mouse_2022,SCLC,RNA-seq,Lissa-mouse_2022,Resistance
Lissa-mouse_2022,SCLC,RNA-seq,Lissa-mouse_2022,Site_Of_Finding
Lissa-mouse_2022,SCLC,RNA-seq,Lissa-mouse_2022,Smoking_status
Lissa-mouse_2022,SCLC,RNA-seq,Lissa-mouse_2022,Synaptophysin
Lissa-mouse_2022,SCLC,RNA-seq,Lissa-mouse_2022,Tumor/Normal
Lissa-mouse_2022,SCLC,RNA-seq,Lissa-mouse_2022,Cancer type
Lissa-mouse_2022,SCLC,RNA-seq,Lissa-mouse_2022,VALSG_stage
Liu_2024,SCLC,Proteomics,Liu_2024,Age
Liu_2024,SCLC,Proteomics,Liu_2024,ATRi_and_TOP1i_response_score
Liu_2024,SCLC,Proteomics,Liu_2024,CIN
Liu_2024,SCLC,Proteomics,Liu_2024,Classical_m_score
Liu_2024,SCLC,Proteomics,Liu_2024,Classical_m_subtype
Liu_2024,SCLC,Proteomics,Liu_2024,Classical_p_subtype
Liu_2024,SCLC,Proteomics,Liu_2024,Classical_r_subtype
Liu_2024,SCLC,Proteomics,Liu_2024,E2F_activity
Liu_2024,SCLC,Proteomics,Liu_2024,Primary/metastasis
Liu_2024,SCLC,Proteomics,Liu_2024,EMT_score
Liu_2024,SCLC,Proteomics,Liu_2024,ESTIMATE_score
Liu_2024,SCLC,Proteomics,Liu_2024,Gender
Liu_2024,SCLC,Proteomics,Liu_2024,Height
Liu_2024,SCLC,Proteomics,Liu_2024,Histology type
Liu_2024,SCLC,Proteomics,Liu_2024,Immune_score
Liu_2024,SCLC,Proteomics,Liu_2024,Immune_subtype
Liu_2024,SCLC,Proteomics,Liu_2024,M_stage
Liu_2024,SCLC,Proteomics,Liu_2024,MGPS
Liu_2024,SCLC,Proteomics,Liu_2024,MP_m_score
Liu_2024,SCLC,Proteomics,Liu_2024,MP_m_subtype
Liu_2024,SCLC,Proteomics,Liu_2024,MP_r_subtype
Liu_2024,SCLC,Proteomics,Liu_2024,N_stage
Liu_2024,SCLC,Proteomics,Liu_2024,NE_score
Liu_2024,SCLC,Proteomics,Liu_2024,Nerve_invasion
Liu_2024,SCLC,Proteomics,Liu_2024,NSCLC_Component_of_CSCLC
Liu_2024,SCLC,Proteomics,Liu_2024,Number_of_tumors
Liu_2024,SCLC,Proteomics,Liu_2024,OS
Liu_2024,SCLC,Proteomics,Liu_2024,OS_status
Liu_2024,SCLC,Proteomics,Liu_2024,Pleural_invasion
Liu_2024,SCLC,Proteomics,Liu_2024,Protein_CC_subtype
Liu_2024,SCLC,Proteomics,Liu_2024,Race
Liu_2024,SCLC,Proteomics,Liu_2024,Refer_omics_NMF_subtype
Liu_2024,SCLC,Proteomics,Liu_2024,Replication_stress
Liu_2024,SCLC,Proteomics,Liu_2024,Site_Of_Finding
Liu_2024,SCLC,Proteomics,Liu_2024,Smoking_status
Liu_2024,SCLC,Proteomics,Liu_2024,Stage
Liu_2024,SCLC,Proteomics,Liu_2024,Stemness score
Liu_2024,SCLC,Proteomics,Liu_2024,Stromal_score
Liu_2024,SCLC,Proteomics,Liu_2024,Surgery
Liu_2024,SCLC,Proteomics,Liu_2024,T_stage
Liu_2024,SCLC,Proteomics,Liu_2024,Tumor/Normal
Liu_2024,SCLC,Proteomics,Liu_2024,TNM
Liu_2024,SCLC,Proteomics,Liu_2024,Cancer type
Liu_2024,SCLC,Proteomics,Liu_2024,VALSG_stage
Liu_2024,SCLC,Proteomics,Liu_2024,Vessel_invasion
Liu_2024,SCLC,Proteomics,Liu_2024,Weight
Liu_2024,SCLC,RNA-seq,Liu_2024,Age
Liu_2024,SCLC,RNA-seq,Liu_2024,ATRi_and_TOP1i_response_score
Liu_2024,SCLC,RNA-seq,Liu_2024,CIN
Liu_2024,SCLC,RNA-seq,Liu_2024,Classical_m_score
Liu_2024,SCLC,RNA-seq,Liu_2024,Classical_m_subtype
Liu_2024,SCLC,RNA-seq,Liu_2024,Classical_p_subtype
Liu_2024,SCLC,RNA-seq,Liu_2024,Classical_r_subtype
Liu_2024,SCLC,RNA-seq,Liu_2024,E2F_activity
Liu_2024,SCLC,RNA-seq,Liu_2024,Primary/metastasis
Liu_2024,SCLC,RNA-seq,Liu_2024,EMT_score
Liu_2024,SCLC,RNA-seq,Liu_2024,ESTIMATE_score
Liu_2024,SCLC,RNA-seq,Liu_2024,Gender
Liu_2024,SCLC,RNA-seq,Liu_2024,Height
Liu_2024,SCLC,RNA-seq,Liu_2024,Histology type
Liu_2024,SCLC,RNA-seq,Liu_2024,Immune_score
Liu_2024,SCLC,RNA-seq,Liu_2024,Immune_subtype
Liu_2024,SCLC,RNA-seq,Liu_2024,M_stage
Liu_2024,SCLC,RNA-seq,Liu_2024,MGPS
Liu_2024,SCLC,RNA-seq,Liu_2024,MP_m_score
Liu_2024,SCLC,RNA-seq,Liu_2024,MP_m_subtype
Liu_2024,SCLC,RNA-seq,Liu_2024,MP_r_subtype
Liu_2024,SCLC,RNA-seq,Liu_2024,N_stage
Liu_2024,SCLC,RNA-seq,Liu_2024,NE_score
Liu_2024,SCLC,RNA-seq,Liu_2024,Nerve_invasion
Liu_2024,SCLC,RNA-seq,Liu_2024,NSCLC_Component_of_CSCLC
Liu_2024,SCLC,RNA-seq,Liu_2024,Number_of_tumors
Liu_2024,SCLC,RNA-seq,Liu_2024,OS
Liu_2024,SCLC,RNA-seq,Liu_2024,OS_status
Liu_2024,SCLC,RNA-seq,Liu_2024,Pleural_invasion
Liu_2024,SCLC,RNA-seq,Liu_2024,Race
Liu_2024,SCLC,RNA-seq,Liu_2024,Refer_omics_NMF_subtype
Liu_2024,SCLC,RNA-seq,Liu_2024,Replication_stress
Liu_2024,SCLC,RNA-seq,Liu_2024,Site_Of_Finding
Liu_2024,SCLC,RNA-seq,Liu_2024,Smoking_status
Liu_2024,SCLC,RNA-seq,Liu_2024,Stage
Liu_2024,SCLC,RNA-seq,Liu_2024,StemnessScore
Liu_2024,SCLC,RNA-seq,Liu_2024,Stromal_score
Liu_2024,SCLC,RNA-seq,Liu_2024,Surgery
Liu_2024,SCLC,RNA-seq,Liu_2024,T_stage
Liu_2024,SCLC,RNA-seq,Liu_2024,Tumor/Normal
Liu_2024,SCLC,RNA-seq,Liu_2024,TNM
Liu_2024,SCLC,RNA-seq,Liu_2024,Cancer type
Liu_2024,SCLC,RNA-seq,Liu_2024,VALSG_stage
Liu_2024,SCLC,RNA-seq,Liu_2024,Vessel_invasion
Liu_2024,SCLC,RNA-seq,Liu_2024,Weight
Liu_2024,SCLC,WXS,Liu_2024,Age
Liu_2024,SCLC,WXS,Liu_2024,ATRi_and_TOP1i_response_score
Liu_2024,SCLC,WXS,Liu_2024,CIN
Liu_2024,SCLC,WXS,Liu_2024,Classical_m_score
Liu_2024,SCLC,WXS,Liu_2024,Classical_m_subtype
Liu_2024,SCLC,WXS,Liu_2024,Classical_p_subtype
Liu_2024,SCLC,WXS,Liu_2024,Classical_r_subtype
Liu_2024,SCLC,WXS,Liu_2024,Driver_subtype
Liu_2024,SCLC,WXS,Liu_2024,E2F_activity
Liu_2024,SCLC,WXS,Liu_2024,Primary/metastasis
Liu_2024,SCLC,WXS,Liu_2024,EMT_score
Liu_2024,SCLC,WXS,Liu_2024,ESTIMATE_score
Liu_2024,SCLC,WXS,Liu_2024,Gender
Liu_2024,SCLC,WXS,Liu_2024,Height
Liu_2024,SCLC,WXS,Liu_2024,Histology type
Liu_2024,SCLC,WXS,Liu_2024,Immune_score
Liu_2024,SCLC,WXS,Liu_2024,Immune_subtype
Liu_2024,SCLC,WXS,Liu_2024,M_stage
Liu_2024,SCLC,WXS,Liu_2024,MGPS
Liu_2024,SCLC,WXS,Liu_2024,MP_m_score
Liu_2024,SCLC,WXS,Liu_2024,MP_m_subtype
Liu_2024,SCLC,WXS,Liu_2024,MP_r_subtype
Liu_2024,SCLC,WXS,Liu_2024,N_stage
Liu_2024,SCLC,WXS,Liu_2024,NE_score
Liu_2024,SCLC,WXS,Liu_2024,Nerve_invasion
Liu_2024,SCLC,WXS,Liu_2024,NSCLC_Component_of_CSCLC
Liu_2024,SCLC,WXS,Liu_2024,Number_of_tumors
Liu_2024,SCLC,WXS,Liu_2024,OS
Liu_2024,SCLC,WXS,Liu_2024,OS_status
Liu_2024,SCLC,WXS,Liu_2024,Pleural_invasion
Liu_2024,SCLC,WXS,Liu_2024,Race
Liu_2024,SCLC,WXS,Liu_2024,Refer_omics_NMF_subtype
Liu_2024,SCLC,WXS,Liu_2024,Replication_stress
Liu_2024,SCLC,WXS,Liu_2024,Site_Of_Finding
Liu_2024,SCLC,WXS,Liu_2024,Smoking_status
Liu_2024,SCLC,WXS,Liu_2024,Stage
Liu_2024,SCLC,WXS,Liu_2024,Stemness score
Liu_2024,SCLC,WXS,Liu_2024,Stromal_score
Liu_2024,SCLC,WXS,Liu_2024,Surgery
Liu_2024,SCLC,WXS,Liu_2024,T_stage
Liu_2024,SCLC,WXS,Liu_2024,Tumor/Normal
Liu_2024,SCLC,WXS,Liu_2024,TNM
Liu_2024,SCLC,WXS,Liu_2024,Cancer type
Liu_2024,SCLC,WXS,Liu_2024,VALSG_stage
Liu_2024,SCLC,WXS,Liu_2024,Vessel_invasion
Liu_2024,SCLC,WXS,Liu_2024,Weight
Liu-mouse_2024,SCLC,Proteomics,Liu-mouse_2024,Classical_p_subtype
Liu-mouse_2024,SCLC,Proteomics,Liu-mouse_2024,Classical_r_subtype
Liu-mouse_2024,SCLC,Proteomics,Liu-mouse_2024,Model
Liu-mouse_2024,SCLC,Proteomics,Liu-mouse_2024,MP_r_subtype
Liu-mouse_2024,SCLC,Proteomics,Liu-mouse_2024,Ref_omics_NMF_predict_subtype
Liu-mouse_2024,SCLC,Proteomics,Liu-mouse_2024,Tumor/Normal
Liu-mouse_2024,SCLC,Proteomics,Liu-mouse_2024,Cancer type
Liu-mouse_2024,SCLC,RNA-seq,Liu-mouse_2024,Classical_p_subtype
Liu-mouse_2024,SCLC,RNA-seq,Liu-mouse_2024,Classical_r_subtype
Liu-mouse_2024,SCLC,RNA-seq,Liu-mouse_2024,Model
Liu-mouse_2024,SCLC,RNA-seq,Liu-mouse_2024,MP_r_subtype
Liu-mouse_2024,SCLC,RNA-seq,Liu-mouse_2024,Ref_omics_NMF_predict_subtype
Liu-mouse_2024,SCLC,RNA-seq,Liu-mouse_2024,Tumor/Normal
Liu-mouse_2024,SCLC,RNA-seq,Liu-mouse_2024,Cancer type
Lu_2020,LUAD,RNA-seq,LuLUAD_2020,Classical_r_subtype
Lu_2020,LUAD,RNA-seq,LuLUAD_2020,Primary/metastasis
Lu_2020,LUAD,RNA-seq,LuLUAD_2020,Gender
Lu_2020,LUAD,RNA-seq,LuLUAD_2020,Histology
Lu_2020,LUAD,RNA-seq,LuLUAD_2020,Immune_type
Lu_2020,LUAD,RNA-seq,LuLUAD_2020,M_stage
Lu_2020,LUAD,RNA-seq,LuLUAD_2020,MP_r_subtype
Lu_2020,LUAD,RNA-seq,LuLUAD_2020,N_stage
Lu_2020,LUAD,RNA-seq,LuLUAD_2020,OS
Lu_2020,LUAD,RNA-seq,LuLUAD_2020,OS_status
Lu_2020,LUAD,RNA-seq,LuLUAD_2020,RFS
Lu_2020,LUAD,RNA-seq,LuLUAD_2020,RFS_status
Lu_2020,LUAD,RNA-seq,LuLUAD_2020,Stage
Lu_2020,LUAD,RNA-seq,LuLUAD_2020,T_stage
Lu_2020,LUAD,RNA-seq,LuLUAD_2020,Tumor/Normal
Lu_2020,LUAD,RNA-seq,LuLUAD_2020,TNM
Lu_2020,LUAD,RNA-seq,LuLUAD_2020,Cancer type
Lu_2020,LUSC,RNA-seq,LuLUSC_2020,Classical_r_subtype
Lu_2020,LUSC,RNA-seq,LuLUSC_2020,Primary/metastasis
Lu_2020,LUSC,RNA-seq,LuLUSC_2020,Gender
Lu_2020,LUSC,RNA-seq,LuLUSC_2020,Histology
Lu_2020,LUSC,RNA-seq,LuLUSC_2020,M_stage
Lu_2020,LUSC,RNA-seq,LuLUSC_2020,MP_r_subtype
Lu_2020,LUSC,RNA-seq,LuLUSC_2020,N_stage
Lu_2020,LUSC,RNA-seq,LuLUSC_2020,OS
Lu_2020,LUSC,RNA-seq,LuLUSC_2020,OS_status
Lu_2020,LUSC,RNA-seq,LuLUSC_2020,RFS
Lu_2020,LUSC,RNA-seq,LuLUSC_2020,RFS_status
Lu_2020,LUSC,RNA-seq,LuLUSC_2020,Stage
Lu_2020,LUSC,RNA-seq,LuLUSC_2020,T_stage
Lu_2020,LUSC,RNA-seq,LuLUSC_2020,Tumor/Normal
Lu_2020,LUSC,RNA-seq,LuLUSC_2020,TNM
Lu_2020,LUSC,RNA-seq,LuLUSC_2020,Cancer type
Mahoney_2019,SCLC,Proteomics,Mahoney_2019,AUC
Mahoney_2019,SCLC,Proteomics,Mahoney_2019,Classical_p_subtype
Mahoney_2019,SCLC,Proteomics,Mahoney_2019,Classical_r_subtype
Mahoney_2019,SCLC,Proteomics,Mahoney_2019,MP_r_subtype
Mahoney_2019,SCLC,Proteomics,Mahoney_2019,NB-598_sensitivity
Mahoney_2019,SCLC,Proteomics,Mahoney_2019,Tumor/Normal
Mahoney_2019,SCLC,Proteomics,Mahoney_2019,Cancer type
Mahoney_2019,SCLC,RNA-seq,Mahoney_2019,AUC
Mahoney_2019,SCLC,RNA-seq,Mahoney_2019,Classical_p_subtype
Mahoney_2019,SCLC,RNA-seq,Mahoney_2019,Classical_r_subtype
Mahoney_2019,SCLC,RNA-seq,Mahoney_2019,MP_r_subtype
Mahoney_2019,SCLC,RNA-seq,Mahoney_2019,NB-598_sensitivity
Mahoney_2019,SCLC,RNA-seq,Mahoney_2019,Tumor/Normal
Mahoney_2019,SCLC,RNA-seq,Mahoney_2019,Cancer type
McMillan_2018,LUAD,RNA-seq,McMillanLUAD_2018,Age
McMillan_2018,LUAD,RNA-seq,McMillanLUAD_2018,Classical_m_score
McMillan_2018,LUAD,RNA-seq,McMillanLUAD_2018,Classical_m_subtype
McMillan_2018,LUAD,RNA-seq,McMillanLUAD_2018,Classical_r_subtype
McMillan_2018,LUAD,RNA-seq,McMillanLUAD_2018,Doubling_Time_hours
McMillan_2018,LUAD,RNA-seq,McMillanLUAD_2018,Gender
McMillan_2018,LUAD,RNA-seq,McMillanLUAD_2018,MP_m_score
McMillan_2018,LUAD,RNA-seq,McMillanLUAD_2018,MP_m_subtype
McMillan_2018,LUAD,RNA-seq,McMillanLUAD_2018,MP_r_subtype
McMillan_2018,LUAD,RNA-seq,McMillanLUAD_2018,Race
McMillan_2018,LUAD,RNA-seq,McMillanLUAD_2018,Source
McMillan_2018,LUAD,RNA-seq,McMillanLUAD_2018,Tumor/Normal
McMillan_2018,LUAD,RNA-seq,McMillanLUAD_2018,Cancer type
McMillan_2018,LUAD,WXS,McMillanLUAD_2018,Age
McMillan_2018,LUAD,WXS,McMillanLUAD_2018,Chemical_Screening_Dataset
McMillan_2018,LUAD,WXS,McMillanLUAD_2018,Classical_m_score
McMillan_2018,LUAD,WXS,McMillanLUAD_2018,Classical_m_subtype
McMillan_2018,LUAD,WXS,McMillanLUAD_2018,Classical_r_subtype
McMillan_2018,LUAD,WXS,McMillanLUAD_2018,Doubling_Time_hours
McMillan_2018,LUAD,WXS,McMillanLUAD_2018,Driver_subtype
McMillan_2018,LUAD,WXS,McMillanLUAD_2018,Gender
McMillan_2018,LUAD,WXS,McMillanLUAD_2018,MP_m_score
McMillan_2018,LUAD,WXS,McMillanLUAD_2018,MP_m_subtype
McMillan_2018,LUAD,WXS,McMillanLUAD_2018,MP_r_subtype
McMillan_2018,LUAD,WXS,McMillanLUAD_2018,Race
McMillan_2018,LUAD,WXS,McMillanLUAD_2018,Source
McMillan_2018,LUAD,WXS,McMillanLUAD_2018,Tumor/Normal
McMillan_2018,LUAD,WXS,McMillanLUAD_2018,Tumor_Subtype
McMillan_2018,LUAD,WXS,McMillanLUAD_2018,Tumor_Type
McMillan_2018,LUAD,WXS,McMillanLUAD_2018,Cancer type
McMillan_2018,LUAD,WXS,McMillanLUAD_2018,Whole_Exome_Dataset
McMillan_2018,LUSC,RNA-seq,McMillanLUSC_2018,Age
McMillan_2018,LUSC,RNA-seq,McMillanLUSC_2018,Classical_m_score
McMillan_2018,LUSC,RNA-seq,McMillanLUSC_2018,Classical_m_subtype
McMillan_2018,LUSC,RNA-seq,McMillanLUSC_2018,Classical_r_subtype
McMillan_2018,LUSC,RNA-seq,McMillanLUSC_2018,Doubling_Time_hours
McMillan_2018,LUSC,RNA-seq,McMillanLUSC_2018,Gender
McMillan_2018,LUSC,RNA-seq,McMillanLUSC_2018,MP_m_score
McMillan_2018,LUSC,RNA-seq,McMillanLUSC_2018,MP_m_subtype
McMillan_2018,LUSC,RNA-seq,McMillanLUSC_2018,MP_r_subtype
McMillan_2018,LUSC,RNA-seq,McMillanLUSC_2018,Race
McMillan_2018,LUSC,RNA-seq,McMillanLUSC_2018,Source
McMillan_2018,LUSC,RNA-seq,McMillanLUSC_2018,Tumor/Normal
McMillan_2018,LUSC,RNA-seq,McMillanLUSC_2018,Cancer type
McMillan_2018,LUSC,WXS,McMillanLUSC_2018,Age
McMillan_2018,LUSC,WXS,McMillanLUSC_2018,Chemical_Screening_Dataset
McMillan_2018,LUSC,WXS,McMillanLUSC_2018,Classical_m_score
McMillan_2018,LUSC,WXS,McMillanLUSC_2018,Classical_m_subtype
McMillan_2018,LUSC,WXS,McMillanLUSC_2018,Classical_r_subtype
McMillan_2018,LUSC,WXS,McMillanLUSC_2018,Doubling_Time_hours
McMillan_2018,LUSC,WXS,McMillanLUSC_2018,Driver_subtype
McMillan_2018,LUSC,WXS,McMillanLUSC_2018,Gender
McMillan_2018,LUSC,WXS,McMillanLUSC_2018,MP_m_score
McMillan_2018,LUSC,WXS,McMillanLUSC_2018,MP_m_subtype
McMillan_2018,LUSC,WXS,McMillanLUSC_2018,MP_r_subtype
McMillan_2018,LUSC,WXS,McMillanLUSC_2018,Race
McMillan_2018,LUSC,WXS,McMillanLUSC_2018,Source
McMillan_2018,LUSC,WXS,McMillanLUSC_2018,Tumor/Normal
McMillan_2018,LUSC,WXS,McMillanLUSC_2018,Tumor_Subtype
McMillan_2018,LUSC,WXS,McMillanLUSC_2018,Tumor_Type
McMillan_2018,LUSC,WXS,McMillanLUSC_2018,Cancer type
McMillan_2018,LUSC,WXS,McMillanLUSC_2018,Whole_Exome_Dataset
Mender_2018,LUAD,RNA-seq,Mender_2018,6-thio-dg status
Mender_2018,LUAD,RNA-seq,Mender_2018,Classical_r_subtype
Mender_2018,LUAD,RNA-seq,Mender_2018,MP_r_subtype
Mender_2018,LUAD,RNA-seq,Mender_2018,Tumor/Normal
Mender_2018,LUAD,RNA-seq,Mender_2018,Cancer type
Mirhadi_2022,LUAD,Array,MirhadiLUAD_2022,Adjuvant radiation
Mirhadi_2022,LUAD,Array,MirhadiLUAD_2022,Age
Mirhadi_2022,LUAD,Array,MirhadiLUAD_2022,Chemotherapy
Mirhadi_2022,LUAD,Array,MirhadiLUAD_2022,Classical_m_score
Mirhadi_2022,LUAD,Array,MirhadiLUAD_2022,Classical_m_subtype
Mirhadi_2022,LUAD,Array,MirhadiLUAD_2022,Classical_p_subtype
Mirhadi_2022,LUAD,Array,MirhadiLUAD_2022,Classical_r_subtype
Mirhadi_2022,LUAD,Array,MirhadiLUAD_2022,CNV
Mirhadi_2022,LUAD,Array,MirhadiLUAD_2022,Primary/metastasis
Mirhadi_2022,LUAD,Array,MirhadiLUAD_2022,Exome
Mirhadi_2022,LUAD,Array,MirhadiLUAD_2022,Gender
Mirhadi_2022,LUAD,Array,MirhadiLUAD_2022,Histology
Mirhadi_2022,LUAD,Array,MirhadiLUAD_2022,Model
Mirhadi_2022,LUAD,Array,MirhadiLUAD_2022,MP_m_score
Mirhadi_2022,LUAD,Array,MirhadiLUAD_2022,MP_m_subtype
Mirhadi_2022,LUAD,Array,MirhadiLUAD_2022,MP_p_subtype
Mirhadi_2022,LUAD,Array,MirhadiLUAD_2022,MP_r_subtype
Mirhadi_2022,LUAD,Array,MirhadiLUAD_2022,OS
Mirhadi_2022,LUAD,Array,MirhadiLUAD_2022,OS_status
Mirhadi_2022,LUAD,Array,MirhadiLUAD_2022,pY profiled
Mirhadi_2022,LUAD,Array,MirhadiLUAD_2022,Ref_Classical_subtype
Mirhadi_2022,LUAD,Array,MirhadiLUAD_2022,Ref_meth_CIMP_subtype
Mirhadi_2022,LUAD,Array,MirhadiLUAD_2022,Ref_protein_subtype
Mirhadi_2022,LUAD,Array,MirhadiLUAD_2022,Resected/EBUS
Mirhadi_2022,LUAD,Array,MirhadiLUAD_2022,Resection
Mirhadi_2022,LUAD,Array,MirhadiLUAD_2022,Smoking_status
Mirhadi_2022,LUAD,Array,MirhadiLUAD_2022,Stage
Mirhadi_2022,LUAD,Array,MirhadiLUAD_2022,Tumor/Normal
Mirhadi_2022,LUAD,Array,MirhadiLUAD_2022,Cancer type
Mirhadi_2022,LUAD,Proteomics,MirhadiLUAD_2022,Adjuvant radiation
Mirhadi_2022,LUAD,Proteomics,MirhadiLUAD_2022,Age
Mirhadi_2022,LUAD,Proteomics,MirhadiLUAD_2022,Chemotherapy
Mirhadi_2022,LUAD,Proteomics,MirhadiLUAD_2022,Classical_m_score
Mirhadi_2022,LUAD,Proteomics,MirhadiLUAD_2022,Classical_m_subtype
Mirhadi_2022,LUAD,Proteomics,MirhadiLUAD_2022,Classical_p_subtype
Mirhadi_2022,LUAD,Proteomics,MirhadiLUAD_2022,Classical_r_subtype
Mirhadi_2022,LUAD,Proteomics,MirhadiLUAD_2022,CNV
Mirhadi_2022,LUAD,Proteomics,MirhadiLUAD_2022,Primary/metastasis
Mirhadi_2022,LUAD,Proteomics,MirhadiLUAD_2022,Exome
Mirhadi_2022,LUAD,Proteomics,MirhadiLUAD_2022,Gender
Mirhadi_2022,LUAD,Proteomics,MirhadiLUAD_2022,Histology
Mirhadi_2022,LUAD,Proteomics,MirhadiLUAD_2022,Model
Mirhadi_2022,LUAD,Proteomics,MirhadiLUAD_2022,MP_m_score
Mirhadi_2022,LUAD,Proteomics,MirhadiLUAD_2022,MP_m_subtype
Mirhadi_2022,LUAD,Proteomics,MirhadiLUAD_2022,MP_p_subtype
Mirhadi_2022,LUAD,Proteomics,MirhadiLUAD_2022,MP_r_subtype
Mirhadi_2022,LUAD,Proteomics,MirhadiLUAD_2022,OS
Mirhadi_2022,LUAD,Proteomics,MirhadiLUAD_2022,OS_status
Mirhadi_2022,LUAD,Proteomics,MirhadiLUAD_2022,pY profiled
Mirhadi_2022,LUAD,Proteomics,MirhadiLUAD_2022,Ref_Classical_subtype
Mirhadi_2022,LUAD,Proteomics,MirhadiLUAD_2022,Ref_meth_CIMP_subtype
Mirhadi_2022,LUAD,Proteomics,MirhadiLUAD_2022,Ref_protein_subtype
Mirhadi_2022,LUAD,Proteomics,MirhadiLUAD_2022,Resected or EBUS
Mirhadi_2022,LUAD,Proteomics,MirhadiLUAD_2022,Resection
Mirhadi_2022,LUAD,Proteomics,MirhadiLUAD_2022,Smoking_status
Mirhadi_2022,LUAD,Proteomics,MirhadiLUAD_2022,Stage
Mirhadi_2022,LUAD,Proteomics,MirhadiLUAD_2022,Tumor/Normal
Mirhadi_2022,LUAD,Proteomics,MirhadiLUAD_2022,Cancer type
Mirhadi_2022,LUAD,WXS,MirhadiLUAD_2022,Adjuvant radiation
Mirhadi_2022,LUAD,WXS,MirhadiLUAD_2022,Age
Mirhadi_2022,LUAD,WXS,MirhadiLUAD_2022,Chemotherapy
Mirhadi_2022,LUAD,WXS,MirhadiLUAD_2022,Classical_m_score
Mirhadi_2022,LUAD,WXS,MirhadiLUAD_2022,Classical_m_subtype
Mirhadi_2022,LUAD,WXS,MirhadiLUAD_2022,Classical_p_subtype
Mirhadi_2022,LUAD,WXS,MirhadiLUAD_2022,Classical_r_subtype
Mirhadi_2022,LUAD,WXS,MirhadiLUAD_2022,CNV
Mirhadi_2022,LUAD,WXS,MirhadiLUAD_2022,Driver_subtype
Mirhadi_2022,LUAD,WXS,MirhadiLUAD_2022,Primary/metastasis
Mirhadi_2022,LUAD,WXS,MirhadiLUAD_2022,Exome
Mirhadi_2022,LUAD,WXS,MirhadiLUAD_2022,Gender
Mirhadi_2022,LUAD,WXS,MirhadiLUAD_2022,Histology
Mirhadi_2022,LUAD,WXS,MirhadiLUAD_2022,Model
Mirhadi_2022,LUAD,WXS,MirhadiLUAD_2022,MP_m_score
Mirhadi_2022,LUAD,WXS,MirhadiLUAD_2022,MP_m_subtype
Mirhadi_2022,LUAD,WXS,MirhadiLUAD_2022,MP_p_subtype
Mirhadi_2022,LUAD,WXS,MirhadiLUAD_2022,MP_r_subtype
Mirhadi_2022,LUAD,WXS,MirhadiLUAD_2022,OS
Mirhadi_2022,LUAD,WXS,MirhadiLUAD_2022,OS_status
Mirhadi_2022,LUAD,WXS,MirhadiLUAD_2022,pY profiled
Mirhadi_2022,LUAD,WXS,MirhadiLUAD_2022,Ref_Classical_subtype
Mirhadi_2022,LUAD,WXS,MirhadiLUAD_2022,Ref_meth_CIMP_subtype
Mirhadi_2022,LUAD,WXS,MirhadiLUAD_2022,Ref_protein_subtype
Mirhadi_2022,LUAD,WXS,MirhadiLUAD_2022,Resected/EBUS
Mirhadi_2022,LUAD,WXS,MirhadiLUAD_2022,Resection
Mirhadi_2022,LUAD,WXS,MirhadiLUAD_2022,Smoking_status
Mirhadi_2022,LUAD,WXS,MirhadiLUAD_2022,Stage
Mirhadi_2022,LUAD,WXS,MirhadiLUAD_2022,Tumor/Normal
Mirhadi_2022,LUAD,WXS,MirhadiLUAD_2022,Cancer type
Mirhadi_2022,LUSC,Array,MirhadiLUSC_2022,Adjuvant radiation
Mirhadi_2022,LUSC,Array,MirhadiLUSC_2022,Age
Mirhadi_2022,LUSC,Array,MirhadiLUSC_2022,Chemotherapy
Mirhadi_2022,LUSC,Array,MirhadiLUSC_2022,Classical_m_score
Mirhadi_2022,LUSC,Array,MirhadiLUSC_2022,Classical_m_subtype
Mirhadi_2022,LUSC,Array,MirhadiLUSC_2022,Classical_p_subtype
Mirhadi_2022,LUSC,Array,MirhadiLUSC_2022,Classical_r_subtype
Mirhadi_2022,LUSC,Array,MirhadiLUSC_2022,CNV
Mirhadi_2022,LUSC,Array,MirhadiLUSC_2022,Primary/metastasis
Mirhadi_2022,LUSC,Array,MirhadiLUSC_2022,Exome
Mirhadi_2022,LUSC,Array,MirhadiLUSC_2022,Gender
Mirhadi_2022,LUSC,Array,MirhadiLUSC_2022,Histology
Mirhadi_2022,LUSC,Array,MirhadiLUSC_2022,Model
Mirhadi_2022,LUSC,Array,MirhadiLUSC_2022,MP_m_score
Mirhadi_2022,LUSC,Array,MirhadiLUSC_2022,MP_m_subtype
Mirhadi_2022,LUSC,Array,MirhadiLUSC_2022,MP_p_subtype
Mirhadi_2022,LUSC,Array,MirhadiLUSC_2022,MP_r_subtype
Mirhadi_2022,LUSC,Array,MirhadiLUSC_2022,OS
Mirhadi_2022,LUSC,Array,MirhadiLUSC_2022,OS_status
Mirhadi_2022,LUSC,Array,MirhadiLUSC_2022,pY profiled
Mirhadi_2022,LUSC,Array,MirhadiLUSC_2022,Ref_Classical_subtype
Mirhadi_2022,LUSC,Array,MirhadiLUSC_2022,Ref_meth_CIMP_subtype
Mirhadi_2022,LUSC,Array,MirhadiLUSC_2022,Ref_protein_subtype
Mirhadi_2022,LUSC,Array,MirhadiLUSC_2022,Resected/EBUS
Mirhadi_2022,LUSC,Array,MirhadiLUSC_2022,Resection
Mirhadi_2022,LUSC,Array,MirhadiLUSC_2022,Smoking_status
Mirhadi_2022,LUSC,Array,MirhadiLUSC_2022,Stage
Mirhadi_2022,LUSC,Array,MirhadiLUSC_2022,Tumor/Normal
Mirhadi_2022,LUSC,Array,MirhadiLUSC_2022,Cancer type
Mirhadi_2022,LUSC,Proteomics,MirhadiLUSC_2022,Adjuvant radiation
Mirhadi_2022,LUSC,Proteomics,MirhadiLUSC_2022,Age
Mirhadi_2022,LUSC,Proteomics,MirhadiLUSC_2022,Chemotherapy
Mirhadi_2022,LUSC,Proteomics,MirhadiLUSC_2022,Classical_m_score
Mirhadi_2022,LUSC,Proteomics,MirhadiLUSC_2022,Classical_m_subtype
Mirhadi_2022,LUSC,Proteomics,MirhadiLUSC_2022,Classical_p_subtype
Mirhadi_2022,LUSC,Proteomics,MirhadiLUSC_2022,Classical_r_subtype
Mirhadi_2022,LUSC,Proteomics,MirhadiLUSC_2022,CNV
Mirhadi_2022,LUSC,Proteomics,MirhadiLUSC_2022,Primary/metastasis
Mirhadi_2022,LUSC,Proteomics,MirhadiLUSC_2022,Exome
Mirhadi_2022,LUSC,Proteomics,MirhadiLUSC_2022,Gender
Mirhadi_2022,LUSC,Proteomics,MirhadiLUSC_2022,Histology
Mirhadi_2022,LUSC,Proteomics,MirhadiLUSC_2022,Model
Mirhadi_2022,LUSC,Proteomics,MirhadiLUSC_2022,MP_m_score
Mirhadi_2022,LUSC,Proteomics,MirhadiLUSC_2022,MP_m_subtype
Mirhadi_2022,LUSC,Proteomics,MirhadiLUSC_2022,MP_p_subtype
Mirhadi_2022,LUSC,Proteomics,MirhadiLUSC_2022,MP_r_subtype
Mirhadi_2022,LUSC,Proteomics,MirhadiLUSC_2022,OS
Mirhadi_2022,LUSC,Proteomics,MirhadiLUSC_2022,OS_status
Mirhadi_2022,LUSC,Proteomics,MirhadiLUSC_2022,pY profiled
Mirhadi_2022,LUSC,Proteomics,MirhadiLUSC_2022,Ref_Classical_subtype
Mirhadi_2022,LUSC,Proteomics,MirhadiLUSC_2022,Ref_meth_CIMP_subtype
Mirhadi_2022,LUSC,Proteomics,MirhadiLUSC_2022,Ref_protein_subtype
Mirhadi_2022,LUSC,Proteomics,MirhadiLUSC_2022,Resected or EBUS
Mirhadi_2022,LUSC,Proteomics,MirhadiLUSC_2022,Resection
Mirhadi_2022,LUSC,Proteomics,MirhadiLUSC_2022,Smoking_status
Mirhadi_2022,LUSC,Proteomics,MirhadiLUSC_2022,Stage
Mirhadi_2022,LUSC,Proteomics,MirhadiLUSC_2022,Tumor/Normal
Mirhadi_2022,LUSC,Proteomics,MirhadiLUSC_2022,Cancer type
Mirhadi_2022,LUSC,WXS,MirhadiLUSC_2022,Adjuvant radiation
Mirhadi_2022,LUSC,WXS,MirhadiLUSC_2022,Age
Mirhadi_2022,LUSC,WXS,MirhadiLUSC_2022,Chemotherapy
Mirhadi_2022,LUSC,WXS,MirhadiLUSC_2022,Classical_m_score
Mirhadi_2022,LUSC,WXS,MirhadiLUSC_2022,Classical_m_subtype
Mirhadi_2022,LUSC,WXS,MirhadiLUSC_2022,Classical_p_subtype
Mirhadi_2022,LUSC,WXS,MirhadiLUSC_2022,Classical_r_subtype
Mirhadi_2022,LUSC,WXS,MirhadiLUSC_2022,CNV
Mirhadi_2022,LUSC,WXS,MirhadiLUSC_2022,Driver_subtype
Mirhadi_2022,LUSC,WXS,MirhadiLUSC_2022,Primary/metastasis
Mirhadi_2022,LUSC,WXS,MirhadiLUSC_2022,Exome
Mirhadi_2022,LUSC,WXS,MirhadiLUSC_2022,Gender
Mirhadi_2022,LUSC,WXS,MirhadiLUSC_2022,Histology
Mirhadi_2022,LUSC,WXS,MirhadiLUSC_2022,Model
Mirhadi_2022,LUSC,WXS,MirhadiLUSC_2022,MP_m_score
Mirhadi_2022,LUSC,WXS,MirhadiLUSC_2022,MP_m_subtype
Mirhadi_2022,LUSC,WXS,MirhadiLUSC_2022,MP_p_subtype
Mirhadi_2022,LUSC,WXS,MirhadiLUSC_2022,MP_r_subtype
Mirhadi_2022,LUSC,WXS,MirhadiLUSC_2022,OS
Mirhadi_2022,LUSC,WXS,MirhadiLUSC_2022,OS_status
Mirhadi_2022,LUSC,WXS,MirhadiLUSC_2022,pY profiled
Mirhadi_2022,LUSC,WXS,MirhadiLUSC_2022,Ref_Classical_subtype
Mirhadi_2022,LUSC,WXS,MirhadiLUSC_2022,Ref_meth_CIMP_subtype
Mirhadi_2022,LUSC,WXS,MirhadiLUSC_2022,Ref_protein_subtype
Mirhadi_2022,LUSC,WXS,MirhadiLUSC_2022,Resected/EBUS
Mirhadi_2022,LUSC,WXS,MirhadiLUSC_2022,Resection
Mirhadi_2022,LUSC,WXS,MirhadiLUSC_2022,Smoking_status
Mirhadi_2022,LUSC,WXS,MirhadiLUSC_2022,Stage
Mirhadi_2022,LUSC,WXS,MirhadiLUSC_2022,Tumor/Normal
Mirhadi_2022,LUSC,WXS,MirhadiLUSC_2022,Cancer type
Mohammad_2015,SCLC,Methylome,Mohammad_2015,Classical_meth_subtype
Mohammad_2015,SCLC,Methylome,Mohammad_2015,Primary/metastasis
Mohammad_2015,SCLC,Methylome,Mohammad_2015,LSD1_inhibitor
Mohammad_2015,SCLC,Methylome,Mohammad_2015,MP_mh_subtype
Mohammad_2015,SCLC,Methylome,Mohammad_2015,MP_ml_subtype
Mohammad_2015,SCLC,Methylome,Mohammad_2015,Origin
Mohammad_2015,SCLC,Methylome,Mohammad_2015,Tumor/Normal
Mohammad_2015,SCLC,Methylome,Mohammad_2015,Cancer type
MSK_2021,LUAD,WXS,MSK_2021,Age
MSK_2021,LUAD,WXS,MSK_2021,ARCHER
MSK_2021,LUAD,WXS,MSK_2021,Classical_m_score
MSK_2021,LUAD,WXS,MSK_2021,Classical_m_subtype
MSK_2021,LUAD,WXS,MSK_2021,CRDB_ADJ
MSK_2021,LUAD,WXS,MSK_2021,CRDB_BRAINMET
MSK_2021,LUAD,WXS,MSK_2021,CRDB_PRIOR_RX
MSK_2021,LUAD,WXS,MSK_2021,Driver_subtype
MSK_2021,LUAD,WXS,MSK_2021,Primary/metastasis
MSK_2021,LUAD,WXS,MSK_2021,Ethnicity
MSK_2021,LUAD,WXS,MSK_2021,Gender
MSK_2021,LUAD,WXS,MSK_2021,Metastatic_site
MSK_2021,LUAD,WXS,MSK_2021,MSI_score
MSK_2021,LUAD,WXS,MSK_2021,MSI_type
MSK_2021,LUAD,WXS,MSK_2021,OS
MSK_2021,LUAD,WXS,MSK_2021,OS_status
MSK_2021,LUAD,WXS,MSK_2021,PARTA_CONSENTED_12_245
MSK_2021,LUAD,WXS,MSK_2021,PARTC_CONSENTED_12_245
MSK_2021,LUAD,WXS,MSK_2021,Path_slide_exists
MSK_2021,LUAD,WXS,MSK_2021,Race
MSK_2021,LUAD,WXS,MSK_2021,Religion
MSK_2021,LUAD,WXS,MSK_2021,Sample_coverage
MSK_2021,LUAD,WXS,MSK_2021,Sample_source
MSK_2021,LUAD,WXS,MSK_2021,Somatic_status
MSK_2021,LUAD,WXS,MSK_2021,TMB
MSK_2021,LUAD,WXS,MSK_2021,Tumor/Normal
MSK_2021,LUAD,WXS,MSK_2021,Tumor_purity
MSK_2021,LUAD,WXS,MSK_2021,Cancer type
Nahar_2018,LUAD,WXS,Nahar_2018,Age
Nahar_2018,LUAD,WXS,Nahar_2018,Classical_m_score
Nahar_2018,LUAD,WXS,Nahar_2018,Classical_m_subtype
Nahar_2018,LUAD,WXS,Nahar_2018,Driver_subtype
Nahar_2018,LUAD,WXS,Nahar_2018,Primary/metastasis
Nahar_2018,LUAD,WXS,Nahar_2018,EGFR_mutation
Nahar_2018,LUAD,WXS,Nahar_2018,Gender
Nahar_2018,LUAD,WXS,Nahar_2018,MP_m_score
Nahar_2018,LUAD,WXS,Nahar_2018,MP_m_subtype
Nahar_2018,LUAD,WXS,Nahar_2018,Race
Nahar_2018,LUAD,WXS,Nahar_2018,Relapse_status
Nahar_2018,LUAD,WXS,Nahar_2018,Smoking_status
Nahar_2018,LUAD,WXS,Nahar_2018,Stage
Nahar_2018,LUAD,WXS,Nahar_2018,Tumor/Normal
Nahar_2018,LUAD,WXS,Nahar_2018,Tumor_size
Nahar_2018,LUAD,WXS,Nahar_2018,Cancer type
Nguyen_2022,LUAD,WXS,NguyenLUAD_2022,Age
Nguyen_2022,LUAD,WXS,NguyenLUAD_2022,Age_at_death
Nguyen_2022,LUAD,WXS,NguyenLUAD_2022,Age_at_last_contact
Nguyen_2022,LUAD,WXS,NguyenLUAD_2022,Age_at_sequencing
Nguyen_2022,LUAD,WXS,NguyenLUAD_2022,Age_at_surgery
Nguyen_2022,LUAD,WXS,NguyenLUAD_2022,Classical_m_score
Nguyen_2022,LUAD,WXS,NguyenLUAD_2022,Classical_m_subtype
Nguyen_2022,LUAD,WXS,NguyenLUAD_2022,Driver_subtype
Nguyen_2022,LUAD,WXS,NguyenLUAD_2022,Primary/metastasis
Nguyen_2022,LUAD,WXS,NguyenLUAD_2022,FGA
Nguyen_2022,LUAD,WXS,NguyenLUAD_2022,Gender
Nguyen_2022,LUAD,WXS,NguyenLUAD_2022,IS_DIST_MET_Mapped
Nguyen_2022,LUAD,WXS,NguyenLUAD_2022,Met_count
Nguyen_2022,LUAD,WXS,NguyenLUAD_2022,Met_site_count
Nguyen_2022,LUAD,WXS,NguyenLUAD_2022,Metastasis_site
Nguyen_2022,LUAD,WXS,NguyenLUAD_2022,MP_m_score
Nguyen_2022,LUAD,WXS,NguyenLUAD_2022,MP_m_subtype
Nguyen_2022,LUAD,WXS,NguyenLUAD_2022,MSI_score
Nguyen_2022,LUAD,WXS,NguyenLUAD_2022,MSI_type
Nguyen_2022,LUAD,WXS,NguyenLUAD_2022,Organ_system
Nguyen_2022,LUAD,WXS,NguyenLUAD_2022,OS
Nguyen_2022,LUAD,WXS,NguyenLUAD_2022,OS_status
Nguyen_2022,LUAD,WXS,NguyenLUAD_2022,Primary_site
Nguyen_2022,LUAD,WXS,NguyenLUAD_2022,Race
Nguyen_2022,LUAD,WXS,NguyenLUAD_2022,Sample_coverage
Nguyen_2022,LUAD,WXS,NguyenLUAD_2022,Subtype
Nguyen_2022,LUAD,WXS,NguyenLUAD_2022,Subtype_abbr
Nguyen_2022,LUAD,WXS,NguyenLUAD_2022,TMB_nonsynonymous
Nguyen_2022,LUAD,WXS,NguyenLUAD_2022,Tumor/Normal
Nguyen_2022,LUAD,WXS,NguyenLUAD_2022,Tumor_purity
Nguyen_2022,LUAD,WXS,NguyenLUAD_2022,Cancer type
Nguyen_2022,LUSC,WXS,NguyenLUSC_2022,Age
Nguyen_2022,LUSC,WXS,NguyenLUSC_2022,Age_at_death
Nguyen_2022,LUSC,WXS,NguyenLUSC_2022,Age_at_last_contact
Nguyen_2022,LUSC,WXS,NguyenLUSC_2022,Age_at_sequencing
Nguyen_2022,LUSC,WXS,NguyenLUSC_2022,Age_at_surgery
Nguyen_2022,LUSC,WXS,NguyenLUSC_2022,Classical_m_score
Nguyen_2022,LUSC,WXS,NguyenLUSC_2022,Classical_m_subtype
Nguyen_2022,LUSC,WXS,NguyenLUSC_2022,Driver_subtype
Nguyen_2022,LUSC,WXS,NguyenLUSC_2022,Primary/metastasis
Nguyen_2022,LUSC,WXS,NguyenLUSC_2022,FGA
Nguyen_2022,LUSC,WXS,NguyenLUSC_2022,Gender
Nguyen_2022,LUSC,WXS,NguyenLUSC_2022,IS_DIST_MET_Mapped
Nguyen_2022,LUSC,WXS,NguyenLUSC_2022,Met_count
Nguyen_2022,LUSC,WXS,NguyenLUSC_2022,Met_site_count
Nguyen_2022,LUSC,WXS,NguyenLUSC_2022,Metastasis_site
Nguyen_2022,LUSC,WXS,NguyenLUSC_2022,MP_m_score
Nguyen_2022,LUSC,WXS,NguyenLUSC_2022,MP_m_subtype
Nguyen_2022,LUSC,WXS,NguyenLUSC_2022,MSI_score
Nguyen_2022,LUSC,WXS,NguyenLUSC_2022,MSI_type
Nguyen_2022,LUSC,WXS,NguyenLUSC_2022,Organ_system
Nguyen_2022,LUSC,WXS,NguyenLUSC_2022,OS
Nguyen_2022,LUSC,WXS,NguyenLUSC_2022,OS_status
Nguyen_2022,LUSC,WXS,NguyenLUSC_2022,Primary_site
Nguyen_2022,LUSC,WXS,NguyenLUSC_2022,Race
Nguyen_2022,LUSC,WXS,NguyenLUSC_2022,Sample_coverage
Nguyen_2022,LUSC,WXS,NguyenLUSC_2022,Subtype
Nguyen_2022,LUSC,WXS,NguyenLUSC_2022,Subtype_abbr
Nguyen_2022,LUSC,WXS,NguyenLUSC_2022,TMB_nonsynonymous
Nguyen_2022,LUSC,WXS,NguyenLUSC_2022,Tumor/Normal
Nguyen_2022,LUSC,WXS,NguyenLUSC_2022,Tumor_purity
Nguyen_2022,LUSC,WXS,NguyenLUSC_2022,Cancer type
Nguyen_2022,SCLC,WXS,NguyenSCLC_2022,Age
Nguyen_2022,SCLC,WXS,NguyenSCLC_2022,Age_at_death
Nguyen_2022,SCLC,WXS,NguyenSCLC_2022,Age_at_last_contact
Nguyen_2022,SCLC,WXS,NguyenSCLC_2022,Age_at_sequencing
Nguyen_2022,SCLC,WXS,NguyenSCLC_2022,Age_at_surgery
Nguyen_2022,SCLC,WXS,NguyenSCLC_2022,Classical_m_score
Nguyen_2022,SCLC,WXS,NguyenSCLC_2022,Classical_m_subtype
Nguyen_2022,SCLC,WXS,NguyenSCLC_2022,Driver_subtype
Nguyen_2022,SCLC,WXS,NguyenSCLC_2022,Primary/metastasis
Nguyen_2022,SCLC,WXS,NguyenSCLC_2022,FGA
Nguyen_2022,SCLC,WXS,NguyenSCLC_2022,Gender
Nguyen_2022,SCLC,WXS,NguyenSCLC_2022,Histology type
Nguyen_2022,SCLC,WXS,NguyenSCLC_2022,IS_DIST_MET_Mapped
Nguyen_2022,SCLC,WXS,NguyenSCLC_2022,Met_count
Nguyen_2022,SCLC,WXS,NguyenSCLC_2022,Met_site_count
Nguyen_2022,SCLC,WXS,NguyenSCLC_2022,Metastasis_site
Nguyen_2022,SCLC,WXS,NguyenSCLC_2022,MP_m_score
Nguyen_2022,SCLC,WXS,NguyenSCLC_2022,MP_m_subtype
Nguyen_2022,SCLC,WXS,NguyenSCLC_2022,MSI_score
Nguyen_2022,SCLC,WXS,NguyenSCLC_2022,MSI_type
Nguyen_2022,SCLC,WXS,NguyenSCLC_2022,Organ_system
Nguyen_2022,SCLC,WXS,NguyenSCLC_2022,OS
Nguyen_2022,SCLC,WXS,NguyenSCLC_2022,OS_status
Nguyen_2022,SCLC,WXS,NguyenSCLC_2022,Primary_site
Nguyen_2022,SCLC,WXS,NguyenSCLC_2022,Race
Nguyen_2022,SCLC,WXS,NguyenSCLC_2022,Sample_coverage
Nguyen_2022,SCLC,WXS,NguyenSCLC_2022,Subtype
Nguyen_2022,SCLC,WXS,NguyenSCLC_2022,Subtype_abbr
Nguyen_2022,SCLC,WXS,NguyenSCLC_2022,TMB_nonsynonymous
Nguyen_2022,SCLC,WXS,NguyenSCLC_2022,Tumor/Normal
Nguyen_2022,SCLC,WXS,NguyenSCLC_2022,Tumor_purity
Nguyen_2022,SCLC,WXS,NguyenSCLC_2022,Cancer type
Otaka_2017,LUSC,RNA-seq,Otaka_2017,Age
Otaka_2017,LUSC,RNA-seq,Otaka_2017,Classical_r_subtype
Otaka_2017,LUSC,RNA-seq,Otaka_2017,Primary/metastasis
Otaka_2017,LUSC,RNA-seq,Otaka_2017,Gender
Otaka_2017,LUSC,RNA-seq,Otaka_2017,MP_r_subtype
Otaka_2017,LUSC,RNA-seq,Otaka_2017,Smoking_status
Otaka_2017,LUSC,RNA-seq,Otaka_2017,Stage
Otaka_2017,LUSC,RNA-seq,Otaka_2017,STXBP4_type
Otaka_2017,LUSC,RNA-seq,Otaka_2017,Tumor/Normal
Otaka_2017,LUSC,RNA-seq,Otaka_2017,Cancer type
Paik_2015,LUSC,WXS,Paik_2015,Classical_m_score
Paik_2015,LUSC,WXS,Paik_2015,Classical_m_subtype
Paik_2015,LUSC,WXS,Paik_2015,Driver_subtype
Paik_2015,LUSC,WXS,Paik_2015,Primary/metastasis
Paik_2015,LUSC,WXS,Paik_2015,FGFR1_amp_FISH
Paik_2015,LUSC,WXS,Paik_2015,Metastatic_sites
Paik_2015,LUSC,WXS,Paik_2015,OS
Paik_2015,LUSC,WXS,Paik_2015,PTEN_loss_IHC
Paik_2015,LUSC,WXS,Paik_2015,Stage
Paik_2015,LUSC,WXS,Paik_2015,Tumor/Normal
Paik_2015,LUSC,WXS,Paik_2015,Cancer type
Pan_2020,LUSC,Proteomics,Pan_2020,Age
Pan_2020,LUSC,Proteomics,Pan_2020,Chemotherapy
Pan_2020,LUSC,Proteomics,Pan_2020,Classical_p_subtype
Pan_2020,LUSC,Proteomics,Pan_2020,DFS
Pan_2020,LUSC,Proteomics,Pan_2020,DFS_status
Pan_2020,LUSC,Proteomics,Pan_2020,Differentiation
Pan_2020,LUSC,Proteomics,Pan_2020,Primary/metastasis
Pan_2020,LUSC,Proteomics,Pan_2020,Gender
Pan_2020,LUSC,Proteomics,Pan_2020,MP_p_subtype
Pan_2020,LUSC,Proteomics,Pan_2020,OS
Pan_2020,LUSC,Proteomics,Pan_2020,OS_status
Pan_2020,LUSC,Proteomics,Pan_2020,Purity
Pan_2020,LUSC,Proteomics,Pan_2020,Race
Pan_2020,LUSC,Proteomics,Pan_2020,Smoking_status
Pan_2020,LUSC,Proteomics,Pan_2020,Stage
Pan_2020,LUSC,Proteomics,Pan_2020,Targeted_therapy
Pan_2020,LUSC,Proteomics,Pan_2020,Tumor/Normal
Pan_2020,LUSC,Proteomics,Pan_2020,TNM
Pan_2020,LUSC,Proteomics,Pan_2020,Tumor_size
Pan_2020,LUSC,Proteomics,Pan_2020,Cancer type
Parker-batchB_2022,LUAD,RNA-seq,Parker-batchBLUAD_2022,Batch
Parker-batchB_2022,LUAD,RNA-seq,Parker-batchBLUAD_2022,Classical_r_subtype
Parker-batchB_2022,LUAD,RNA-seq,Parker-batchBLUAD_2022,MP_r_subtype
Parker-batchB_2022,LUAD,RNA-seq,Parker-batchBLUAD_2022,Tumor/Normal
Parker-batchB_2022,LUAD,RNA-seq,Parker-batchBLUAD_2022,Cancer type
Parker-batchB_2022,LUSC,RNA-seq,Parker-batchBLUSC_2022,Batch
Parker-batchB_2022,LUSC,RNA-seq,Parker-batchBLUSC_2022,Classical_r_subtype
Parker-batchB_2022,LUSC,RNA-seq,Parker-batchBLUSC_2022,MP_r_subtype
Parker-batchB_2022,LUSC,RNA-seq,Parker-batchBLUSC_2022,Tumor/Normal
Parker-batchB_2022,LUSC,RNA-seq,Parker-batchBLUSC_2022,Cancer type
Parker-batchH_2022,LUAD,RNA-seq,Parker-batchHLUAD_2022,Batch
Parker-batchH_2022,LUAD,RNA-seq,Parker-batchHLUAD_2022,Classical_r_subtype
Parker-batchH_2022,LUAD,RNA-seq,Parker-batchHLUAD_2022,MP_r_subtype
Parker-batchH_2022,LUAD,RNA-seq,Parker-batchHLUAD_2022,Tumor/Normal
Parker-batchH_2022,LUAD,RNA-seq,Parker-batchHLUAD_2022,Cancer type
Peifer_2012,SCLC,RNA-seq,Peifer_2012,Age
Peifer_2012,SCLC,RNA-seq,Peifer_2012,CD56
Peifer_2012,SCLC,RNA-seq,Peifer_2012,Chromogranin
Peifer_2012,SCLC,RNA-seq,Peifer_2012,CK5/6
Peifer_2012,SCLC,RNA-seq,Peifer_2012,CK7
Peifer_2012,SCLC,RNA-seq,Peifer_2012,Classical_m_score
Peifer_2012,SCLC,RNA-seq,Peifer_2012,Classical_m_subtype
Peifer_2012,SCLC,RNA-seq,Peifer_2012,Classical_r_subtype
Peifer_2012,SCLC,RNA-seq,Peifer_2012,Primary/metastasis
Peifer_2012,SCLC,RNA-seq,Peifer_2012,Gender
Peifer_2012,SCLC,RNA-seq,Peifer_2012,Histology_confirmed_by_IHC
Peifer_2012,SCLC,RNA-seq,Peifer_2012,MP_m_score
Peifer_2012,SCLC,RNA-seq,Peifer_2012,MP_m_subtype
Peifer_2012,SCLC,RNA-seq,Peifer_2012,MP_r_subtype
Peifer_2012,SCLC,RNA-seq,Peifer_2012,P63
Peifer_2012,SCLC,RNA-seq,Peifer_2012,Pathology
Peifer_2012,SCLC,RNA-seq,Peifer_2012,Synaptophysin
Peifer_2012,SCLC,RNA-seq,Peifer_2012,Tumor/Normal
Peifer_2012,SCLC,RNA-seq,Peifer_2012,TTF1
Peifer_2012,SCLC,RNA-seq,Peifer_2012,Cancer type
Peifer_2012,SCLC,WXS,Peifer_2012,Age
Peifer_2012,SCLC,WXS,Peifer_2012,CD56
Peifer_2012,SCLC,WXS,Peifer_2012,Chromogranin
Peifer_2012,SCLC,WXS,Peifer_2012,CK5/6
Peifer_2012,SCLC,WXS,Peifer_2012,CK7
Peifer_2012,SCLC,WXS,Peifer_2012,Classical_m_score
Peifer_2012,SCLC,WXS,Peifer_2012,Classical_m_subtype
Peifer_2012,SCLC,WXS,Peifer_2012,Classical_r_subtype
Peifer_2012,SCLC,WXS,Peifer_2012,Driver_subtype
Peifer_2012,SCLC,WXS,Peifer_2012,Primary/metastasis
Peifer_2012,SCLC,WXS,Peifer_2012,Gender
Peifer_2012,SCLC,WXS,Peifer_2012,Histology_confirmed_by_IHC
Peifer_2012,SCLC,WXS,Peifer_2012,MP_m_score
Peifer_2012,SCLC,WXS,Peifer_2012,MP_m_subtype
Peifer_2012,SCLC,WXS,Peifer_2012,MP_r_subtype
Peifer_2012,SCLC,WXS,Peifer_2012,P63
Peifer_2012,SCLC,WXS,Peifer_2012,Pathology
Peifer_2012,SCLC,WXS,Peifer_2012,Synaptophysin
Peifer_2012,SCLC,WXS,Peifer_2012,Tumor/Normal
Peifer_2012,SCLC,WXS,Peifer_2012,TTF1
Peifer_2012,SCLC,WXS,Peifer_2012,Cancer type
Pleasance_2020,LUAD,RNA-seq,Pleasance_2020,Age
Pleasance_2020,LUAD,RNA-seq,Pleasance_2020,Analysis_cohort
Pleasance_2020,LUAD,RNA-seq,Pleasance_2020,Biopsy_cohort
Pleasance_2020,LUAD,RNA-seq,Pleasance_2020,Biopsy_site
Pleasance_2020,LUAD,RNA-seq,Pleasance_2020,Cancer type
Pleasance_2020,LUAD,RNA-seq,Pleasance_2020,Cancer_type_detailed
Pleasance_2020,LUAD,RNA-seq,Pleasance_2020,Chemotherapy
Pleasance_2020,LUAD,RNA-seq,Pleasance_2020,Classical_m_score
Pleasance_2020,LUAD,RNA-seq,Pleasance_2020,Classical_m_subtype
Pleasance_2020,LUAD,RNA-seq,Pleasance_2020,Classical_r_subtype
Pleasance_2020,LUAD,RNA-seq,Pleasance_2020,Primary/metastasis
Pleasance_2020,LUAD,RNA-seq,Pleasance_2020,Gender
Pleasance_2020,LUAD,RNA-seq,Pleasance_2020,HRD_SCORE
Pleasance_2020,LUAD,RNA-seq,Pleasance_2020,ICI
Pleasance_2020,LUAD,RNA-seq,Pleasance_2020,ICI_BEST_RESPONSE
Pleasance_2020,LUAD,RNA-seq,Pleasance_2020,ICI_DURABLE_CLINICAL_BENEFIT
Pleasance_2020,LUAD,RNA-seq,Pleasance_2020,ICI_MUTATION_CATEGORY
Pleasance_2020,LUAD,RNA-seq,Pleasance_2020,Immunotherapy
Pleasance_2020,LUAD,RNA-seq,Pleasance_2020,MP_m_score
Pleasance_2020,LUAD,RNA-seq,Pleasance_2020,MP_m_subtype
Pleasance_2020,LUAD,RNA-seq,Pleasance_2020,MP_r_subtype
Pleasance_2020,LUAD,RNA-seq,Pleasance_2020,MSI_score
Pleasance_2020,LUAD,RNA-seq,Pleasance_2020,OS
Pleasance_2020,LUAD,RNA-seq,Pleasance_2020,OS_status
Pleasance_2020,LUAD,RNA-seq,Pleasance_2020,Primary_site
Pleasance_2020,LUAD,RNA-seq,Pleasance_2020,Somatic_status
Pleasance_2020,LUAD,RNA-seq,Pleasance_2020,T_CELLS_CD4_MEMORY_ACTIVATED
Pleasance_2020,LUAD,RNA-seq,Pleasance_2020,T_CELLS_CD4_MEMORY_RESTING
Pleasance_2020,LUAD,RNA-seq,Pleasance_2020,T_CELLS_CD4_NAIVE
Pleasance_2020,LUAD,RNA-seq,Pleasance_2020,T_CELLS_CD8
Pleasance_2020,LUAD,RNA-seq,Pleasance_2020,T_CELLS_FOLLICULAR_HELPER
Pleasance_2020,LUAD,RNA-seq,Pleasance_2020,T_CELLS_GAMMA_DELTA
Pleasance_2020,LUAD,RNA-seq,Pleasance_2020,T_CELLS_REGULATORY_TREGS
Pleasance_2020,LUAD,RNA-seq,Pleasance_2020,Targeted_therapy
Pleasance_2020,LUAD,RNA-seq,Pleasance_2020,TMB_nonsynonymous
Pleasance_2020,LUAD,RNA-seq,Pleasance_2020,Tumor/Normal
Pleasance_2020,LUAD,RNA-seq,Pleasance_2020,TREATED_WITH_ICI
Pleasance_2020,LUAD,RNA-seq,Pleasance_2020,Treatment_category
Pleasance_2020,LUAD,RNA-seq,Pleasance_2020,Tumor_content
Pleasance_2020,LUAD,RNA-seq,Pleasance_2020,Cancer type
Pleasance_2020,LUAD,WXS,Pleasance_2020,Age
Pleasance_2020,LUAD,WXS,Pleasance_2020,Analysis_cohort
Pleasance_2020,LUAD,WXS,Pleasance_2020,Biopsy_cohort
Pleasance_2020,LUAD,WXS,Pleasance_2020,Biopsy_site
Pleasance_2020,LUAD,WXS,Pleasance_2020,Cancer type
Pleasance_2020,LUAD,WXS,Pleasance_2020,Cancer_type_detailed
Pleasance_2020,LUAD,WXS,Pleasance_2020,Chemotherapy
Pleasance_2020,LUAD,WXS,Pleasance_2020,Classical_m_score
Pleasance_2020,LUAD,WXS,Pleasance_2020,Classical_m_subtype
Pleasance_2020,LUAD,WXS,Pleasance_2020,Classical_r_subtype
Pleasance_2020,LUAD,WXS,Pleasance_2020,Driver_subtype
Pleasance_2020,LUAD,WXS,Pleasance_2020,Primary/metastasis
Pleasance_2020,LUAD,WXS,Pleasance_2020,Gender
Pleasance_2020,LUAD,WXS,Pleasance_2020,HRD_SCORE
Pleasance_2020,LUAD,WXS,Pleasance_2020,ICI
Pleasance_2020,LUAD,WXS,Pleasance_2020,ICI_BEST_RESPONSE
Pleasance_2020,LUAD,WXS,Pleasance_2020,ICI_DURABLE_CLINICAL_BENEFIT
Pleasance_2020,LUAD,WXS,Pleasance_2020,ICI_MUTATION_CATEGORY
Pleasance_2020,LUAD,WXS,Pleasance_2020,Immunotherapy
Pleasance_2020,LUAD,WXS,Pleasance_2020,MP_m_score
Pleasance_2020,LUAD,WXS,Pleasance_2020,MP_m_subtype
Pleasance_2020,LUAD,WXS,Pleasance_2020,MP_r_subtype
Pleasance_2020,LUAD,WXS,Pleasance_2020,MSI_score
Pleasance_2020,LUAD,WXS,Pleasance_2020,OS
Pleasance_2020,LUAD,WXS,Pleasance_2020,OS_status
Pleasance_2020,LUAD,WXS,Pleasance_2020,Primary_site
Pleasance_2020,LUAD,WXS,Pleasance_2020,Somatic_status
Pleasance_2020,LUAD,WXS,Pleasance_2020,T_CELLS_CD4_MEMORY_ACTIVATED
Pleasance_2020,LUAD,WXS,Pleasance_2020,T_CELLS_CD4_MEMORY_RESTING
Pleasance_2020,LUAD,WXS,Pleasance_2020,T_CELLS_CD4_NAIVE
Pleasance_2020,LUAD,WXS,Pleasance_2020,T_CELLS_CD8
Pleasance_2020,LUAD,WXS,Pleasance_2020,T_CELLS_FOLLICULAR_HELPER
Pleasance_2020,LUAD,WXS,Pleasance_2020,T_CELLS_GAMMA_DELTA
Pleasance_2020,LUAD,WXS,Pleasance_2020,T_CELLS_REGULATORY_TREGS
Pleasance_2020,LUAD,WXS,Pleasance_2020,Targeted_therapy
Pleasance_2020,LUAD,WXS,Pleasance_2020,TMB_nonsynonymous
Pleasance_2020,LUAD,WXS,Pleasance_2020,Tumor/Normal
Pleasance_2020,LUAD,WXS,Pleasance_2020,TREATED_WITH_ICI
Pleasance_2020,LUAD,WXS,Pleasance_2020,Treatment_category
Pleasance_2020,LUAD,WXS,Pleasance_2020,Tumor_content
Pleasance_2020,LUAD,WXS,Pleasance_2020,Cancer type
Pocha_2020,LUAD,Methylome,Pocha_2020,Age
Pocha_2020,LUAD,Methylome,Pocha_2020,Classical_meth_subtype
Pocha_2020,LUAD,Methylome,Pocha_2020,Primary/metastasis
Pocha_2020,LUAD,Methylome,Pocha_2020,Gender
Pocha_2020,LUAD,Methylome,Pocha_2020,Metastasis_site
Pocha_2020,LUAD,Methylome,Pocha_2020,MP_mh_subtype
Pocha_2020,LUAD,Methylome,Pocha_2020,MP_ml_subtype
Pocha_2020,LUAD,Methylome,Pocha_2020,Tumor/Normal
Pocha_2020,LUAD,Methylome,Pocha_2020,Cancer type
Prado_2023,LUAD,WXS,Prado_2023,Age
Prado_2023,LUAD,WXS,Prado_2023,Cancer_cell_percentage
Prado_2023,LUAD,WXS,Prado_2023,Chemotherapy
Prado_2023,LUAD,WXS,Prado_2023,Chemotherapy_time
Prado_2023,LUAD,WXS,Prado_2023,Classical_m_score
Prado_2023,LUAD,WXS,Prado_2023,Classical_m_subtype
Prado_2023,LUAD,WXS,Prado_2023,Cohort
Prado_2023,LUAD,WXS,Prado_2023,Dexamethasone_end
Prado_2023,LUAD,WXS,Prado_2023,Dexamethasone_treatment_before_surgery
Prado_2023,LUAD,WXS,Prado_2023,Driver_subtype
Prado_2023,LUAD,WXS,Prado_2023,Primary/metastasis
Prado_2023,LUAD,WXS,Prado_2023,Fibrosis percentage
Prado_2023,LUAD,WXS,Prado_2023,Gender
Prado_2023,LUAD,WXS,Prado_2023,Immunotherapy
Prado_2023,LUAD,WXS,Prado_2023,Immunotherapy_time
Prado_2023,LUAD,WXS,Prado_2023,MP_m_score
Prado_2023,LUAD,WXS,Prado_2023,MP_m_subtype
Prado_2023,LUAD,WXS,Prado_2023,Necrosis_perc
Prado_2023,LUAD,WXS,Prado_2023,Normal_tissue_perc
Prado_2023,LUAD,WXS,Prado_2023,Radiotherapy_time
Prado_2023,LUAD,WXS,Prado_2023,Targeted_therapy
Prado_2023,LUAD,WXS,Prado_2023,Targeted_therapy_time
Prado_2023,LUAD,WXS,Prado_2023,Tumor/Normal
Prado_2023,LUAD,WXS,Prado_2023,Cancer type
Priestley_2019,SCLC,WXS,Priestley_2019,Age
Priestley_2019,SCLC,WXS,Priestley_2019,Biopsy location
Priestley_2019,SCLC,WXS,Priestley_2019,Biopsy site
Priestley_2019,SCLC,WXS,Priestley_2019,Biopsy type
Priestley_2019,SCLC,WXS,Priestley_2019,DEL
Priestley_2019,SCLC,WXS,Priestley_2019,Driver_subtype
Priestley_2019,SCLC,WXS,Priestley_2019,DUP
Priestley_2019,SCLC,WXS,Priestley_2019,Duplicated autosomes
Priestley_2019,SCLC,WXS,Priestley_2019,Primary/metastasis
Priestley_2019,SCLC,WXS,Priestley_2019,Gender
Priestley_2019,SCLC,WXS,Priestley_2019,INS
Priestley_2019,SCLC,WXS,Priestley_2019,INV
Priestley_2019,SCLC,WXS,Priestley_2019,MSI score
Priestley_2019,SCLC,WXS,Priestley_2019,MSI status
Priestley_2019,SCLC,WXS,Priestley_2019,Ploidy
Priestley_2019,SCLC,WXS,Priestley_2019,Purity
Priestley_2019,SCLC,WXS,Priestley_2019,refMeanCoverage
Priestley_2019,SCLC,WXS,Priestley_2019,Subclonal indel
Priestley_2019,SCLC,WXS,Priestley_2019,Subclonal MNV
Priestley_2019,SCLC,WXS,Priestley_2019,SUBCLONAL_SNV
Priestley_2019,SCLC,WXS,Priestley_2019,Tumor/Normal
Priestley_2019,SCLC,WXS,Priestley_2019,TOTAL_INDEL
Priestley_2019,SCLC,WXS,Priestley_2019,TOTAL_MNV
Priestley_2019,SCLC,WXS,Priestley_2019,TOTAL_SNV
Priestley_2019,SCLC,WXS,Priestley_2019,TRL
Priestley_2019,SCLC,WXS,Priestley_2019,Tumor Mean Coverage
Priestley_2019,SCLC,WXS,Priestley_2019,Cancer type
Priestley_2019,SCLC,WXS,Priestley_2019,WGD
Rizvi_2015,LUAD,WXS,Rizvi_2015,Administration_of_drug_weeks
Rizvi_2015,LUAD,WXS,Rizvi_2015,Age
Rizvi_2015,LUAD,WXS,Rizvi_2015,Agent
Rizvi_2015,LUAD,WXS,Rizvi_2015,Chemotherapy
Rizvi_2015,LUAD,WXS,Rizvi_2015,Classical_m_score
Rizvi_2015,LUAD,WXS,Rizvi_2015,Classical_m_subtype
Rizvi_2015,LUAD,WXS,Rizvi_2015,Driver_subtype
Rizvi_2015,LUAD,WXS,Rizvi_2015,Durable_clinical_benefit
Rizvi_2015,LUAD,WXS,Rizvi_2015,Primary/metastasis
Rizvi_2015,LUAD,WXS,Rizvi_2015,Event_type
Rizvi_2015,LUAD,WXS,Rizvi_2015,Gender
Rizvi_2015,LUAD,WXS,Rizvi_2015,Immunotherapy
Rizvi_2015,LUAD,WXS,Rizvi_2015,Molecular_smoking_signature
Rizvi_2015,LUAD,WXS,Rizvi_2015,MP_m_score
Rizvi_2015,LUAD,WXS,Rizvi_2015,MP_m_subtype
Rizvi_2015,LUAD,WXS,Rizvi_2015,Neoantigen_burden
Rizvi_2015,LUAD,WXS,Rizvi_2015,Nonsynonymous_mutation_burden
Rizvi_2015,LUAD,WXS,Rizvi_2015,Pack_years
Rizvi_2015,LUAD,WXS,Rizvi_2015,PDL1_expression
Rizvi_2015,LUAD,WXS,Rizvi_2015,PFS
Rizvi_2015,LUAD,WXS,Rizvi_2015,Prior_treatment_of_cytotoxic_chemotherapy
Rizvi_2015,LUAD,WXS,Rizvi_2015,Sample_type
Rizvi_2015,LUAD,WXS,Rizvi_2015,Site_Of_Finding
Rizvi_2015,LUAD,WXS,Rizvi_2015,Smoking_status
Rizvi_2015,LUAD,WXS,Rizvi_2015,TMB_nonsynonymous
Rizvi_2015,LUAD,WXS,Rizvi_2015,Tumor/Normal
Rizvi_2015,LUAD,WXS,Rizvi_2015,Total_exonic_mutation_burden
Rizvi_2015,LUAD,WXS,Rizvi_2015,Treatment_best_response
Rizvi_2015,LUAD,WXS,Rizvi_2015,Cancer type
Rizvi_2018,LUAD,WXS,RizviLUAD_2018,Age
Rizvi_2018,LUAD,WXS,RizviLUAD_2018,Best of response
Rizvi_2018,LUAD,WXS,RizviLUAD_2018,Classical_m_score
Rizvi_2018,LUAD,WXS,RizviLUAD_2018,Classical_m_subtype
Rizvi_2018,LUAD,WXS,RizviLUAD_2018,Driver_subtype
Rizvi_2018,LUAD,WXS,RizviLUAD_2018,Durable clinical benefit
Rizvi_2018,LUAD,WXS,RizviLUAD_2018,Primary/metastasis
Rizvi_2018,LUAD,WXS,RizviLUAD_2018,FGA
Rizvi_2018,LUAD,WXS,RizviLUAD_2018,Gender
Rizvi_2018,LUAD,WXS,RizviLUAD_2018,IRB
Rizvi_2018,LUAD,WXS,RizviLUAD_2018,MP_m_score
Rizvi_2018,LUAD,WXS,RizviLUAD_2018,MP_m_subtype
Rizvi_2018,LUAD,WXS,RizviLUAD_2018,Mutation_rate
Rizvi_2018,LUAD,WXS,RizviLUAD_2018,PDL1_score
Rizvi_2018,LUAD,WXS,RizviLUAD_2018,PFS
Rizvi_2018,LUAD,WXS,RizviLUAD_2018,PFS_status
Rizvi_2018,LUAD,WXS,RizviLUAD_2018,Pre_or_Post_treatment
Rizvi_2018,LUAD,WXS,RizviLUAD_2018,Prior_Lines_of_Therapy
Rizvi_2018,LUAD,WXS,RizviLUAD_2018,Smoking_status
Rizvi_2018,LUAD,WXS,RizviLUAD_2018,TMB_nonsynonymous
Rizvi_2018,LUAD,WXS,RizviLUAD_2018,Tumor/Normal
Rizvi_2018,LUAD,WXS,RizviLUAD_2018,Treatment
Rizvi_2018,LUAD,WXS,RizviLUAD_2018,Cancer type
Rizvi_2018,LUSC,WXS,RizviLUSC_2018,Age
Rizvi_2018,LUSC,WXS,RizviLUSC_2018,Best of response
Rizvi_2018,LUSC,WXS,RizviLUSC_2018,Classical_m_score
Rizvi_2018,LUSC,WXS,RizviLUSC_2018,Classical_m_subtype
Rizvi_2018,LUSC,WXS,RizviLUSC_2018,Driver_subtype
Rizvi_2018,LUSC,WXS,RizviLUSC_2018,Durable clinical benefit
Rizvi_2018,LUSC,WXS,RizviLUSC_2018,Primary/metastasis
Rizvi_2018,LUSC,WXS,RizviLUSC_2018,FGA
Rizvi_2018,LUSC,WXS,RizviLUSC_2018,Gender
Rizvi_2018,LUSC,WXS,RizviLUSC_2018,IRB
Rizvi_2018,LUSC,WXS,RizviLUSC_2018,Mutation_rate
Rizvi_2018,LUSC,WXS,RizviLUSC_2018,PDL1_score
Rizvi_2018,LUSC,WXS,RizviLUSC_2018,PFS
Rizvi_2018,LUSC,WXS,RizviLUSC_2018,PFS_status
Rizvi_2018,LUSC,WXS,RizviLUSC_2018,Pre_or_Post_treatment
Rizvi_2018,LUSC,WXS,RizviLUSC_2018,Prior_Lines_of_Therapy
Rizvi_2018,LUSC,WXS,RizviLUSC_2018,Smoking_status
Rizvi_2018,LUSC,WXS,RizviLUSC_2018,TMB_nonsynonymous
Rizvi_2018,LUSC,WXS,RizviLUSC_2018,Tumor/Normal
Rizvi_2018,LUSC,WXS,RizviLUSC_2018,Treatment
Rizvi_2018,LUSC,WXS,RizviLUSC_2018,Cancer type
Robinson_2017,LUAD,RNA-seq,Robinson_2017,Age
Robinson_2017,LUAD,RNA-seq,Robinson_2017,Analysis_cohort
Robinson_2017,LUAD,RNA-seq,Robinson_2017,Biopsy_site
Robinson_2017,LUAD,RNA-seq,Robinson_2017,Cancer type
Robinson_2017,LUAD,RNA-seq,Robinson_2017,Classical_r_subtype
Robinson_2017,LUAD,RNA-seq,Robinson_2017,Primary/metastasis
Robinson_2017,LUAD,RNA-seq,Robinson_2017,Gender
Robinson_2017,LUAD,RNA-seq,Robinson_2017,Interval_mo
Robinson_2017,LUAD,RNA-seq,Robinson_2017,Method
Robinson_2017,LUAD,RNA-seq,Robinson_2017,MP_r_subtype
Robinson_2017,LUAD,RNA-seq,Robinson_2017,Other_cancer_history
Robinson_2017,LUAD,RNA-seq,Robinson_2017,Primary_site
Robinson_2017,LUAD,RNA-seq,Robinson_2017,Prior_therapy
Robinson_2017,LUAD,RNA-seq,Robinson_2017,Race
Robinson_2017,LUAD,RNA-seq,Robinson_2017,Tumor/Normal
Robinson_2017,LUAD,RNA-seq,Robinson_2017,Cancer type
Robinson_2017,LUAD,WXS,Robinson_2017,Age
Robinson_2017,LUAD,WXS,Robinson_2017,Analysis_cohort
Robinson_2017,LUAD,WXS,Robinson_2017,Biopsy_site
Robinson_2017,LUAD,WXS,Robinson_2017,Classical_m_score
Robinson_2017,LUAD,WXS,Robinson_2017,Classical_m_subtype
Robinson_2017,LUAD,WXS,Robinson_2017,Driver_subtype
Robinson_2017,LUAD,WXS,Robinson_2017,Primary/metastasis
Robinson_2017,LUAD,WXS,Robinson_2017,Gender
Robinson_2017,LUAD,WXS,Robinson_2017,Interval_mo
Robinson_2017,LUAD,WXS,Robinson_2017,MP_m_score
Robinson_2017,LUAD,WXS,Robinson_2017,MP_m_subtype
Robinson_2017,LUAD,WXS,Robinson_2017,Primary_site
Robinson_2017,LUAD,WXS,Robinson_2017,Prior_therapy
Robinson_2017,LUAD,WXS,Robinson_2017,Race
Robinson_2017,LUAD,WXS,Robinson_2017,Tumor/Normal
Robinson_2017,LUAD,WXS,Robinson_2017,Cancer type
Roper_2020,LUAD,RNA-seq,Roper_2020,1st PFS
Roper_2020,LUAD,RNA-seq,Roper_2020,Best_response
Roper_2020,LUAD,RNA-seq,Roper_2020,Classical_m_score
Roper_2020,LUAD,RNA-seq,Roper_2020,Classical_m_subtype
Roper_2020,LUAD,RNA-seq,Roper_2020,Classical_r_subtype
Roper_2020,LUAD,RNA-seq,Roper_2020,Cohort
Roper_2020,LUAD,RNA-seq,Roper_2020,Primary/metastasis
Roper_2020,LUAD,RNA-seq,Roper_2020,Exome
Roper_2020,LUAD,RNA-seq,Roper_2020,Gender
Roper_2020,LUAD,RNA-seq,Roper_2020,MP_m_score
Roper_2020,LUAD,RNA-seq,Roper_2020,MP_m_subtype
Roper_2020,LUAD,RNA-seq,Roper_2020,MP_r_subtype
Roper_2020,LUAD,RNA-seq,Roper_2020,Osimertinib_resistance
Roper_2020,LUAD,RNA-seq,Roper_2020,Overall_survival_from_Initiation_of_osimertinib
Roper_2020,LUAD,RNA-seq,Roper_2020,RNA-seq
Roper_2020,LUAD,RNA-seq,Roper_2020,Site_of_Finding
Roper_2020,LUAD,RNA-seq,Roper_2020,Targeted
Roper_2020,LUAD,RNA-seq,Roper_2020,Tumor/Normal
Roper_2020,LUAD,RNA-seq,Roper_2020,Cancer type
Roper_2020,LUAD,RNA-seq,Roper_2020,Underwent_LAT
Roper_2020,LUAD,WXS,Roper_2020,1st PFS
Roper_2020,LUAD,WXS,Roper_2020,Best_response
Roper_2020,LUAD,WXS,Roper_2020,Classical_m_score
Roper_2020,LUAD,WXS,Roper_2020,Classical_m_subtype
Roper_2020,LUAD,WXS,Roper_2020,Classical_r_subtype
Roper_2020,LUAD,WXS,Roper_2020,Cohort
Roper_2020,LUAD,WXS,Roper_2020,Driver_subtype
Roper_2020,LUAD,WXS,Roper_2020,Primary/metastasis
Roper_2020,LUAD,WXS,Roper_2020,Exome
Roper_2020,LUAD,WXS,Roper_2020,Gender
Roper_2020,LUAD,WXS,Roper_2020,MP_m_score
Roper_2020,LUAD,WXS,Roper_2020,MP_m_subtype
Roper_2020,LUAD,WXS,Roper_2020,MP_r_subtype
Roper_2020,LUAD,WXS,Roper_2020,Osimertinib_resistance
Roper_2020,LUAD,WXS,Roper_2020,Overall_survival_from_Initiation_of_osimertinib
Roper_2020,LUAD,WXS,Roper_2020,RNA-seq
Roper_2020,LUAD,WXS,Roper_2020,Site_of_Finding
Roper_2020,LUAD,WXS,Roper_2020,Targeted
Roper_2020,LUAD,WXS,Roper_2020,Tumor/Normal
Roper_2020,LUAD,WXS,Roper_2020,Cancer type
Roper_2020,LUAD,WXS,Roper_2020,Underwent_LAT
Rudin_2012,SCLC,RNA-seq,Rudin_2012,Classical_m_score
Rudin_2012,SCLC,RNA-seq,Rudin_2012,Classical_m_subtype
Rudin_2012,SCLC,RNA-seq,Rudin_2012,Classical_r_subtype
Rudin_2012,SCLC,RNA-seq,Rudin_2012,Primary/metastasis
Rudin_2012,SCLC,RNA-seq,Rudin_2012,MP_m_score
Rudin_2012,SCLC,RNA-seq,Rudin_2012,MP_m_subtype
Rudin_2012,SCLC,RNA-seq,Rudin_2012,MP_r_subtype
Rudin_2012,SCLC,RNA-seq,Rudin_2012,Origin
Rudin_2012,SCLC,RNA-seq,Rudin_2012,Paired
Rudin_2012,SCLC,RNA-seq,Rudin_2012,Source
Rudin_2012,SCLC,RNA-seq,Rudin_2012,Tumor/Normal
Rudin_2012,SCLC,RNA-seq,Rudin_2012,Cancer type
Rudin_2012,SCLC,WXS,Rudin_2012,Classical_m_score
Rudin_2012,SCLC,WXS,Rudin_2012,Classical_m_subtype
Rudin_2012,SCLC,WXS,Rudin_2012,Classical_r_subtype
Rudin_2012,SCLC,WXS,Rudin_2012,Driver_subtype
Rudin_2012,SCLC,WXS,Rudin_2012,Primary/metastasis
Rudin_2012,SCLC,WXS,Rudin_2012,MP_m_score
Rudin_2012,SCLC,WXS,Rudin_2012,MP_m_subtype
Rudin_2012,SCLC,WXS,Rudin_2012,MP_r_subtype
Rudin_2012,SCLC,WXS,Rudin_2012,Origin
Rudin_2012,SCLC,WXS,Rudin_2012,Paired
Rudin_2012,SCLC,WXS,Rudin_2012,Source
Rudin_2012,SCLC,WXS,Rudin_2012,Tumor/Normal
Rudin_2012,SCLC,WXS,Rudin_2012,Cancer type
Rudin-cells_2012,SCLC,RNA-seq,Rudin-cells_2012,Classical_r_subtype
Rudin-cells_2012,SCLC,RNA-seq,Rudin-cells_2012,MP_r_subtype
Rudin-cells_2012,SCLC,RNA-seq,Rudin-cells_2012,Origin
Rudin-cells_2012,SCLC,RNA-seq,Rudin-cells_2012,Tumor/Normal
Rudin-cells_2012,SCLC,RNA-seq,Rudin-cells_2012,Cancer type
Rudin-cells_2012,SCLC,WXS,Rudin-cells_2012,Classical_m_score
Rudin-cells_2012,SCLC,WXS,Rudin-cells_2012,Classical_m_subtype
Rudin-cells_2012,SCLC,WXS,Rudin-cells_2012,Driver_subtype
Rudin-cells_2012,SCLC,WXS,Rudin-cells_2012,MP_m_score
Rudin-cells_2012,SCLC,WXS,Rudin-cells_2012,MP_m_subtype
Rudin-cells_2012,SCLC,WXS,Rudin-cells_2012,Origin
Rudin-cells_2012,SCLC,WXS,Rudin-cells_2012,Tumor/Normal
Rudin-cells_2012,SCLC,WXS,Rudin-cells_2012,Cancer type
Sandoval_2013,LUAD,Methylome,SandovalLUAD_2013,Adjuvant
Sandoval_2013,LUAD,Methylome,SandovalLUAD_2013,Age
Sandoval_2013,LUAD,Methylome,SandovalLUAD_2013,Center
Sandoval_2013,LUAD,Methylome,SandovalLUAD_2013,Chemotherapy
Sandoval_2013,LUAD,Methylome,SandovalLUAD_2013,Classical_meth_subtype
Sandoval_2013,LUAD,Methylome,SandovalLUAD_2013,Primary/metastasis
Sandoval_2013,LUAD,Methylome,SandovalLUAD_2013,Gender
Sandoval_2013,LUAD,Methylome,SandovalLUAD_2013,M_stage
Sandoval_2013,LUAD,Methylome,SandovalLUAD_2013,MP_mh_subtype
Sandoval_2013,LUAD,Methylome,SandovalLUAD_2013,MP_ml_subtype
Sandoval_2013,LUAD,Methylome,SandovalLUAD_2013,N_stage
Sandoval_2013,LUAD,Methylome,SandovalLUAD_2013,Neoadjuvant
Sandoval_2013,LUAD,Methylome,SandovalLUAD_2013,Pack_years
Sandoval_2013,LUAD,Methylome,SandovalLUAD_2013,Region
Sandoval_2013,LUAD,Methylome,SandovalLUAD_2013,RFS
Sandoval_2013,LUAD,Methylome,SandovalLUAD_2013,RFS_status
Sandoval_2013,LUAD,Methylome,SandovalLUAD_2013,Smoking_status
Sandoval_2013,LUAD,Methylome,SandovalLUAD_2013,Stage
Sandoval_2013,LUAD,Methylome,SandovalLUAD_2013,Stage_6th
Sandoval_2013,LUAD,Methylome,SandovalLUAD_2013,Stage_7th
Sandoval_2013,LUAD,Methylome,SandovalLUAD_2013,T_stage
Sandoval_2013,LUAD,Methylome,SandovalLUAD_2013,Tumor/Normal
Sandoval_2013,LUAD,Methylome,SandovalLUAD_2013,TNM
Sandoval_2013,LUAD,Methylome,SandovalLUAD_2013,Treatment
Sandoval_2013,LUAD,Methylome,SandovalLUAD_2013,Tumor_size_cm
Sandoval_2013,LUAD,Methylome,SandovalLUAD_2013,Cancer type
Sandoval_2013,LUAD,Methylome,SandovalLUAD_2013,Type_of_surgery
Sandoval_2013,LUSC,Methylome,SandovalLUSC_2013,Adjuvant
Sandoval_2013,LUSC,Methylome,SandovalLUSC_2013,Age
Sandoval_2013,LUSC,Methylome,SandovalLUSC_2013,Center
Sandoval_2013,LUSC,Methylome,SandovalLUSC_2013,Chemotherapy
Sandoval_2013,LUSC,Methylome,SandovalLUSC_2013,Classical_meth_subtype
Sandoval_2013,LUSC,Methylome,SandovalLUSC_2013,Primary/metastasis
Sandoval_2013,LUSC,Methylome,SandovalLUSC_2013,Gender
Sandoval_2013,LUSC,Methylome,SandovalLUSC_2013,M_stage
Sandoval_2013,LUSC,Methylome,SandovalLUSC_2013,MP_mh_subtype
Sandoval_2013,LUSC,Methylome,SandovalLUSC_2013,MP_ml_subtype
Sandoval_2013,LUSC,Methylome,SandovalLUSC_2013,N_stage
Sandoval_2013,LUSC,Methylome,SandovalLUSC_2013,Neoadjuvant
Sandoval_2013,LUSC,Methylome,SandovalLUSC_2013,Pack_years
Sandoval_2013,LUSC,Methylome,SandovalLUSC_2013,Region
Sandoval_2013,LUSC,Methylome,SandovalLUSC_2013,RFS
Sandoval_2013,LUSC,Methylome,SandovalLUSC_2013,RFS_status
Sandoval_2013,LUSC,Methylome,SandovalLUSC_2013,Smoking_status
Sandoval_2013,LUSC,Methylome,SandovalLUSC_2013,Stage
Sandoval_2013,LUSC,Methylome,SandovalLUSC_2013,Stage_6th
Sandoval_2013,LUSC,Methylome,SandovalLUSC_2013,Stage_7th
Sandoval_2013,LUSC,Methylome,SandovalLUSC_2013,T_stage
Sandoval_2013,LUSC,Methylome,SandovalLUSC_2013,Tumor/Normal
Sandoval_2013,LUSC,Methylome,SandovalLUSC_2013,TNM
Sandoval_2013,LUSC,Methylome,SandovalLUSC_2013,Treatment
Sandoval_2013,LUSC,Methylome,SandovalLUSC_2013,Tumor_size_cm
Sandoval_2013,LUSC,Methylome,SandovalLUSC_2013,Cancer type
Sandoval_2013,LUSC,Methylome,SandovalLUSC_2013,Type_of_surgery
Satpathy_2021,LUSC,Methylome,Satpathy_2021,Age
Satpathy_2021,LUSC,Methylome,Satpathy_2021,ARID1A_mut
Satpathy_2021,LUSC,Methylome,Satpathy_2021,ARID1A_mut_type
Satpathy_2021,LUSC,Methylome,Satpathy_2021,BRCA2_mut
Satpathy_2021,LUSC,Methylome,Satpathy_2021,BRCA2_mut_type
Satpathy_2021,LUSC,Methylome,Satpathy_2021,CDKN2A_mut
Satpathy_2021,LUSC,Methylome,Satpathy_2021,CDKN2A_mut_type
Satpathy_2021,LUSC,Methylome,Satpathy_2021,CDKN2A_cna_wes
Satpathy_2021,LUSC,Methylome,Satpathy_2021,CDKN2A_pathway_alteration
Satpathy_2021,LUSC,Methylome,Satpathy_2021,CDKN2A_pathway_alteration_status
Satpathy_2021,LUSC,Methylome,Satpathy_2021,Channel
Satpathy_2021,LUSC,Methylome,Satpathy_2021,CIBERSORT_AbsoluteScore_rna
Satpathy_2021,LUSC,Methylome,Satpathy_2021,Cigarettes_per_Day
Satpathy_2021,LUSC,Methylome,Satpathy_2021,CIN_wes
Satpathy_2021,LUSC,Methylome,Satpathy_2021,Classical_m_score
Satpathy_2021,LUSC,Methylome,Satpathy_2021,Classical_m_subtype
Satpathy_2021,LUSC,Methylome,Satpathy_2021,Classical_meth_subtype
Satpathy_2021,LUSC,Methylome,Satpathy_2021,Classical_p_subtype
Satpathy_2021,LUSC,Methylome,Satpathy_2021,Classical_r_subtype
Satpathy_2021,LUSC,Methylome,Satpathy_2021,Country_of_Origin
Satpathy_2021,LUSC,Methylome,Satpathy_2021,CUL3_mut
Satpathy_2021,LUSC,Methylome,Satpathy_2021,CUL3_mut_type
Satpathy_2021,LUSC,Methylome,Satpathy_2021,CUL3_NFE2L2_KEAP1_mut
Satpathy_2021,LUSC,Methylome,Satpathy_2021,DNP_Count_GG_to_TT_or_CC_to_AA_wes
Satpathy_2021,LUSC,Methylome,Satpathy_2021,DNP_Count_wes
Satpathy_2021,LUSC,Methylome,Satpathy_2021,Primary/metastasis
Satpathy_2021,LUSC,Methylome,Satpathy_2021,ESTIMATE_ImmuneScore_rna
Satpathy_2021,LUSC,Methylome,Satpathy_2021,ESTIMATE_StromalScore_rna
Satpathy_2021,LUSC,Methylome,Satpathy_2021,ESTIMATE_TumorPurity_rna
Satpathy_2021,LUSC,Methylome,Satpathy_2021,Ethnicity_mod
Satpathy_2021,LUSC,Methylome,Satpathy_2021,Experiment
Satpathy_2021,LUSC,Methylome,Satpathy_2021,FGFR1_cna_wes
Satpathy_2021,LUSC,Methylome,Satpathy_2021,FGFR3_TACC3_fusion_rna
Satpathy_2021,LUSC,Methylome,Satpathy_2021,Gender
Satpathy_2021,LUSC,Methylome,Satpathy_2021,Histology type
Satpathy_2021,LUSC,Methylome,Satpathy_2021,ImmuneCluster_rna
Satpathy_2021,LUSC,Methylome,Satpathy_2021,KAT6A_cna_wes
Satpathy_2021,LUSC,Methylome,Satpathy_2021,KEAP1_mut
Satpathy_2021,LUSC,Methylome,Satpathy_2021,KEAP1_mut_type
Satpathy_2021,LUSC,Methylome,Satpathy_2021,KMT2D_mut
Satpathy_2021,LUSC,Methylome,Satpathy_2021,KMT2D_mut_type
Satpathy_2021,LUSC,Methylome,Satpathy_2021,MP_m_score
Satpathy_2021,LUSC,Methylome,Satpathy_2021,MP_m_subtype
Satpathy_2021,LUSC,Methylome,Satpathy_2021,MP_mh_subtype
Satpathy_2021,LUSC,Methylome,Satpathy_2021,MP_ml_subtype
Satpathy_2021,LUSC,Methylome,Satpathy_2021,MP_p_subtype
Satpathy_2021,LUSC,Methylome,Satpathy_2021,MP_r_subtype
Satpathy_2021,LUSC,Methylome,Satpathy_2021,Mutation_Count_Excluding_Silent_wes
Satpathy_2021,LUSC,Methylome,Satpathy_2021,Mutation_Count_ExcludingINDELs_wes
Satpathy_2021,LUSC,Methylome,Satpathy_2021,NF1_mut
Satpathy_2021,LUSC,Methylome,Satpathy_2021,NF1_mut_type
Satpathy_2021,LUSC,Methylome,Satpathy_2021,NFE2L2_mut
Satpathy_2021,LUSC,Methylome,Satpathy_2021,NFE2L2_mut_type
Satpathy_2021,LUSC,Methylome,Satpathy_2021,NOTCH1_mut
Satpathy_2021,LUSC,Methylome,Satpathy_2021,NOTCH1_mut_type
Satpathy_2021,LUSC,Methylome,Satpathy_2021,Pack_years
Satpathy_2021,LUSC,Methylome,Satpathy_2021,PIK3CA_mut
Satpathy_2021,LUSC,Methylome,Satpathy_2021,PIK3CA_mut_type
Satpathy_2021,LUSC,Methylome,Satpathy_2021,PIK3CA_pathway_alteration
Satpathy_2021,LUSC,Methylome,Satpathy_2021,PIK3CA_pathway_alteration_status
Satpathy_2021,LUSC,Methylome,Satpathy_2021,PTEN_mut
Satpathy_2021,LUSC,Methylome,Satpathy_2021,PTEN_mut_type
Satpathy_2021,LUSC,Methylome,Satpathy_2021,Race
Satpathy_2021,LUSC,Methylome,Satpathy_2021,Ref_Classical_subtype
Satpathy_2021,LUSC,Methylome,Satpathy_2021,Ref_meth_CIMP_subtype
Satpathy_2021,LUSC,Methylome,Satpathy_2021,Ref_RNA_NMF
Satpathy_2021,LUSC,Methylome,Satpathy_2021,Ref_RNA_NMF_core
Satpathy_2021,LUSC,Methylome,Satpathy_2021,Ref_RNA_NMF_membership
Satpathy_2021,LUSC,Methylome,Satpathy_2021,Secondhand_Smoke
Satpathy_2021,LUSC,Methylome,Satpathy_2021,Smoking_status
Satpathy_2021,LUSC,Methylome,Satpathy_2021,Smoking_History
Satpathy_2021,LUSC,Methylome,Satpathy_2021,Smoking_Score_Category_wes
Satpathy_2021,LUSC,Methylome,Satpathy_2021,Smoking_score_wes
Satpathy_2021,LUSC,Methylome,Satpathy_2021,Smoking_Signature_Count_wes
Satpathy_2021,LUSC,Methylome,Satpathy_2021,Smoking_Signature_Fraction_wes
Satpathy_2021,LUSC,Methylome,Satpathy_2021,SOX2_cna_wes
Satpathy_2021,LUSC,Methylome,Satpathy_2021,Stage
Satpathy_2021,LUSC,Methylome,Satpathy_2021,Stage_mod
Satpathy_2021,LUSC,Methylome,Satpathy_2021,SUZ12_mut
Satpathy_2021,LUSC,Methylome,Satpathy_2021,SUZ12_mut_type
Satpathy_2021,LUSC,Methylome,Satpathy_2021,TCGA_pancancer_immune_clustering
Satpathy_2021,LUSC,Methylome,Satpathy_2021,Tumor/Normal
Satpathy_2021,LUSC,Methylome,Satpathy_2021,Total_Mutation_Count_per_Mb_wes
Satpathy_2021,LUSC,Methylome,Satpathy_2021,Total_Mutation_Count_wes
Satpathy_2021,LUSC,Methylome,Satpathy_2021,TP53_mut
Satpathy_2021,LUSC,Methylome,Satpathy_2021,TP53_mut_type
Satpathy_2021,LUSC,Methylome,Satpathy_2021,TP63_cna_wes
Satpathy_2021,LUSC,Methylome,Satpathy_2021,TSNet_Purity_rna
Satpathy_2021,LUSC,Methylome,Satpathy_2021,Cancer type
Satpathy_2021,LUSC,Methylome,Satpathy_2021,xCell_ImmuneScore
Satpathy_2021,LUSC,Methylome,Satpathy_2021,xCell_MicroenvironmentScore
Satpathy_2021,LUSC,Methylome,Satpathy_2021,xCell_StromaScore
Satpathy_2021,LUSC,Proteomics,Satpathy_2021,Age
Satpathy_2021,LUSC,Proteomics,Satpathy_2021,ARID1A_mut
Satpathy_2021,LUSC,Proteomics,Satpathy_2021,ARID1A_mut_type
Satpathy_2021,LUSC,Proteomics,Satpathy_2021,BRCA2_mut
Satpathy_2021,LUSC,Proteomics,Satpathy_2021,BRCA2_mut_type
Satpathy_2021,LUSC,Proteomics,Satpathy_2021,CDKN2A_mut
Satpathy_2021,LUSC,Proteomics,Satpathy_2021,CDKN2A_mut_type
Satpathy_2021,LUSC,Proteomics,Satpathy_2021,CDKN2A_cna_wes
Satpathy_2021,LUSC,Proteomics,Satpathy_2021,CDKN2A_pathway_alteration
Satpathy_2021,LUSC,Proteomics,Satpathy_2021,CDKN2A_pathway_alteration_status
Satpathy_2021,LUSC,Proteomics,Satpathy_2021,Channel
Satpathy_2021,LUSC,Proteomics,Satpathy_2021,CIBERSORT_AbsoluteScore_rna
Satpathy_2021,LUSC,Proteomics,Satpathy_2021,Cigarettes_per_Day
Satpathy_2021,LUSC,Proteomics,Satpathy_2021,CIN_wes
Satpathy_2021,LUSC,Proteomics,Satpathy_2021,Classical_m_score
Satpathy_2021,LUSC,Proteomics,Satpathy_2021,Classical_m_subtype
Satpathy_2021,LUSC,Proteomics,Satpathy_2021,Classical_meth_subtype
Satpathy_2021,LUSC,Proteomics,Satpathy_2021,Classical_p_subtype
Satpathy_2021,LUSC,Proteomics,Satpathy_2021,Classical_r_subtype
Satpathy_2021,LUSC,Proteomics,Satpathy_2021,Country_of_Origin
Satpathy_2021,LUSC,Proteomics,Satpathy_2021,CUL3_mut
Satpathy_2021,LUSC,Proteomics,Satpathy_2021,CUL3_mut_type
Satpathy_2021,LUSC,Proteomics,Satpathy_2021,CUL3_NFE2L2_KEAP1_mut
Satpathy_2021,LUSC,Proteomics,Satpathy_2021,DNP_Count_GG_to_TT_or_CC_to_AA_wes
Satpathy_2021,LUSC,Proteomics,Satpathy_2021,DNP_Count_wes
Satpathy_2021,LUSC,Proteomics,Satpathy_2021,Primary/metastasis
Satpathy_2021,LUSC,Proteomics,Satpathy_2021,ESTIMATE_ImmuneScore_rna
Satpathy_2021,LUSC,Proteomics,Satpathy_2021,ESTIMATE_StromalScore_rna
Satpathy_2021,LUSC,Proteomics,Satpathy_2021,ESTIMATE_TumorPurity_rna
Satpathy_2021,LUSC,Proteomics,Satpathy_2021,Ethnicity_mod
Satpathy_2021,LUSC,Proteomics,Satpathy_2021,Experiment
Satpathy_2021,LUSC,Proteomics,Satpathy_2021,FGFR1_cna_wes
Satpathy_2021,LUSC,Proteomics,Satpathy_2021,FGFR3_TACC3_fusion_rna
Satpathy_2021,LUSC,Proteomics,Satpathy_2021,Gender
Satpathy_2021,LUSC,Proteomics,Satpathy_2021,Histology type
Satpathy_2021,LUSC,Proteomics,Satpathy_2021,ImmuneCluster_rna
Satpathy_2021,LUSC,Proteomics,Satpathy_2021,KAT6A_cna_wes
Satpathy_2021,LUSC,Proteomics,Satpathy_2021,KEAP1_mut
Satpathy_2021,LUSC,Proteomics,Satpathy_2021,KEAP1_mut_type
Satpathy_2021,LUSC,Proteomics,Satpathy_2021,KMT2D_mut
Satpathy_2021,LUSC,Proteomics,Satpathy_2021,KMT2D_mut_type
Satpathy_2021,LUSC,Proteomics,Satpathy_2021,MP_m_score
Satpathy_2021,LUSC,Proteomics,Satpathy_2021,MP_m_subtype
Satpathy_2021,LUSC,Proteomics,Satpathy_2021,MP_mh_subtype
Satpathy_2021,LUSC,Proteomics,Satpathy_2021,MP_ml_subtype
Satpathy_2021,LUSC,Proteomics,Satpathy_2021,MP_p_subtype
Satpathy_2021,LUSC,Proteomics,Satpathy_2021,MP_r_subtype
Satpathy_2021,LUSC,Proteomics,Satpathy_2021,Mutation_Count_Excluding_Silent_wes
Satpathy_2021,LUSC,Proteomics,Satpathy_2021,Mutation_Count_ExcludingINDELs_wes
Satpathy_2021,LUSC,Proteomics,Satpathy_2021,NF1_mut
Satpathy_2021,LUSC,Proteomics,Satpathy_2021,NF1_mut_type
Satpathy_2021,LUSC,Proteomics,Satpathy_2021,NFE2L2_mut
Satpathy_2021,LUSC,Proteomics,Satpathy_2021,NFE2L2_mut_type
Satpathy_2021,LUSC,Proteomics,Satpathy_2021,NOTCH1_mut
Satpathy_2021,LUSC,Proteomics,Satpathy_2021,NOTCH1_mut_type
Satpathy_2021,LUSC,Proteomics,Satpathy_2021,Pack_years
Satpathy_2021,LUSC,Proteomics,Satpathy_2021,PIK3CA_mut
Satpathy_2021,LUSC,Proteomics,Satpathy_2021,PIK3CA_mut_type
Satpathy_2021,LUSC,Proteomics,Satpathy_2021,PIK3CA_pathway_alteration
Satpathy_2021,LUSC,Proteomics,Satpathy_2021,PIK3CA_pathway_alteration_status
Satpathy_2021,LUSC,Proteomics,Satpathy_2021,Protein_CC_subtype
Satpathy_2021,LUSC,Proteomics,Satpathy_2021,PTEN_mut
Satpathy_2021,LUSC,Proteomics,Satpathy_2021,PTEN_mut_type
Satpathy_2021,LUSC,Proteomics,Satpathy_2021,Race
Satpathy_2021,LUSC,Proteomics,Satpathy_2021,Ref_Classical_subtype
Satpathy_2021,LUSC,Proteomics,Satpathy_2021,Ref_meth_CIMP_subtype
Satpathy_2021,LUSC,Proteomics,Satpathy_2021,Ref_RNA_NMF
Satpathy_2021,LUSC,Proteomics,Satpathy_2021,Ref_RNA_NMF_core
Satpathy_2021,LUSC,Proteomics,Satpathy_2021,Ref_RNA_NMF_membership
Satpathy_2021,LUSC,Proteomics,Satpathy_2021,Secondhand_Smoke
Satpathy_2021,LUSC,Proteomics,Satpathy_2021,Smoking_status
Satpathy_2021,LUSC,Proteomics,Satpathy_2021,Smoking_History
Satpathy_2021,LUSC,Proteomics,Satpathy_2021,Smoking_Score_Category_wes
Satpathy_2021,LUSC,Proteomics,Satpathy_2021,Smoking_score_wes
Satpathy_2021,LUSC,Proteomics,Satpathy_2021,Smoking_Signature_Count_wes
Satpathy_2021,LUSC,Proteomics,Satpathy_2021,Smoking_Signature_Fraction_wes
Satpathy_2021,LUSC,Proteomics,Satpathy_2021,SOX2_cna_wes
Satpathy_2021,LUSC,Proteomics,Satpathy_2021,Stage
Satpathy_2021,LUSC,Proteomics,Satpathy_2021,Stage_mod
Satpathy_2021,LUSC,Proteomics,Satpathy_2021,SUZ12_mut
Satpathy_2021,LUSC,Proteomics,Satpathy_2021,SUZ12_mut_type
Satpathy_2021,LUSC,Proteomics,Satpathy_2021,TCGA_pancancer_immune_clustering
Satpathy_2021,LUSC,Proteomics,Satpathy_2021,Tumor/Normal
Satpathy_2021,LUSC,Proteomics,Satpathy_2021,Total_Mutation_Count_per_Mb_wes
Satpathy_2021,LUSC,Proteomics,Satpathy_2021,Total_Mutation_Count_wes
Satpathy_2021,LUSC,Proteomics,Satpathy_2021,TP53_mut
Satpathy_2021,LUSC,Proteomics,Satpathy_2021,TP53_mut_type
Satpathy_2021,LUSC,Proteomics,Satpathy_2021,TP63_cna_wes
Satpathy_2021,LUSC,Proteomics,Satpathy_2021,TSNet Purity
Satpathy_2021,LUSC,Proteomics,Satpathy_2021,Cancer type
Satpathy_2021,LUSC,Proteomics,Satpathy_2021,xCell_ImmuneScore
Satpathy_2021,LUSC,Proteomics,Satpathy_2021,xCell_MicroenvironmentScore
Satpathy_2021,LUSC,Proteomics,Satpathy_2021,xCell_StromaScore
Satpathy_2021,LUSC,RNA-seq,Satpathy_2021,Age
Satpathy_2021,LUSC,RNA-seq,Satpathy_2021,ARID1A_mut
Satpathy_2021,LUSC,RNA-seq,Satpathy_2021,ARID1A_mut_type
Satpathy_2021,LUSC,RNA-seq,Satpathy_2021,BRCA2_mut
Satpathy_2021,LUSC,RNA-seq,Satpathy_2021,BRCA2_mut_type
Satpathy_2021,LUSC,RNA-seq,Satpathy_2021,CDKN2A_mut
Satpathy_2021,LUSC,RNA-seq,Satpathy_2021,CDKN2A_mut_type
Satpathy_2021,LUSC,RNA-seq,Satpathy_2021,CDKN2A_cna_wes
Satpathy_2021,LUSC,RNA-seq,Satpathy_2021,CDKN2A_pathway_alteration
Satpathy_2021,LUSC,RNA-seq,Satpathy_2021,CDKN2A_pathway_alteration_status
Satpathy_2021,LUSC,RNA-seq,Satpathy_2021,Channel
Satpathy_2021,LUSC,RNA-seq,Satpathy_2021,CIBERSORT_AbsoluteScore_rna
Satpathy_2021,LUSC,RNA-seq,Satpathy_2021,Cigarettes_per_Day
Satpathy_2021,LUSC,RNA-seq,Satpathy_2021,CIN_wes
Satpathy_2021,LUSC,RNA-seq,Satpathy_2021,Classical_m_score
Satpathy_2021,LUSC,RNA-seq,Satpathy_2021,Classical_m_subtype
Satpathy_2021,LUSC,RNA-seq,Satpathy_2021,Classical_meth_subtype
Satpathy_2021,LUSC,RNA-seq,Satpathy_2021,Classical_p_subtype
Satpathy_2021,LUSC,RNA-seq,Satpathy_2021,Classical_r_subtype
Satpathy_2021,LUSC,RNA-seq,Satpathy_2021,Country_of_Origin
Satpathy_2021,LUSC,RNA-seq,Satpathy_2021,CUL3_mut
Satpathy_2021,LUSC,RNA-seq,Satpathy_2021,CUL3_mut_type
Satpathy_2021,LUSC,RNA-seq,Satpathy_2021,CUL3_NFE2L2_KEAP1_mut
Satpathy_2021,LUSC,RNA-seq,Satpathy_2021,DNP_Count_GG_to_TT_or_CC_to_AA_wes
Satpathy_2021,LUSC,RNA-seq,Satpathy_2021,DNP_Count_wes
Satpathy_2021,LUSC,RNA-seq,Satpathy_2021,Primary/metastasis
Satpathy_2021,LUSC,RNA-seq,Satpathy_2021,ESTIMATE_ImmuneScore_rna
Satpathy_2021,LUSC,RNA-seq,Satpathy_2021,ESTIMATE_StromalScore_rna
Satpathy_2021,LUSC,RNA-seq,Satpathy_2021,ESTIMATE_TumorPurity_rna
Satpathy_2021,LUSC,RNA-seq,Satpathy_2021,Ethnicity_mod
Satpathy_2021,LUSC,RNA-seq,Satpathy_2021,Experiment
Satpathy_2021,LUSC,RNA-seq,Satpathy_2021,FGFR1_cna_wes
Satpathy_2021,LUSC,RNA-seq,Satpathy_2021,FGFR3_TACC3_fusion_rna
Satpathy_2021,LUSC,RNA-seq,Satpathy_2021,Gender
Satpathy_2021,LUSC,RNA-seq,Satpathy_2021,Histology type
Satpathy_2021,LUSC,RNA-seq,Satpathy_2021,ImmuneCluster_rna
Satpathy_2021,LUSC,RNA-seq,Satpathy_2021,KAT6A_cna_wes
Satpathy_2021,LUSC,RNA-seq,Satpathy_2021,KEAP1_mut
Satpathy_2021,LUSC,RNA-seq,Satpathy_2021,KEAP1_mut_type
Satpathy_2021,LUSC,RNA-seq,Satpathy_2021,KMT2D_mut
Satpathy_2021,LUSC,RNA-seq,Satpathy_2021,KMT2D_mut_type
Satpathy_2021,LUSC,RNA-seq,Satpathy_2021,MP_m_score
Satpathy_2021,LUSC,RNA-seq,Satpathy_2021,MP_m_subtype
Satpathy_2021,LUSC,RNA-seq,Satpathy_2021,MP_mh_subtype
Satpathy_2021,LUSC,RNA-seq,Satpathy_2021,MP_ml_subtype
Satpathy_2021,LUSC,RNA-seq,Satpathy_2021,MP_p_subtype
Satpathy_2021,LUSC,RNA-seq,Satpathy_2021,MP_r_subtype
Satpathy_2021,LUSC,RNA-seq,Satpathy_2021,Mutation_Count_Excluding_Silent_wes
Satpathy_2021,LUSC,RNA-seq,Satpathy_2021,Mutation_Count_ExcludingINDELs_wes
Satpathy_2021,LUSC,RNA-seq,Satpathy_2021,NF1_mut
Satpathy_2021,LUSC,RNA-seq,Satpathy_2021,NF1_mut_type
Satpathy_2021,LUSC,RNA-seq,Satpathy_2021,NFE2L2_mut
Satpathy_2021,LUSC,RNA-seq,Satpathy_2021,NFE2L2_mut_type
Satpathy_2021,LUSC,RNA-seq,Satpathy_2021,NOTCH1_mut
Satpathy_2021,LUSC,RNA-seq,Satpathy_2021,NOTCH1_mut_type
Satpathy_2021,LUSC,RNA-seq,Satpathy_2021,Pack_years
Satpathy_2021,LUSC,RNA-seq,Satpathy_2021,PIK3CA_mut
Satpathy_2021,LUSC,RNA-seq,Satpathy_2021,PIK3CA_mut_type
Satpathy_2021,LUSC,RNA-seq,Satpathy_2021,PIK3CA_pathway_alteration
Satpathy_2021,LUSC,RNA-seq,Satpathy_2021,PIK3CA_pathway_alteration_status
Satpathy_2021,LUSC,RNA-seq,Satpathy_2021,PTEN_mut
Satpathy_2021,LUSC,RNA-seq,Satpathy_2021,PTEN_mut_type
Satpathy_2021,LUSC,RNA-seq,Satpathy_2021,Race
Satpathy_2021,LUSC,RNA-seq,Satpathy_2021,Ref_Classical_subtype
Satpathy_2021,LUSC,RNA-seq,Satpathy_2021,Ref_meth_CIMP_subtype
Satpathy_2021,LUSC,RNA-seq,Satpathy_2021,Ref_RNA_NMF
Satpathy_2021,LUSC,RNA-seq,Satpathy_2021,Ref_RNA_NMF_core
Satpathy_2021,LUSC,RNA-seq,Satpathy_2021,Ref_RNA_NMF_membership
Satpathy_2021,LUSC,RNA-seq,Satpathy_2021,Secondhand_Smoke
Satpathy_2021,LUSC,RNA-seq,Satpathy_2021,Smoking_status
Satpathy_2021,LUSC,RNA-seq,Satpathy_2021,Smoking_History
Satpathy_2021,LUSC,RNA-seq,Satpathy_2021,Smoking_Score_Category_wes
Satpathy_2021,LUSC,RNA-seq,Satpathy_2021,Smoking_score_wes
Satpathy_2021,LUSC,RNA-seq,Satpathy_2021,Smoking_Signature_Count_wes
Satpathy_2021,LUSC,RNA-seq,Satpathy_2021,Smoking_Signature_Fraction_wes
Satpathy_2021,LUSC,RNA-seq,Satpathy_2021,SOX2_cna_wes
Satpathy_2021,LUSC,RNA-seq,Satpathy_2021,Stage
Satpathy_2021,LUSC,RNA-seq,Satpathy_2021,Stage_mod
Satpathy_2021,LUSC,RNA-seq,Satpathy_2021,SUZ12_mut
Satpathy_2021,LUSC,RNA-seq,Satpathy_2021,SUZ12_mut_type
Satpathy_2021,LUSC,RNA-seq,Satpathy_2021,TCGA_pancaner_immune_clustering
Satpathy_2021,LUSC,RNA-seq,Satpathy_2021,Tumor/Normal
Satpathy_2021,LUSC,RNA-seq,Satpathy_2021,Total_Mutation_Count_per_Mb_wes
Satpathy_2021,LUSC,RNA-seq,Satpathy_2021,Total_Mutation_Count_wes
Satpathy_2021,LUSC,RNA-seq,Satpathy_2021,TP53_mut
Satpathy_2021,LUSC,RNA-seq,Satpathy_2021,TP53_mut_type
Satpathy_2021,LUSC,RNA-seq,Satpathy_2021,TP63_cna_wes
Satpathy_2021,LUSC,RNA-seq,Satpathy_2021,TSNet Purity
Satpathy_2021,LUSC,RNA-seq,Satpathy_2021,Cancer type
Satpathy_2021,LUSC,RNA-seq,Satpathy_2021,xCell_ImmuneScore
Satpathy_2021,LUSC,RNA-seq,Satpathy_2021,xCell_MicroenvironmentScore
Satpathy_2021,LUSC,RNA-seq,Satpathy_2021,xCell_StromaScore
Satpathy_2021,LUSC,WXS,Satpathy_2021,Age
Satpathy_2021,LUSC,WXS,Satpathy_2021,ARID1A_mut
Satpathy_2021,LUSC,WXS,Satpathy_2021,ARID1A_mut_type
Satpathy_2021,LUSC,WXS,Satpathy_2021,BRCA2_mut
Satpathy_2021,LUSC,WXS,Satpathy_2021,BRCA2_mut_type
Satpathy_2021,LUSC,WXS,Satpathy_2021,CDKN2A_mut
Satpathy_2021,LUSC,WXS,Satpathy_2021,CDKN2A_mut_type
Satpathy_2021,LUSC,WXS,Satpathy_2021,CDKN2A_cna_wes
Satpathy_2021,LUSC,WXS,Satpathy_2021,CDKN2A_pathway_alteration
Satpathy_2021,LUSC,WXS,Satpathy_2021,CDKN2A_pathway_alteration_status
Satpathy_2021,LUSC,WXS,Satpathy_2021,Channel
Satpathy_2021,LUSC,WXS,Satpathy_2021,CIBERSORT_AbsoluteScore_rna
Satpathy_2021,LUSC,WXS,Satpathy_2021,Cigarettes_per_day
Satpathy_2021,LUSC,WXS,Satpathy_2021,CIN_wes
Satpathy_2021,LUSC,WXS,Satpathy_2021,Classical_m_score
Satpathy_2021,LUSC,WXS,Satpathy_2021,Classical_m_subtype
Satpathy_2021,LUSC,WXS,Satpathy_2021,Classical_meth_subtype
Satpathy_2021,LUSC,WXS,Satpathy_2021,Classical_p_subtype
Satpathy_2021,LUSC,WXS,Satpathy_2021,Classical_r_subtype
Satpathy_2021,LUSC,WXS,Satpathy_2021,Country_of_Origin
Satpathy_2021,LUSC,WXS,Satpathy_2021,CUL3_mut
Satpathy_2021,LUSC,WXS,Satpathy_2021,CUL3_mut_type
Satpathy_2021,LUSC,WXS,Satpathy_2021,CUL3_NFE2L2_KEAP1_mut
Satpathy_2021,LUSC,WXS,Satpathy_2021,DNP_Count_GG_to_TT_or_CC_to_AA_wes
Satpathy_2021,LUSC,WXS,Satpathy_2021,DNP_Count_wes
Satpathy_2021,LUSC,WXS,Satpathy_2021,Driver_subtype
Satpathy_2021,LUSC,WXS,Satpathy_2021,Primary/metastasis
Satpathy_2021,LUSC,WXS,Satpathy_2021,ESTIMATE_ImmuneScore_rna
Satpathy_2021,LUSC,WXS,Satpathy_2021,ESTIMATE_StromalScore_rna
Satpathy_2021,LUSC,WXS,Satpathy_2021,ESTIMATE_TumorPurity_rna
Satpathy_2021,LUSC,WXS,Satpathy_2021,Ethnicity_mod
Satpathy_2021,LUSC,WXS,Satpathy_2021,Experiment
Satpathy_2021,LUSC,WXS,Satpathy_2021,FGFR1_cna_wes
Satpathy_2021,LUSC,WXS,Satpathy_2021,FGFR3_TACC3_fusion_rna
Satpathy_2021,LUSC,WXS,Satpathy_2021,Gender
Satpathy_2021,LUSC,WXS,Satpathy_2021,Histology type
Satpathy_2021,LUSC,WXS,Satpathy_2021,ImmuneCluster_rna
Satpathy_2021,LUSC,WXS,Satpathy_2021,KAT6A_cna_wes
Satpathy_2021,LUSC,WXS,Satpathy_2021,KEAP1_mut
Satpathy_2021,LUSC,WXS,Satpathy_2021,KEAP1_mut_type
Satpathy_2021,LUSC,WXS,Satpathy_2021,KMT2D_mut
Satpathy_2021,LUSC,WXS,Satpathy_2021,KMT2D_mut_type
Satpathy_2021,LUSC,WXS,Satpathy_2021,MP_m_score
Satpathy_2021,LUSC,WXS,Satpathy_2021,MP_m_subtype
Satpathy_2021,LUSC,WXS,Satpathy_2021,MP_mh_subtype
Satpathy_2021,LUSC,WXS,Satpathy_2021,MP_ml_subtype
Satpathy_2021,LUSC,WXS,Satpathy_2021,MP_p_subtype
Satpathy_2021,LUSC,WXS,Satpathy_2021,MP_r_subtype
Satpathy_2021,LUSC,WXS,Satpathy_2021,Mutation_Count_Excluding_Silent_wes
Satpathy_2021,LUSC,WXS,Satpathy_2021,Mutation_Count_ExcludingINDELs_wes
Satpathy_2021,LUSC,WXS,Satpathy_2021,NF1_mut
Satpathy_2021,LUSC,WXS,Satpathy_2021,NF1_mut_type
Satpathy_2021,LUSC,WXS,Satpathy_2021,NFE2L2_mut
Satpathy_2021,LUSC,WXS,Satpathy_2021,NFE2L2_mut_type
Satpathy_2021,LUSC,WXS,Satpathy_2021,NOTCH1_mut
Satpathy_2021,LUSC,WXS,Satpathy_2021,NOTCH1_mut_type
Satpathy_2021,LUSC,WXS,Satpathy_2021,Pack_years
Satpathy_2021,LUSC,WXS,Satpathy_2021,PIK3CA_mut
Satpathy_2021,LUSC,WXS,Satpathy_2021,PIK3CA_mut_type
Satpathy_2021,LUSC,WXS,Satpathy_2021,PIK3CA_pathway_alteration
Satpathy_2021,LUSC,WXS,Satpathy_2021,PIK3CA_pathway_alteration_status
Satpathy_2021,LUSC,WXS,Satpathy_2021,PTEN_mut
Satpathy_2021,LUSC,WXS,Satpathy_2021,PTEN_mut_type
Satpathy_2021,LUSC,WXS,Satpathy_2021,Race
Satpathy_2021,LUSC,WXS,Satpathy_2021,Ref_Classical_subtype
Satpathy_2021,LUSC,WXS,Satpathy_2021,Ref_meth_CIMP_subtype
Satpathy_2021,LUSC,WXS,Satpathy_2021,Ref_RNA_NMF
Satpathy_2021,LUSC,WXS,Satpathy_2021,Ref_RNA_NMF_core
Satpathy_2021,LUSC,WXS,Satpathy_2021,Ref_RNA_NMF_membership
Satpathy_2021,LUSC,WXS,Satpathy_2021,Secondhand_Smoke
Satpathy_2021,LUSC,WXS,Satpathy_2021,Smoking_status
Satpathy_2021,LUSC,WXS,Satpathy_2021,Smoking_History
Satpathy_2021,LUSC,WXS,Satpathy_2021,Smoking_Score_Category_wes
Satpathy_2021,LUSC,WXS,Satpathy_2021,Smoking_score_wes
Satpathy_2021,LUSC,WXS,Satpathy_2021,Smoking_Signature_Count_wes
Satpathy_2021,LUSC,WXS,Satpathy_2021,Smoking_Signature_Fraction_wes
Satpathy_2021,LUSC,WXS,Satpathy_2021,SOX2_cna_wes
Satpathy_2021,LUSC,WXS,Satpathy_2021,Stage
Satpathy_2021,LUSC,WXS,Satpathy_2021,Stage_mod
Satpathy_2021,LUSC,WXS,Satpathy_2021,SUZ12_mut
Satpathy_2021,LUSC,WXS,Satpathy_2021,SUZ12_mut_type
Satpathy_2021,LUSC,WXS,Satpathy_2021,TCGA_pancancer_immune_clustering
Satpathy_2021,LUSC,WXS,Satpathy_2021,Tumor/Normal
Satpathy_2021,LUSC,WXS,Satpathy_2021,Total_Mutation_Count_per_Mb_wes
Satpathy_2021,LUSC,WXS,Satpathy_2021,Total_Mutation_Count_wes
Satpathy_2021,LUSC,WXS,Satpathy_2021,TP53_mut
Satpathy_2021,LUSC,WXS,Satpathy_2021,TP53_mut_type
Satpathy_2021,LUSC,WXS,Satpathy_2021,TP63_cna_wes
Satpathy_2021,LUSC,WXS,Satpathy_2021,TSNet_Purity_rna
Satpathy_2021,LUSC,WXS,Satpathy_2021,Cancer type
Satpathy_2021,LUSC,WXS,Satpathy_2021,xCell_ImmuneScore
Satpathy_2021,LUSC,WXS,Satpathy_2021,xCell_MicroenvironmentScore
Satpathy_2021,LUSC,WXS,Satpathy_2021,xCell_StromaScore
Seo_2012,LUAD,RNA-seq,Seo_2012,Age
Seo_2012,LUAD,RNA-seq,Seo_2012,Cancer_RNA_Quality
Seo_2012,LUAD,RNA-seq,Seo_2012,Cancer_RNAseq
Seo_2012,LUAD,RNA-seq,Seo_2012,Classical_r_subtype
Seo_2012,LUAD,RNA-seq,Seo_2012,Primary/metastasis
Seo_2012,LUAD,RNA-seq,Seo_2012,EGFR exon18-21 PCR
Seo_2012,LUAD,RNA-seq,Seo_2012,EML4-ALK FISH
Seo_2012,LUAD,RNA-seq,Seo_2012,FUSION
Seo_2012,LUAD,RNA-seq,Seo_2012,Gender
Seo_2012,LUAD,RNA-seq,Seo_2012,KRAS exon 2 PCR
Seo_2012,LUAD,RNA-seq,Seo_2012,LN_metastasis
Seo_2012,LUAD,RNA-seq,Seo_2012,MP_r_subtype
Seo_2012,LUAD,RNA-seq,Seo_2012,Normal_ExomeSeq
Seo_2012,LUAD,RNA-seq,Seo_2012,Normal_RNAseq
Seo_2012,LUAD,RNA-seq,Seo_2012,Potential Driver Mutations
Seo_2012,LUAD,RNA-seq,Seo_2012,Race
Seo_2012,LUAD,RNA-seq,Seo_2012,Race_2
Seo_2012,LUAD,RNA-seq,Seo_2012,Smoking_status
Seo_2012,LUAD,RNA-seq,Seo_2012,Stage
Seo_2012,LUAD,RNA-seq,Seo_2012,Tumor/Normal
Seo_2012,LUAD,RNA-seq,Seo_2012,Cancer type
Shi_2020,LUAD,RNA-seq,ShiLUAD_2020,Classical_m_score
Shi_2020,LUAD,RNA-seq,ShiLUAD_2020,Classical_m_subtype
Shi_2020,LUAD,RNA-seq,ShiLUAD_2020,Classical_r_subtype
Shi_2020,LUAD,RNA-seq,ShiLUAD_2020,Primary/metastasis
Shi_2020,LUAD,RNA-seq,ShiLUAD_2020,Histology
Shi_2020,LUAD,RNA-seq,ShiLUAD_2020,Histology type
Shi_2020,LUAD,RNA-seq,ShiLUAD_2020,Latency_P0-P1 days
Shi_2020,LUAD,RNA-seq,ShiLUAD_2020,MP_m_score
Shi_2020,LUAD,RNA-seq,ShiLUAD_2020,MP_m_subtype
Shi_2020,LUAD,RNA-seq,ShiLUAD_2020,MP_r_subtype
Shi_2020,LUAD,RNA-seq,ShiLUAD_2020,Organoid IHC
Shi_2020,LUAD,RNA-seq,ShiLUAD_2020,Organoid passage
Shi_2020,LUAD,RNA-seq,ShiLUAD_2020,Organoid split ratio
Shi_2020,LUAD,RNA-seq,ShiLUAD_2020,Origin
Shi_2020,LUAD,RNA-seq,ShiLUAD_2020,Outcome
Shi_2020,LUAD,RNA-seq,ShiLUAD_2020,Percent tumor cells in organoids
Shi_2020,LUAD,RNA-seq,ShiLUAD_2020,Source
Shi_2020,LUAD,RNA-seq,ShiLUAD_2020,Stage
Shi_2020,LUAD,RNA-seq,ShiLUAD_2020,Tissue IHC
Shi_2020,LUAD,RNA-seq,ShiLUAD_2020,Tissue source
Shi_2020,LUAD,RNA-seq,ShiLUAD_2020,Tumor/Normal
Shi_2020,LUAD,RNA-seq,ShiLUAD_2020,Total days in culture
Shi_2020,LUAD,RNA-seq,ShiLUAD_2020,Cancer type
Shi_2020,LUAD,WXS,ShiLUAD_2020,Classical_m_score
Shi_2020,LUAD,WXS,ShiLUAD_2020,Classical_m_subtype
Shi_2020,LUAD,WXS,ShiLUAD_2020,Classical_r_subtype
Shi_2020,LUAD,WXS,ShiLUAD_2020,Driver_subtype
Shi_2020,LUAD,WXS,ShiLUAD_2020,Primary/metastasis
Shi_2020,LUAD,WXS,ShiLUAD_2020,Histology
Shi_2020,LUAD,WXS,ShiLUAD_2020,Latency_P0-P1 days
Shi_2020,LUAD,WXS,ShiLUAD_2020,MP_m_score
Shi_2020,LUAD,WXS,ShiLUAD_2020,MP_m_subtype
Shi_2020,LUAD,WXS,ShiLUAD_2020,MP_r_subtype
Shi_2020,LUAD,WXS,ShiLUAD_2020,Organoid IHC
Shi_2020,LUAD,WXS,ShiLUAD_2020,Organoid passage
Shi_2020,LUAD,WXS,ShiLUAD_2020,Organoid split ratio
Shi_2020,LUAD,WXS,ShiLUAD_2020,Origin
Shi_2020,LUAD,WXS,ShiLUAD_2020,Outcome
Shi_2020,LUAD,WXS,ShiLUAD_2020,Percent tumor cells in organoids
Shi_2020,LUAD,WXS,ShiLUAD_2020,Predominant subtype/differentiation
Shi_2020,LUAD,WXS,ShiLUAD_2020,Source
Shi_2020,LUAD,WXS,ShiLUAD_2020,Stage
Shi_2020,LUAD,WXS,ShiLUAD_2020,Tissue IHC
Shi_2020,LUAD,WXS,ShiLUAD_2020,Tissue source
Shi_2020,LUAD,WXS,ShiLUAD_2020,Tumor/Normal
Shi_2020,LUAD,WXS,ShiLUAD_2020,Total days in culture
Shi_2020,LUAD,WXS,ShiLUAD_2020,Cancer type
Shi_2020,LUSC,RNA-seq,ShiLUSC_2020,Classical_m_score
Shi_2020,LUSC,RNA-seq,ShiLUSC_2020,Classical_m_subtype
Shi_2020,LUSC,RNA-seq,ShiLUSC_2020,Classical_r_subtype
Shi_2020,LUSC,RNA-seq,ShiLUSC_2020,Differentiation
Shi_2020,LUSC,RNA-seq,ShiLUSC_2020,Primary/metastasis
Shi_2020,LUSC,RNA-seq,ShiLUSC_2020,Histology
Shi_2020,LUSC,RNA-seq,ShiLUSC_2020,Latency _P0-P1 days
Shi_2020,LUSC,RNA-seq,ShiLUSC_2020,MP_m_score
Shi_2020,LUSC,RNA-seq,ShiLUSC_2020,MP_m_subtype
Shi_2020,LUSC,RNA-seq,ShiLUSC_2020,MP_r_subtype
Shi_2020,LUSC,RNA-seq,ShiLUSC_2020,Organoid IHC
Shi_2020,LUSC,RNA-seq,ShiLUSC_2020,Organoid passage
Shi_2020,LUSC,RNA-seq,ShiLUSC_2020,Organoid split ratio
Shi_2020,LUSC,RNA-seq,ShiLUSC_2020,Origin
Shi_2020,LUSC,RNA-seq,ShiLUSC_2020,Outcome
Shi_2020,LUSC,RNA-seq,ShiLUSC_2020,Percent tumor cells in organoids
Shi_2020,LUSC,RNA-seq,ShiLUSC_2020,Source
Shi_2020,LUSC,RNA-seq,ShiLUSC_2020,Stage
Shi_2020,LUSC,RNA-seq,ShiLUSC_2020,Tissue IHC
Shi_2020,LUSC,RNA-seq,ShiLUSC_2020,Tissue source
Shi_2020,LUSC,RNA-seq,ShiLUSC_2020,Tumor/Normal
Shi_2020,LUSC,RNA-seq,ShiLUSC_2020,Total days in culture
Shi_2020,LUSC,RNA-seq,ShiLUSC_2020,Cancer type
Shi_2020,LUSC,WXS,ShiLUSC_2020,Classical_m_score
Shi_2020,LUSC,WXS,ShiLUSC_2020,Classical_m_subtype
Shi_2020,LUSC,WXS,ShiLUSC_2020,Classical_r_subtype
Shi_2020,LUSC,WXS,ShiLUSC_2020,Driver_subtype
Shi_2020,LUSC,WXS,ShiLUSC_2020,Primary/metastasis
Shi_2020,LUSC,WXS,ShiLUSC_2020,Histology
Shi_2020,LUSC,WXS,ShiLUSC_2020,Latency_P0-P1 days
Shi_2020,LUSC,WXS,ShiLUSC_2020,MP_m_score
Shi_2020,LUSC,WXS,ShiLUSC_2020,MP_m_subtype
Shi_2020,LUSC,WXS,ShiLUSC_2020,MP_r_subtype
Shi_2020,LUSC,WXS,ShiLUSC_2020,Organoid IHC
Shi_2020,LUSC,WXS,ShiLUSC_2020,Organoid passage
Shi_2020,LUSC,WXS,ShiLUSC_2020,Organoid split ratio
Shi_2020,LUSC,WXS,ShiLUSC_2020,Origin
Shi_2020,LUSC,WXS,ShiLUSC_2020,Outcome
Shi_2020,LUSC,WXS,ShiLUSC_2020,Percent tumor cells in organoids
Shi_2020,LUSC,WXS,ShiLUSC_2020,Predominant subtype or differentiation
Shi_2020,LUSC,WXS,ShiLUSC_2020,Source
Shi_2020,LUSC,WXS,ShiLUSC_2020,Stage
Shi_2020,LUSC,WXS,ShiLUSC_2020,Tissue IHC
Shi_2020,LUSC,WXS,ShiLUSC_2020,Tissue source
Shi_2020,LUSC,WXS,ShiLUSC_2020,Tumor/Normal
Shi_2020,LUSC,WXS,ShiLUSC_2020,Total days in culture
Shi_2020,LUSC,WXS,ShiLUSC_2020,Cancer type
Simpson_2020,SCLC,RNA-seq,Simpson_2020,1st Line Treatment
Simpson_2020,SCLC,RNA-seq,Simpson_2020,Age
Simpson_2020,SCLC,RNA-seq,Simpson_2020,Chemotherapy
Simpson_2020,SCLC,RNA-seq,Simpson_2020,Classical_r_subtype
Simpson_2020,SCLC,RNA-seq,Simpson_2020,Primary/metastasis
Simpson_2020,SCLC,RNA-seq,Simpson_2020,Gender
Simpson_2020,SCLC,RNA-seq,Simpson_2020,Model
Simpson_2020,SCLC,RNA-seq,Simpson_2020,MP_r_subtype
Simpson_2020,SCLC,RNA-seq,Simpson_2020,Number of Cycles
Simpson_2020,SCLC,RNA-seq,Simpson_2020,OS
Simpson_2020,SCLC,RNA-seq,Simpson_2020,OS_status
Simpson_2020,SCLC,RNA-seq,Simpson_2020,SCLC Stage
Simpson_2020,SCLC,RNA-seq,Simpson_2020,Sites of Metastases
Simpson_2020,SCLC,RNA-seq,Simpson_2020,Tumor/Normal
Simpson_2020,SCLC,RNA-seq,Simpson_2020,TNM
Simpson_2020,SCLC,RNA-seq,Simpson_2020,Treatment Response
Simpson_2020,SCLC,RNA-seq,Simpson_2020,Cancer type
Sivakumar_2017,LUAD,RNA-seq,Sivakumar_2017,Age
Sivakumar_2017,LUAD,RNA-seq,Sivakumar_2017,Classical_m_score
Sivakumar_2017,LUAD,RNA-seq,Sivakumar_2017,Classical_m_subtype
Sivakumar_2017,LUAD,RNA-seq,Sivakumar_2017,Classical_r_subtype
Sivakumar_2017,LUAD,RNA-seq,Sivakumar_2017,Primary/metastasis
Sivakumar_2017,LUAD,RNA-seq,Sivakumar_2017,Gender
Sivakumar_2017,LUAD,RNA-seq,Sivakumar_2017,Histology
Sivakumar_2017,LUAD,RNA-seq,Sivakumar_2017,MP_r_subtype
Sivakumar_2017,LUAD,RNA-seq,Sivakumar_2017,Smoking_status
Sivakumar_2017,LUAD,RNA-seq,Sivakumar_2017,Stage
Sivakumar_2017,LUAD,RNA-seq,Sivakumar_2017,Tumor/Normal
Sivakumar_2017,LUAD,RNA-seq,Sivakumar_2017,Cancer type
Sivakumar_2017,LUAD,WXS,Sivakumar_2017,Age
Sivakumar_2017,LUAD,WXS,Sivakumar_2017,Classical_m_score
Sivakumar_2017,LUAD,WXS,Sivakumar_2017,Classical_m_subtype
Sivakumar_2017,LUAD,WXS,Sivakumar_2017,Classical_r_subtype
Sivakumar_2017,LUAD,WXS,Sivakumar_2017,Driver_subtype
Sivakumar_2017,LUAD,WXS,Sivakumar_2017,Primary/metastasis
Sivakumar_2017,LUAD,WXS,Sivakumar_2017,Gender
Sivakumar_2017,LUAD,WXS,Sivakumar_2017,Histology
Sivakumar_2017,LUAD,WXS,Sivakumar_2017,MP_r_subtype
Sivakumar_2017,LUAD,WXS,Sivakumar_2017,Smoking_status
Sivakumar_2017,LUAD,WXS,Sivakumar_2017,Stage
Sivakumar_2017,LUAD,WXS,Sivakumar_2017,Tumor/Normal
Sivakumar_2017,LUAD,WXS,Sivakumar_2017,Cancer type
Skakodub_2023,LUAD,WXS,SkakodubLUAD_2023,BM_occurence
Skakodub_2023,LUAD,WXS,SkakodubLUAD_2023,BM_size
Skakodub_2023,LUAD,WXS,SkakodubLUAD_2023,BM_to_primary_DX
Skakodub_2023,LUAD,WXS,SkakodubLUAD_2023,Chemotherapy
Skakodub_2023,LUAD,WXS,SkakodubLUAD_2023,Classical_m_score
Skakodub_2023,LUAD,WXS,SkakodubLUAD_2023,Classical_m_subtype
Skakodub_2023,LUAD,WXS,SkakodubLUAD_2023,Driver_subtype
Skakodub_2023,LUAD,WXS,SkakodubLUAD_2023,Primary/metastasis
Skakodub_2023,LUAD,WXS,SkakodubLUAD_2023,Gender
Skakodub_2023,LUAD,WXS,SkakodubLUAD_2023,Immunotherapy
Skakodub_2023,LUAD,WXS,SkakodubLUAD_2023,Intracranial_disease_progression
Skakodub_2023,LUAD,WXS,SkakodubLUAD_2023,Intracranial_disease_progression_type
Skakodub_2023,LUAD,WXS,SkakodubLUAD_2023,KPS
Skakodub_2023,LUAD,WXS,SkakodubLUAD_2023,Lines_of_therapy_prior_to_BM_resection
Skakodub_2023,LUAD,WXS,SkakodubLUAD_2023,MP_m_score
Skakodub_2023,LUAD,WXS,SkakodubLUAD_2023,MP_m_subtype
Skakodub_2023,LUAD,WXS,SkakodubLUAD_2023,MSI_type
Skakodub_2023,LUAD,WXS,SkakodubLUAD_2023,Number_BMS_at_DX
Skakodub_2023,LUAD,WXS,SkakodubLUAD_2023,OS
Skakodub_2023,LUAD,WXS,SkakodubLUAD_2023,OS_status
Skakodub_2023,LUAD,WXS,SkakodubLUAD_2023,PFS
Skakodub_2023,LUAD,WXS,SkakodubLUAD_2023,PFS_status
Skakodub_2023,LUAD,WXS,SkakodubLUAD_2023,Prior_PCI
Skakodub_2023,LUAD,WXS,SkakodubLUAD_2023,Prior_TKI
Skakodub_2023,LUAD,WXS,SkakodubLUAD_2023,Prior_WBRT
Skakodub_2023,LUAD,WXS,SkakodubLUAD_2023,Smoking_status
Skakodub_2023,LUAD,WXS,SkakodubLUAD_2023,Somatic_status
Skakodub_2023,LUAD,WXS,SkakodubLUAD_2023,Symptom_at_BM_diagnosis
Skakodub_2023,LUAD,WXS,SkakodubLUAD_2023,Systemic_therapy_prior_to_BM_resection
Skakodub_2023,LUAD,WXS,SkakodubLUAD_2023,Targeted_therapy
Skakodub_2023,LUAD,WXS,SkakodubLUAD_2023,Tissue_specimen_type
Skakodub_2023,LUAD,WXS,SkakodubLUAD_2023,TMB_nonsynonymous
Skakodub_2023,LUAD,WXS,SkakodubLUAD_2023,Tumor/Normal
Skakodub_2023,LUAD,WXS,SkakodubLUAD_2023,Treatment_prior_to_BM_resection
Skakodub_2023,LUAD,WXS,SkakodubLUAD_2023,Cancer type
Skakodub_2023,LUAD,WXS,SkakodubLUAD_2023,Types_of_symptoms
Skakodub_2023,LUSC,WXS,SkakodubLUSC_2023,BM_occurence
Skakodub_2023,LUSC,WXS,SkakodubLUSC_2023,BM_size
Skakodub_2023,LUSC,WXS,SkakodubLUSC_2023,BM_to_primary_DX
Skakodub_2023,LUSC,WXS,SkakodubLUSC_2023,Chemotherapy
Skakodub_2023,LUSC,WXS,SkakodubLUSC_2023,Classical_m_score
Skakodub_2023,LUSC,WXS,SkakodubLUSC_2023,Classical_m_subtype
Skakodub_2023,LUSC,WXS,SkakodubLUSC_2023,Driver_subtype
Skakodub_2023,LUSC,WXS,SkakodubLUSC_2023,Primary/metastasis
Skakodub_2023,LUSC,WXS,SkakodubLUSC_2023,Gender
Skakodub_2023,LUSC,WXS,SkakodubLUSC_2023,Immunotherapy
Skakodub_2023,LUSC,WXS,SkakodubLUSC_2023,Intracranial_disease_progression
Skakodub_2023,LUSC,WXS,SkakodubLUSC_2023,Intracranial_disease_progression_type
Skakodub_2023,LUSC,WXS,SkakodubLUSC_2023,KPS
Skakodub_2023,LUSC,WXS,SkakodubLUSC_2023,Lines_of_therapy_prior_to_BM_resection
Skakodub_2023,LUSC,WXS,SkakodubLUSC_2023,MSI_type
Skakodub_2023,LUSC,WXS,SkakodubLUSC_2023,Number_BMS_at_DX
Skakodub_2023,LUSC,WXS,SkakodubLUSC_2023,OS
Skakodub_2023,LUSC,WXS,SkakodubLUSC_2023,OS_status
Skakodub_2023,LUSC,WXS,SkakodubLUSC_2023,PFS
Skakodub_2023,LUSC,WXS,SkakodubLUSC_2023,PFS_status
Skakodub_2023,LUSC,WXS,SkakodubLUSC_2023,Prior_PCI
Skakodub_2023,LUSC,WXS,SkakodubLUSC_2023,Prior_TKI
Skakodub_2023,LUSC,WXS,SkakodubLUSC_2023,Prior_WBRT
Skakodub_2023,LUSC,WXS,SkakodubLUSC_2023,Smoking_status
Skakodub_2023,LUSC,WXS,SkakodubLUSC_2023,Somatic_status
Skakodub_2023,LUSC,WXS,SkakodubLUSC_2023,Symptom_at_BM_diagnosis
Skakodub_2023,LUSC,WXS,SkakodubLUSC_2023,Systemic_therapy_prior_to_BM_resection
Skakodub_2023,LUSC,WXS,SkakodubLUSC_2023,Targeted_therapy
Skakodub_2023,LUSC,WXS,SkakodubLUSC_2023,Tissue_specimen_type
Skakodub_2023,LUSC,WXS,SkakodubLUSC_2023,TMB_nonsynonymous
Skakodub_2023,LUSC,WXS,SkakodubLUSC_2023,Tumor/Normal
Skakodub_2023,LUSC,WXS,SkakodubLUSC_2023,Treatment_prior_to_BM_resection
Skakodub_2023,LUSC,WXS,SkakodubLUSC_2023,Cancer type
Skakodub_2023,LUSC,WXS,SkakodubLUSC_2023,Types_of_symptoms
Stewart_2019,LUSC,Proteomics,Stewart_2019,AJCC_7_M
Stewart_2019,LUSC,Proteomics,Stewart_2019,AJCC_7_N
Stewart_2019,LUSC,Proteomics,Stewart_2019,AJCC_7_T
Stewart_2019,LUSC,Proteomics,Stewart_2019,Batch_Number
Stewart_2019,LUSC,Proteomics,Stewart_2019,Cause_of_Death_1
Stewart_2019,LUSC,Proteomics,Stewart_2019,Cause_of_Death_2
Stewart_2019,LUSC,Proteomics,Stewart_2019,Cause_of_Death_3
Stewart_2019,LUSC,Proteomics,Stewart_2019,Cause_of_Death_4
Stewart_2019,LUSC,Proteomics,Stewart_2019,Cause_of_Death_5
Stewart_2019,LUSC,Proteomics,Stewart_2019,Chemotherapy
Stewart_2019,LUSC,Proteomics,Stewart_2019,Classical_p_subtype
Stewart_2019,LUSC,Proteomics,Stewart_2019,Classical_r_subtype
Stewart_2019,LUSC,Proteomics,Stewart_2019,Days_diff_b_w_date_of_last_conta
Stewart_2019,LUSC,Proteomics,Stewart_2019,Days_diff_b_w_Diagnosis_and_Spec
Stewart_2019,LUSC,Proteomics,Stewart_2019,Days_diff_b_w_Specimen_collectio
Stewart_2019,LUSC,Proteomics,Stewart_2019,Did_the_patient_or_physician_res
Stewart_2019,LUSC,Proteomics,Stewart_2019,Do you now smoke cigarettes
Stewart_2019,LUSC,Proteomics,Stewart_2019,Have you smoked at least 100 cigarettes
Stewart_2019,LUSC,Proteomics,Stewart_2019,Primary/metastasis
Stewart_2019,LUSC,Proteomics,Stewart_2019,Grade_Differentiation
Stewart_2019,LUSC,Proteomics,Stewart_2019,Histology type
Stewart_2019,LUSC,Proteomics,Stewart_2019,How long has it been since you last smoked regularly
Stewart_2019,LUSC,Proteomics,Stewart_2019,How many cigarettes on average do or did you smoke per day
Stewart_2019,LUSC,Proteomics,Stewart_2019,How old were you when you started smoking cigarettes regularly
Stewart_2019,LUSC,Proteomics,Stewart_2019,Laterality
Stewart_2019,LUSC,Proteomics,Stewart_2019,MP_p_subtype
Stewart_2019,LUSC,Proteomics,Stewart_2019,MP_r_subtype
Stewart_2019,LUSC,Proteomics,Stewart_2019,OS
Stewart_2019,LUSC,Proteomics,Stewart_2019,OS_status
Stewart_2019,LUSC,Proteomics,Stewart_2019,Overall_Survival_1_Days
Stewart_2019,LUSC,Proteomics,Stewart_2019,Overall_Survival_1_Months
Stewart_2019,LUSC,Proteomics,Stewart_2019,Overall_Survival_2_Days
Stewart_2019,LUSC,Proteomics,Stewart_2019,Overall_Survival_2_Months
Stewart_2019,LUSC,Proteomics,Stewart_2019,Pathological_TNM_M
Stewart_2019,LUSC,Proteomics,Stewart_2019,Pathological_TNM_N
Stewart_2019,LUSC,Proteomics,Stewart_2019,Pathological_TNM_T
Stewart_2019,LUSC,Proteomics,Stewart_2019,Pathological_TNM_Group_Stage
Stewart_2019,LUSC,Proteomics,Stewart_2019,Recently Reported Cigarette Smoking Status
Stewart_2019,LUSC,Proteomics,Stewart_2019,Recently Reported Tobacco Use
Stewart_2019,LUSC,Proteomics,Stewart_2019,Recurrence
Stewart_2019,LUSC,Proteomics,Stewart_2019,Recurrence_free_survival_1_Days
Stewart_2019,LUSC,Proteomics,Stewart_2019,Recurrence_free_survival_1_Month
Stewart_2019,LUSC,Proteomics,Stewart_2019,Recurrence_free_survival_2_Days
Stewart_2019,LUSC,Proteomics,Stewart_2019,Recurrence_free_survival_2_Mont
Stewart_2019,LUSC,Proteomics,Stewart_2019,Recurrent_Site1
Stewart_2019,LUSC,Proteomics,Stewart_2019,Recurrent_Site2
Stewart_2019,LUSC,Proteomics,Stewart_2019,Ref_protein_subtype1
Stewart_2019,LUSC,Proteomics,Stewart_2019,Ref_protein_subtype2
Stewart_2019,LUSC,Proteomics,Stewart_2019,Ref_RNA_CC_Cluster
Stewart_2019,LUSC,Proteomics,Stewart_2019,Ref_RNA_Classical_subtype
Stewart_2019,LUSC,Proteomics,Stewart_2019,Regional_Lymph_Nodes_examined
Stewart_2019,LUSC,Proteomics,Stewart_2019,Regional_Lymph_Nodes_positive
Stewart_2019,LUSC,Proteomics,Stewart_2019,RFS
Stewart_2019,LUSC,Proteomics,Stewart_2019,RFS_status
Stewart_2019,LUSC,Proteomics,Stewart_2019,Smoking_status
Stewart_2019,LUSC,Proteomics,Stewart_2019,Stage
Stewart_2019,LUSC,Proteomics,Stewart_2019,Summary_of_Treatment_1st_course_at_Moffitt
Stewart_2019,LUSC,Proteomics,Stewart_2019,Summary_of_Treatment_1st_course
Stewart_2019,LUSC,Proteomics,Stewart_2019,Surgery_Radiation_Sequence
Stewart_2019,LUSC,Proteomics,Stewart_2019,Systemic_Rx_Surgery_Sequence
Stewart_2019,LUSC,Proteomics,Stewart_2019,TLN_HE_score
Stewart_2019,LUSC,Proteomics,Stewart_2019,Tumor/Normal
Stewart_2019,LUSC,Proteomics,Stewart_2019,TNM
Stewart_2019,LUSC,Proteomics,Stewart_2019,Tobacco use_FCDS
Stewart_2019,LUSC,Proteomics,Stewart_2019,Tobacco use cigarettes
Stewart_2019,LUSC,Proteomics,Stewart_2019,Tobacco use other smoke
Stewart_2019,LUSC,Proteomics,Stewart_2019,Tumor_cellularity_percentage
Stewart_2019,LUSC,Proteomics,Stewart_2019,Tumor_Sequence_Number
Stewart_2019,LUSC,Proteomics,Stewart_2019,Cancer type
Stewart_2019,LUSC,Proteomics,Stewart_2019,Who_responded
Stewart_2019,LUSC,RNA-seq,Stewart_2019,AJCC_7_M
Stewart_2019,LUSC,RNA-seq,Stewart_2019,AJCC_7_N
Stewart_2019,LUSC,RNA-seq,Stewart_2019,AJCC_7_T
Stewart_2019,LUSC,RNA-seq,Stewart_2019,Batch_Number
Stewart_2019,LUSC,RNA-seq,Stewart_2019,Cause_of_Death_1
Stewart_2019,LUSC,RNA-seq,Stewart_2019,Cause_of_Death_2
Stewart_2019,LUSC,RNA-seq,Stewart_2019,Cause_of_Death_3
Stewart_2019,LUSC,RNA-seq,Stewart_2019,Cause_of_Death_4
Stewart_2019,LUSC,RNA-seq,Stewart_2019,Cause_of_Death_5
Stewart_2019,LUSC,RNA-seq,Stewart_2019,Chemotherapy
Stewart_2019,LUSC,RNA-seq,Stewart_2019,Classical_p_subtype
Stewart_2019,LUSC,RNA-seq,Stewart_2019,Classical_r_subtype
Stewart_2019,LUSC,RNA-seq,Stewart_2019,Days_diff_b_w_date_of_last_conta
Stewart_2019,LUSC,RNA-seq,Stewart_2019,Days_diff_b_w_Diagnosis_and_Spec
Stewart_2019,LUSC,RNA-seq,Stewart_2019,Days_diff_b_w_Specimen_collectio
Stewart_2019,LUSC,RNA-seq,Stewart_2019,Did_the_patient_or_physician_res
Stewart_2019,LUSC,RNA-seq,Stewart_2019,Do you now smoke cigarettes
Stewart_2019,LUSC,RNA-seq,Stewart_2019,Have you smoked at least 100 cigarettes
Stewart_2019,LUSC,RNA-seq,Stewart_2019,Primary/metastasis
Stewart_2019,LUSC,RNA-seq,Stewart_2019,Grade_Differentiation
Stewart_2019,LUSC,RNA-seq,Stewart_2019,Histology type
Stewart_2019,LUSC,RNA-seq,Stewart_2019,How long has it been since you last smoked regularly
Stewart_2019,LUSC,RNA-seq,Stewart_2019,How many cigarettes on average do or did you smoke per day
Stewart_2019,LUSC,RNA-seq,Stewart_2019,How old were you when you started smoking cigarettes regularly
Stewart_2019,LUSC,RNA-seq,Stewart_2019,Laterality
Stewart_2019,LUSC,RNA-seq,Stewart_2019,MP_p_subtype
Stewart_2019,LUSC,RNA-seq,Stewart_2019,MP_r_subtype
Stewart_2019,LUSC,RNA-seq,Stewart_2019,OS
Stewart_2019,LUSC,RNA-seq,Stewart_2019,OS_status
Stewart_2019,LUSC,RNA-seq,Stewart_2019,Overall_Survival_1_Days
Stewart_2019,LUSC,RNA-seq,Stewart_2019,Overall_Survival_1_Months
Stewart_2019,LUSC,RNA-seq,Stewart_2019,Overall_Survival_2_Days
Stewart_2019,LUSC,RNA-seq,Stewart_2019,Overall_Survival_2_Months
Stewart_2019,LUSC,RNA-seq,Stewart_2019,Pathological_TNM_M
Stewart_2019,LUSC,RNA-seq,Stewart_2019,Pathological_TNM_N
Stewart_2019,LUSC,RNA-seq,Stewart_2019,Pathological_TNM_T
Stewart_2019,LUSC,RNA-seq,Stewart_2019,Pathological_TNM_Group_Stage
Stewart_2019,LUSC,RNA-seq,Stewart_2019,Recently_Reported_Cigarette_Smoking_Status
Stewart_2019,LUSC,RNA-seq,Stewart_2019,Recently_Reported_Tobacco_Use
Stewart_2019,LUSC,RNA-seq,Stewart_2019,Recurrence
Stewart_2019,LUSC,RNA-seq,Stewart_2019,Recurrence_free_survival_1_Days
Stewart_2019,LUSC,RNA-seq,Stewart_2019,Recurrence_free_survival_1_Month
Stewart_2019,LUSC,RNA-seq,Stewart_2019,Recurrence_free_survival_2_Days
Stewart_2019,LUSC,RNA-seq,Stewart_2019,Recurrence_free_survival_2_Mont
Stewart_2019,LUSC,RNA-seq,Stewart_2019,Recurrent_Site1
Stewart_2019,LUSC,RNA-seq,Stewart_2019,Recurrent_Site2
Stewart_2019,LUSC,RNA-seq,Stewart_2019,Ref_protein_subtype1
Stewart_2019,LUSC,RNA-seq,Stewart_2019,Ref_protein_subtype2
Stewart_2019,LUSC,RNA-seq,Stewart_2019,Ref_RNA_CC_Cluster
Stewart_2019,LUSC,RNA-seq,Stewart_2019,Ref_RNA_Classical_subtype
Stewart_2019,LUSC,RNA-seq,Stewart_2019,Regional_Lymph_Nodes_examined
Stewart_2019,LUSC,RNA-seq,Stewart_2019,Regional_Lymph_Nodes_positive
Stewart_2019,LUSC,RNA-seq,Stewart_2019,RFS
Stewart_2019,LUSC,RNA-seq,Stewart_2019,RFS_status
Stewart_2019,LUSC,RNA-seq,Stewart_2019,Smoking_status
Stewart_2019,LUSC,RNA-seq,Stewart_2019,Stage
Stewart_2019,LUSC,RNA-seq,Stewart_2019,Summary_of_Treatment_1st_course_at_Moffitt
Stewart_2019,LUSC,RNA-seq,Stewart_2019,Summary_of_Treatment_1st_course
Stewart_2019,LUSC,RNA-seq,Stewart_2019,Surgery_Radiation_Sequence
Stewart_2019,LUSC,RNA-seq,Stewart_2019,Systemic_Rx_Surgery_Sequence
Stewart_2019,LUSC,RNA-seq,Stewart_2019,TLN_HE_score
Stewart_2019,LUSC,RNA-seq,Stewart_2019,Tumor/Normal
Stewart_2019,LUSC,RNA-seq,Stewart_2019,TNM
Stewart_2019,LUSC,RNA-seq,Stewart_2019,Tobacco_use_FCDS
Stewart_2019,LUSC,RNA-seq,Stewart_2019,Tobacco_use_cigarettes
Stewart_2019,LUSC,RNA-seq,Stewart_2019,Tobacco use other smoke
Stewart_2019,LUSC,RNA-seq,Stewart_2019,Tumor_cellularity_percentage
Stewart_2019,LUSC,RNA-seq,Stewart_2019,Tumor_Sequence_Number
Stewart_2019,LUSC,RNA-seq,Stewart_2019,Cancer type
Stewart_2019,LUSC,RNA-seq,Stewart_2019,Who_responded
Stewart_2019,LUSC,RNA-seq,Stewart_2019,Year of recently reported cigarette smoking status
Stewart_2019,LUSC,RNA-seq,Stewart_2019,Year of Survey completion
Stewart_2019,LUSC,WXS,Stewart_2019,AJCC_7_M
Stewart_2019,LUSC,WXS,Stewart_2019,AJCC_7_N
Stewart_2019,LUSC,WXS,Stewart_2019,AJCC_7_T
Stewart_2019,LUSC,WXS,Stewart_2019,Batch_Number
Stewart_2019,LUSC,WXS,Stewart_2019,Cause_of_Death_1
Stewart_2019,LUSC,WXS,Stewart_2019,Cause_of_Death_2
Stewart_2019,LUSC,WXS,Stewart_2019,Cause_of_Death_3
Stewart_2019,LUSC,WXS,Stewart_2019,Cause_of_Death_4
Stewart_2019,LUSC,WXS,Stewart_2019,Cause_of_Death_5
Stewart_2019,LUSC,WXS,Stewart_2019,Chemotherapy
Stewart_2019,LUSC,WXS,Stewart_2019,Classical_p_subtype
Stewart_2019,LUSC,WXS,Stewart_2019,Classical_r_subtype
Stewart_2019,LUSC,WXS,Stewart_2019,Days_diff_b_w_date_of_last_conta
Stewart_2019,LUSC,WXS,Stewart_2019,Days_diff_b_w_Diagnosis_and_Spec
Stewart_2019,LUSC,WXS,Stewart_2019,Days_diff_b_w_Specimen_collectio
Stewart_2019,LUSC,WXS,Stewart_2019,Did_the_patient_or_physician_res
Stewart_2019,LUSC,WXS,Stewart_2019,Do you now smoke cigarettes
Stewart_2019,LUSC,WXS,Stewart_2019,Driver_subtype
Stewart_2019,LUSC,WXS,Stewart_2019,Have you smoked at least 100 cigarettes
Stewart_2019,LUSC,WXS,Stewart_2019,Primary/metastasis
Stewart_2019,LUSC,WXS,Stewart_2019,Grade_Differentiation
Stewart_2019,LUSC,WXS,Stewart_2019,Histology type
Stewart_2019,LUSC,WXS,Stewart_2019,How long has it been since you last smoked regularly
Stewart_2019,LUSC,WXS,Stewart_2019,How many cigarettes on average do or did you smoke per day
Stewart_2019,LUSC,WXS,Stewart_2019,How old were you when you started smoking cigarettes regularly
Stewart_2019,LUSC,WXS,Stewart_2019,Laterality
Stewart_2019,LUSC,WXS,Stewart_2019,MP_p_subtype
Stewart_2019,LUSC,WXS,Stewart_2019,MP_r_subtype
Stewart_2019,LUSC,WXS,Stewart_2019,OS
Stewart_2019,LUSC,WXS,Stewart_2019,OS_status
Stewart_2019,LUSC,WXS,Stewart_2019,Overall_Survival_1_Days
Stewart_2019,LUSC,WXS,Stewart_2019,Overall_Survival_1_Months
Stewart_2019,LUSC,WXS,Stewart_2019,Overall_Survival_2_Days
Stewart_2019,LUSC,WXS,Stewart_2019,Overall_Survival_2_Months
Stewart_2019,LUSC,WXS,Stewart_2019,Pathological_TNM_M
Stewart_2019,LUSC,WXS,Stewart_2019,Pathological_TNM_N
Stewart_2019,LUSC,WXS,Stewart_2019,Pathological_TNM_T
Stewart_2019,LUSC,WXS,Stewart_2019,Pathological_TNM_Group_Stage
Stewart_2019,LUSC,WXS,Stewart_2019,Recently Reported Cigarette Smoking Status
Stewart_2019,LUSC,WXS,Stewart_2019,Recently Reported Tobacco Use
Stewart_2019,LUSC,WXS,Stewart_2019,Recurrence
Stewart_2019,LUSC,WXS,Stewart_2019,Recurrence_free_survival_1_Days
Stewart_2019,LUSC,WXS,Stewart_2019,Recurrence_free_survival_1_Month
Stewart_2019,LUSC,WXS,Stewart_2019,Recurrence_free_survival_2_Days
Stewart_2019,LUSC,WXS,Stewart_2019,Recurrence_free_survival_2_Mont
Stewart_2019,LUSC,WXS,Stewart_2019,Recurrent_Site1
Stewart_2019,LUSC,WXS,Stewart_2019,Recurrent_Site2
Stewart_2019,LUSC,WXS,Stewart_2019,Ref_protein_subtype1
Stewart_2019,LUSC,WXS,Stewart_2019,Ref_protein_subtype2
Stewart_2019,LUSC,WXS,Stewart_2019,Ref_RNA_CC_Cluster
Stewart_2019,LUSC,WXS,Stewart_2019,Ref_RNA_Classical_subtype
Stewart_2019,LUSC,WXS,Stewart_2019,Regional_Lymph_Nodes_examined
Stewart_2019,LUSC,WXS,Stewart_2019,Regional_Lymph_Nodes_positive
Stewart_2019,LUSC,WXS,Stewart_2019,RFS
Stewart_2019,LUSC,WXS,Stewart_2019,RFS_status
Stewart_2019,LUSC,WXS,Stewart_2019,Smoking_status
Stewart_2019,LUSC,WXS,Stewart_2019,Stage
Stewart_2019,LUSC,WXS,Stewart_2019,Summary_of_Treatment_1st_cours0
Stewart_2019,LUSC,WXS,Stewart_2019,Summary_of_Treatment_1st_course
Stewart_2019,LUSC,WXS,Stewart_2019,Surgery_Radiation_Sequence
Stewart_2019,LUSC,WXS,Stewart_2019,Systemic_Rx_Surgery_Sequence
Stewart_2019,LUSC,WXS,Stewart_2019,TLN_HE_score
Stewart_2019,LUSC,WXS,Stewart_2019,Tumor/Normal
Stewart_2019,LUSC,WXS,Stewart_2019,TNM
Stewart_2019,LUSC,WXS,Stewart_2019,Tobacco use_FCDS
Stewart_2019,LUSC,WXS,Stewart_2019,Tobacco use cigarettes
Stewart_2019,LUSC,WXS,Stewart_2019,Tobacco use other smoke
Stewart_2019,LUSC,WXS,Stewart_2019,Tumor_cellularity_percentage
Stewart_2019,LUSC,WXS,Stewart_2019,Tumor_Sequence_Number
Stewart_2019,LUSC,WXS,Stewart_2019,Cancer type
Stewart_2019,LUSC,WXS,Stewart_2019,Who_responded
Stewart_2020,SCLC,RNA-seq,Stewart_2020,Chemotherapy
Stewart_2020,SCLC,RNA-seq,Stewart_2020,Classical_r_subtype
Stewart_2020,SCLC,RNA-seq,Stewart_2020,Immunotherapy
Stewart_2020,SCLC,RNA-seq,Stewart_2020,MP_r_subtype
Stewart_2020,SCLC,RNA-seq,Stewart_2020,Resistance
Stewart_2020,SCLC,RNA-seq,Stewart_2020,Source
Stewart_2020,SCLC,RNA-seq,Stewart_2020,Tumor/Normal
Stewart_2020,SCLC,RNA-seq,Stewart_2020,Cancer type
Stewart_2020,SCLC,RNA-seq,Stewart_2020,VALSG_stage
Su_2021,LUAD,Proteomics,Su_2021,Age
Su_2021,LUAD,Proteomics,Su_2021,Classical_p_subtype
Su_2021,LUAD,Proteomics,Su_2021,Primary/metastasis
Su_2021,LUAD,Proteomics,Su_2021,Gender
Su_2021,LUAD,Proteomics,Su_2021,Metastasis
Su_2021,LUAD,Proteomics,Su_2021,MP_p_subtype
Su_2021,LUAD,Proteomics,Su_2021,Stage
Su_2021,LUAD,Proteomics,Su_2021,Tumor/Normal
Su_2021,LUAD,Proteomics,Su_2021,Cancer type
Sugiyama_2020,LUAD,RNA-seq,Sugiyama_2020,Age
Sugiyama_2020,LUAD,RNA-seq,Sugiyama_2020,Brinkman_index
Sugiyama_2020,LUAD,RNA-seq,Sugiyama_2020,Classical_r_subtype
Sugiyama_2020,LUAD,RNA-seq,Sugiyama_2020,Primary/metastasis
Sugiyama_2020,LUAD,RNA-seq,Sugiyama_2020,EGFR_mut
Sugiyama_2020,LUAD,RNA-seq,Sugiyama_2020,Gender
Sugiyama_2020,LUAD,RNA-seq,Sugiyama_2020,MP_r_subtype
Sugiyama_2020,LUAD,RNA-seq,Sugiyama_2020,Smoking_status
Sugiyama_2020,LUAD,RNA-seq,Sugiyama_2020,Stage
Sugiyama_2020,LUAD,RNA-seq,Sugiyama_2020,Tumor/Normal
Sugiyama_2020,LUAD,RNA-seq,Sugiyama_2020,Cancer type
Sun_2014,LUAD,RNA-seq,Sun_2014,Age
Sun_2014,LUAD,RNA-seq,Sun_2014,Classical_r_subtype
Sun_2014,LUAD,RNA-seq,Sun_2014,Differentiation
Sun_2014,LUAD,RNA-seq,Sun_2014,Primary/metastasis
Sun_2014,LUAD,RNA-seq,Sun_2014,Gender
Sun_2014,LUAD,RNA-seq,Sun_2014,Grade
Sun_2014,LUAD,RNA-seq,Sun_2014,Histology
Sun_2014,LUAD,RNA-seq,Sun_2014,MP_r_subtype
Sun_2014,LUAD,RNA-seq,Sun_2014,OS
Sun_2014,LUAD,RNA-seq,Sun_2014,OS_status
Sun_2014,LUAD,RNA-seq,Sun_2014,Smoking_status
Sun_2014,LUAD,RNA-seq,Sun_2014,Stage
Sun_2014,LUAD,RNA-seq,Sun_2014,Tumor/Normal
Sun_2014,LUAD,RNA-seq,Sun_2014,Cancer type
Sun_2021,LUAD,RNA-seq,SunLUAD_2021,Age
Sun_2021,LUAD,RNA-seq,SunLUAD_2021,Classical_m_score
Sun_2021,LUAD,RNA-seq,SunLUAD_2021,Classical_m_subtype
Sun_2021,LUAD,RNA-seq,SunLUAD_2021,Classical_r_subtype
Sun_2021,LUAD,RNA-seq,SunLUAD_2021,Primary/metastasis
Sun_2021,LUAD,RNA-seq,SunLUAD_2021,Gender
Sun_2021,LUAD,RNA-seq,SunLUAD_2021,Histology
Sun_2021,LUAD,RNA-seq,SunLUAD_2021,MP_m_score
Sun_2021,LUAD,RNA-seq,SunLUAD_2021,MP_m_subtype
Sun_2021,LUAD,RNA-seq,SunLUAD_2021,MP_r_subtype
Sun_2021,LUAD,RNA-seq,SunLUAD_2021,NCI_Passage
Sun_2021,LUAD,RNA-seq,SunLUAD_2021,Purity
Sun_2021,LUAD,RNA-seq,SunLUAD_2021,Race
Sun_2021,LUAD,RNA-seq,SunLUAD_2021,Source
Sun_2021,LUAD,RNA-seq,SunLUAD_2021,Tumor/Normal
Sun_2021,LUAD,RNA-seq,SunLUAD_2021,TreatmentPriorToCollection
Sun_2021,LUAD,RNA-seq,SunLUAD_2021,Cancer type
Sun_2021,LUAD,WXS,SunLUAD_2021,Age
Sun_2021,LUAD,WXS,SunLUAD_2021,Classical_m_score
Sun_2021,LUAD,WXS,SunLUAD_2021,Classical_m_subtype
Sun_2021,LUAD,WXS,SunLUAD_2021,Classical_r_subtype
Sun_2021,LUAD,WXS,SunLUAD_2021,Driver_subtype
Sun_2021,LUAD,WXS,SunLUAD_2021,Primary/metastasis
Sun_2021,LUAD,WXS,SunLUAD_2021,Gender
Sun_2021,LUAD,WXS,SunLUAD_2021,Histology
Sun_2021,LUAD,WXS,SunLUAD_2021,MP_m_score
Sun_2021,LUAD,WXS,SunLUAD_2021,MP_m_subtype
Sun_2021,LUAD,WXS,SunLUAD_2021,MP_r_subtype
Sun_2021,LUAD,WXS,SunLUAD_2021,NCI_Passage
Sun_2021,LUAD,WXS,SunLUAD_2021,Purity
Sun_2021,LUAD,WXS,SunLUAD_2021,Race
Sun_2021,LUAD,WXS,SunLUAD_2021,Source
Sun_2021,LUAD,WXS,SunLUAD_2021,Tumor/Normal
Sun_2021,LUAD,WXS,SunLUAD_2021,TreatmentPriorToCollection
Sun_2021,LUAD,WXS,SunLUAD_2021,Cancer type
Sun_2021,LUSC,RNA-seq,SunLUSC_2021,Age
Sun_2021,LUSC,RNA-seq,SunLUSC_2021,Classical_m_score
Sun_2021,LUSC,RNA-seq,SunLUSC_2021,Classical_m_subtype
Sun_2021,LUSC,RNA-seq,SunLUSC_2021,Classical_r_subtype
Sun_2021,LUSC,RNA-seq,SunLUSC_2021,Primary/metastasis
Sun_2021,LUSC,RNA-seq,SunLUSC_2021,Gender
Sun_2021,LUSC,RNA-seq,SunLUSC_2021,Histology
Sun_2021,LUSC,RNA-seq,SunLUSC_2021,MP_m_score
Sun_2021,LUSC,RNA-seq,SunLUSC_2021,MP_m_subtype
Sun_2021,LUSC,RNA-seq,SunLUSC_2021,MP_r_subtype
Sun_2021,LUSC,RNA-seq,SunLUSC_2021,NCI_Passage
Sun_2021,LUSC,RNA-seq,SunLUSC_2021,Purity
Sun_2021,LUSC,RNA-seq,SunLUSC_2021,Race
Sun_2021,LUSC,RNA-seq,SunLUSC_2021,Source
Sun_2021,LUSC,RNA-seq,SunLUSC_2021,Tumor/Normal
Sun_2021,LUSC,RNA-seq,SunLUSC_2021,TreatmentPriorToCollection
Sun_2021,LUSC,RNA-seq,SunLUSC_2021,Cancer type
Sun_2021,LUSC,WXS,SunLUSC_2021,Age
Sun_2021,LUSC,WXS,SunLUSC_2021,Classical_m_score
Sun_2021,LUSC,WXS,SunLUSC_2021,Classical_m_subtype
Sun_2021,LUSC,WXS,SunLUSC_2021,Classical_r_subtype
Sun_2021,LUSC,WXS,SunLUSC_2021,Driver_subtype
Sun_2021,LUSC,WXS,SunLUSC_2021,Primary/metastasis
Sun_2021,LUSC,WXS,SunLUSC_2021,Gender
Sun_2021,LUSC,WXS,SunLUSC_2021,Histology
Sun_2021,LUSC,WXS,SunLUSC_2021,MP_m_score
Sun_2021,LUSC,WXS,SunLUSC_2021,MP_m_subtype
Sun_2021,LUSC,WXS,SunLUSC_2021,MP_r_subtype
Sun_2021,LUSC,WXS,SunLUSC_2021,NCI_Passage
Sun_2021,LUSC,WXS,SunLUSC_2021,Purity
Sun_2021,LUSC,WXS,SunLUSC_2021,Race
Sun_2021,LUSC,WXS,SunLUSC_2021,Source
Sun_2021,LUSC,WXS,SunLUSC_2021,Tumor/Normal
Sun_2021,LUSC,WXS,SunLUSC_2021,TreatmentPriorToCollection
Sun_2021,LUSC,WXS,SunLUSC_2021,Cancer type
Sun_2021,SCLC,RNA-seq,SunSCLC_2021,Age
Sun_2021,SCLC,RNA-seq,SunSCLC_2021,Classical_m_score
Sun_2021,SCLC,RNA-seq,SunSCLC_2021,Classical_m_subtype
Sun_2021,SCLC,RNA-seq,SunSCLC_2021,Classical_r_subtype
Sun_2021,SCLC,RNA-seq,SunSCLC_2021,Primary/metastasis
Sun_2021,SCLC,RNA-seq,SunSCLC_2021,Gender
Sun_2021,SCLC,RNA-seq,SunSCLC_2021,Histology
Sun_2021,SCLC,RNA-seq,SunSCLC_2021,MP_m_score
Sun_2021,SCLC,RNA-seq,SunSCLC_2021,MP_m_subtype
Sun_2021,SCLC,RNA-seq,SunSCLC_2021,MP_r_subtype
Sun_2021,SCLC,RNA-seq,SunSCLC_2021,NCI_Passage
Sun_2021,SCLC,RNA-seq,SunSCLC_2021,Purity
Sun_2021,SCLC,RNA-seq,SunSCLC_2021,Race
Sun_2021,SCLC,RNA-seq,SunSCLC_2021,Source
Sun_2021,SCLC,RNA-seq,SunSCLC_2021,Tumor/Normal
Sun_2021,SCLC,RNA-seq,SunSCLC_2021,TreatmentPriorToCollection
Sun_2021,SCLC,RNA-seq,SunSCLC_2021,Cancer type
Sun_2021,SCLC,WXS,SunSCLC_2021,Age
Sun_2021,SCLC,WXS,SunSCLC_2021,Classical_m_score
Sun_2021,SCLC,WXS,SunSCLC_2021,Classical_m_subtype
Sun_2021,SCLC,WXS,SunSCLC_2021,Classical_r_subtype
Sun_2021,SCLC,WXS,SunSCLC_2021,Driver_subtype
Sun_2021,SCLC,WXS,SunSCLC_2021,Primary/metastasis
Sun_2021,SCLC,WXS,SunSCLC_2021,Gender
Sun_2021,SCLC,WXS,SunSCLC_2021,Histology
Sun_2021,SCLC,WXS,SunSCLC_2021,MP_m_score
Sun_2021,SCLC,WXS,SunSCLC_2021,MP_m_subtype
Sun_2021,SCLC,WXS,SunSCLC_2021,MP_r_subtype
Sun_2021,SCLC,WXS,SunSCLC_2021,NCI_Passage
Sun_2021,SCLC,WXS,SunSCLC_2021,Purity
Sun_2021,SCLC,WXS,SunSCLC_2021,Race
Sun_2021,SCLC,WXS,SunSCLC_2021,Source
Sun_2021,SCLC,WXS,SunSCLC_2021,Tumor/Normal
Sun_2021,SCLC,WXS,SunSCLC_2021,TreatmentPriorToCollection
Sun_2021,SCLC,WXS,SunSCLC_2021,Cancer type
Sun_2022,LUSC,RNA-seq,Sun_2022,Chemotherapy
Sun_2022,LUSC,RNA-seq,Sun_2022,Classical_r_subtype
Sun_2022,LUSC,RNA-seq,Sun_2022,Primary/metastasis
Sun_2022,LUSC,RNA-seq,Sun_2022,LCT_type
Sun_2022,LUSC,RNA-seq,Sun_2022,MP_r_subtype
Sun_2022,LUSC,RNA-seq,Sun_2022,Race
Sun_2022,LUSC,RNA-seq,Sun_2022,Tumor/Normal
Sun_2022,LUSC,RNA-seq,Sun_2022,Cancer type
TCGA_2023,LUAD,Methylome,TCGALUAD_2023,Additional_pharmaceutical_therapy
TCGA_2023,LUAD,Methylome,TCGALUAD_2023,Additional_radiation_therapy
TCGA_2023,LUAD,Methylome,TCGALUAD_2023,Additional_surgery_locoregional_procedure
TCGA_2023,LUAD,Methylome,TCGALUAD_2023,Additional_surgery_metastatic_procedure
TCGA_2023,LUAD,Methylome,TCGALUAD_2023,Age
TCGA_2023,LUAD,Methylome,TCGALUAD_2023,Age_at_diagnosis
TCGA_2023,LUAD,Methylome,TCGALUAD_2023,AJCC_pathologic_m
TCGA_2023,LUAD,Methylome,TCGALUAD_2023,AJCC_pathologic_n
TCGA_2023,LUAD,Methylome,TCGALUAD_2023,AJCC_pathologic_t
TCGA_2023,LUAD,Methylome,TCGALUAD_2023,AJCC_staging_system_edition
TCGA_2023,LUAD,Methylome,TCGALUAD_2023,Anatomic_neoplasm_subdivision_other
TCGA_2023,LUAD,Methylome,TCGALUAD_2023,Biospecimen core resource
TCGA_2023,LUAD,Methylome,TCGALUAD_2023,Cigarettes_per_day
TCGA_2023,LUAD,Methylome,TCGALUAD_2023,Classical_m_score
TCGA_2023,LUAD,Methylome,TCGALUAD_2023,Classical_m_subtype
TCGA_2023,LUAD,Methylome,TCGALUAD_2023,Classical_meth_subtype
TCGA_2023,LUAD,Methylome,TCGALUAD_2023,Classical_r_subtype
TCGA_2023,LUAD,Methylome,TCGALUAD_2023,Days_to_birth
TCGA_2023,LUAD,Methylome,TCGALUAD_2023,Days_to_collection
TCGA_2023,LUAD,Methylome,TCGALUAD_2023,Days_to_death
TCGA_2023,LUAD,Methylome,TCGALUAD_2023,Days_to_last_follow_up
TCGA_2023,LUAD,Methylome,TCGALUAD_2023,Days_to_new_tumor_event_after_initial_treatment
TCGA_2023,LUAD,Methylome,TCGALUAD_2023,DFS
TCGA_2023,LUAD,Methylome,TCGALUAD_2023,DFS_status
TCGA_2023,LUAD,Methylome,TCGALUAD_2023,DSS
TCGA_2023,LUAD,Methylome,TCGALUAD_2023,DSS_status
TCGA_2023,LUAD,Methylome,TCGALUAD_2023,Primary/metastasis
TCGA_2023,LUAD,Methylome,TCGALUAD_2023,EGFR_mut_type
TCGA_2023,LUAD,Methylome,TCGALUAD_2023,Ethnicity
TCGA_2023,LUAD,Methylome,TCGALUAD_2023,Followup_treatment_success
TCGA_2023,LUAD,Methylome,TCGALUAD_2023,Gender
TCGA_2023,LUAD,Methylome,TCGALUAD_2023,Histology type
TCGA_2023,LUAD,Methylome,TCGALUAD_2023,History_of_neoadjuvant_treatment
TCGA_2023,LUAD,Methylome,TCGALUAD_2023,ICD_10_code
TCGA_2023,LUAD,Methylome,TCGALUAD_2023,Initial_weight
TCGA_2023,LUAD,Methylome,TCGALUAD_2023,KRAS_mut
TCGA_2023,LUAD,Methylome,TCGALUAD_2023,KRAS_mut_type
TCGA_2023,LUAD,Methylome,TCGALUAD_2023,Location_in_lung_parenchyma
TCGA_2023,LUAD,Methylome,TCGALUAD_2023,Lost_follow_up
TCGA_2023,LUAD,Methylome,TCGALUAD_2023,MP_m_score
TCGA_2023,LUAD,Methylome,TCGALUAD_2023,MP_m_subtype
TCGA_2023,LUAD,Methylome,TCGALUAD_2023,MP_mh_subtype
TCGA_2023,LUAD,Methylome,TCGALUAD_2023,MP_ml_subtype
TCGA_2023,LUAD,Methylome,TCGALUAD_2023,MP_r_subtype
TCGA_2023,LUAD,Methylome,TCGALUAD_2023,New_tumor_event_after_initial_treatment
TCGA_2023,LUAD,Methylome,TCGALUAD_2023,OCT_embedded
TCGA_2023,LUAD,Methylome,TCGALUAD_2023,OS
TCGA_2023,LUAD,Methylome,TCGALUAD_2023,OS_status
TCGA_2023,LUAD,Methylome,TCGALUAD_2023,Pack_years
TCGA_2023,LUAD,Methylome,TCGALUAD_2023,Paper_chromosome_affected_by_chromothripsis
TCGA_2023,LUAD,Methylome,TCGALUAD_2023,Paper_Fusions
TCGA_2023,LUAD,Methylome,TCGALUAD_2023,Paper_MTOR_mechanism_of_mTOR_pathway_activation
TCGA_2023,LUAD,Methylome,TCGALUAD_2023,Paper_Nonsilent_Mutations
TCGA_2023,LUAD,Methylome,TCGALUAD_2023,Paper_Nonsilent_Mutations_per_Mb
TCGA_2023,LUAD,Methylome,TCGALUAD_2023,Paper_Oncogene_Negative_or_Positive_Groups
TCGA_2023,LUAD,Methylome,TCGALUAD_2023,Paper_Ploidy_ABSOLUTE_calls
TCGA_2023,LUAD,Methylome,TCGALUAD_2023,Paper_Purity_ABSOLUTE_calls
TCGA_2023,LUAD,Methylome,TCGALUAD_2023,Paper_Transversion_High_Low
TCGA_2023,LUAD,Methylome,TCGALUAD_2023,Performance_status_scale_timing
TCGA_2023,LUAD,Methylome,TCGALUAD_2023,Person_neoplasm_cancer_status
TCGA_2023,LUAD,Methylome,TCGALUAD_2023,PFS
TCGA_2023,LUAD,Methylome,TCGALUAD_2023,PFS_status
TCGA_2023,LUAD,Methylome,TCGALUAD_2023,Post_bronchodilator_fev1_fvc_percent
TCGA_2023,LUAD,Methylome,TCGALUAD_2023,Post_bronchodilator_fev1_percent
TCGA_2023,LUAD,Methylome,TCGALUAD_2023,Postoperative_rx_tx
TCGA_2023,LUAD,Methylome,TCGALUAD_2023,Pre_bronchodilator_fev1_fvc_percent
TCGA_2023,LUAD,Methylome,TCGALUAD_2023,Pre_bronchodilator_fev1_percent
TCGA_2023,LUAD,Methylome,TCGALUAD_2023,Primary_therapy_outcome_success
TCGA_2023,LUAD,Methylome,TCGALUAD_2023,Prior_malignancy
TCGA_2023,LUAD,Methylome,TCGALUAD_2023,Prior_treatment
TCGA_2023,LUAD,Methylome,TCGALUAD_2023,Race
TCGA_2023,LUAD,Methylome,TCGALUAD_2023,Radiation_therapy
TCGA_2023,LUAD,Methylome,TCGALUAD_2023,Ref_iCluster
TCGA_2023,LUAD,Methylome,TCGALUAD_2023,Ref_meth_CIMP_subtype
TCGA_2023,LUAD,Methylome,TCGALUAD_2023,Ref_RNA_Classical_subtype
TCGA_2023,LUAD,Methylome,TCGALUAD_2023,Site_Of_Finding
TCGA_2023,LUAD,Methylome,TCGALUAD_2023,Smoking_status
TCGA_2023,LUAD,Methylome,TCGALUAD_2023,Stage
TCGA_2023,LUAD,Methylome,TCGALUAD_2023,Synchronous_malignancy
TCGA_2023,LUAD,Methylome,TCGALUAD_2023,Tissue_or_organ_of_origin
TCGA_2023,LUAD,Methylome,TCGALUAD_2023,Tumor/Normal
TCGA_2023,LUAD,Methylome,TCGALUAD_2023,TNM
TCGA_2023,LUAD,Methylome,TCGALUAD_2023,Cancer type
TCGA_2023,LUAD,Methylome,TCGALUAD_2023,Years_smoked
TCGA_2023,LUAD,RNA-seq,TCGALUAD_2023,Additional_pharmaceutical_therapy
TCGA_2023,LUAD,RNA-seq,TCGALUAD_2023,Additional_radiation_therapy
TCGA_2023,LUAD,RNA-seq,TCGALUAD_2023,Additional_surgery_locoregional_procedure
TCGA_2023,LUAD,RNA-seq,TCGALUAD_2023,Additional_surgery_metastatic_procedure
TCGA_2023,LUAD,RNA-seq,TCGALUAD_2023,Age
TCGA_2023,LUAD,RNA-seq,TCGALUAD_2023,Age_at_diagnosis
TCGA_2023,LUAD,RNA-seq,TCGALUAD_2023,AJCC_pathologic_m
TCGA_2023,LUAD,RNA-seq,TCGALUAD_2023,AJCC_pathologic_n
TCGA_2023,LUAD,RNA-seq,TCGALUAD_2023,AJCC_pathologic_t
TCGA_2023,LUAD,RNA-seq,TCGALUAD_2023,AJCC_staging_system_edition
TCGA_2023,LUAD,RNA-seq,TCGALUAD_2023,Anatomic_neoplasm_subdivision_other
TCGA_2023,LUAD,RNA-seq,TCGALUAD_2023,Biospecimen core resource
TCGA_2023,LUAD,RNA-seq,TCGALUAD_2023,Cigarettes_per_day
TCGA_2023,LUAD,RNA-seq,TCGALUAD_2023,Classical_m_score
TCGA_2023,LUAD,RNA-seq,TCGALUAD_2023,Classical_m_subtype
TCGA_2023,LUAD,RNA-seq,TCGALUAD_2023,Classical_meth_subtype
TCGA_2023,LUAD,RNA-seq,TCGALUAD_2023,Classical_r_subtype
TCGA_2023,LUAD,RNA-seq,TCGALUAD_2023,Days_to_birth
TCGA_2023,LUAD,RNA-seq,TCGALUAD_2023,Days_to_collection
TCGA_2023,LUAD,RNA-seq,TCGALUAD_2023,Days_to_death
TCGA_2023,LUAD,RNA-seq,TCGALUAD_2023,Days_to_last_follow_up
TCGA_2023,LUAD,RNA-seq,TCGALUAD_2023,Days_to_new_tumor_event_after_initial_treatment
TCGA_2023,LUAD,RNA-seq,TCGALUAD_2023,DFS
TCGA_2023,LUAD,RNA-seq,TCGALUAD_2023,DFS_status
TCGA_2023,LUAD,RNA-seq,TCGALUAD_2023,DSS
TCGA_2023,LUAD,RNA-seq,TCGALUAD_2023,DSS_status
TCGA_2023,LUAD,RNA-seq,TCGALUAD_2023,Primary/metastasis
TCGA_2023,LUAD,RNA-seq,TCGALUAD_2023,EGFR_mut_type
TCGA_2023,LUAD,RNA-seq,TCGALUAD_2023,Ethnicity
TCGA_2023,LUAD,RNA-seq,TCGALUAD_2023,Followup_treatment_success
TCGA_2023,LUAD,RNA-seq,TCGALUAD_2023,Gender
TCGA_2023,LUAD,RNA-seq,TCGALUAD_2023,Histology type
TCGA_2023,LUAD,RNA-seq,TCGALUAD_2023,History_of_neoadjuvant_treatment
TCGA_2023,LUAD,RNA-seq,TCGALUAD_2023,ICD_10_code
TCGA_2023,LUAD,RNA-seq,TCGALUAD_2023,Initial_weight
TCGA_2023,LUAD,RNA-seq,TCGALUAD_2023,KRAS_mut
TCGA_2023,LUAD,RNA-seq,TCGALUAD_2023,KRAS_mut_type
TCGA_2023,LUAD,RNA-seq,TCGALUAD_2023,Location_in_lung_parenchyma
TCGA_2023,LUAD,RNA-seq,TCGALUAD_2023,Lost_follow_up
TCGA_2023,LUAD,RNA-seq,TCGALUAD_2023,MP_m_score
TCGA_2023,LUAD,RNA-seq,TCGALUAD_2023,MP_m_subtype
TCGA_2023,LUAD,RNA-seq,TCGALUAD_2023,MP_mh_subtype
TCGA_2023,LUAD,RNA-seq,TCGALUAD_2023,MP_ml_subtype
TCGA_2023,LUAD,RNA-seq,TCGALUAD_2023,MP_r_subtype
TCGA_2023,LUAD,RNA-seq,TCGALUAD_2023,Tissue_source_site
TCGA_2023,LUAD,RNA-seq,TCGALUAD_2023,New_tumor_event_after_initial_treatment
TCGA_2023,LUAD,RNA-seq,TCGALUAD_2023,OCT_embedded
TCGA_2023,LUAD,RNA-seq,TCGALUAD_2023,OS
TCGA_2023,LUAD,RNA-seq,TCGALUAD_2023,OS_status
TCGA_2023,LUAD,RNA-seq,TCGALUAD_2023,Pack_years
TCGA_2023,LUAD,RNA-seq,TCGALUAD_2023,Paper_chromosome_affected_by_chromothripsis
TCGA_2023,LUAD,RNA-seq,TCGALUAD_2023,Paper_Fusions
TCGA_2023,LUAD,RNA-seq,TCGALUAD_2023,Paper_MTOR_mechanism_of_mTOR_pathway_activation
TCGA_2023,LUAD,RNA-seq,TCGALUAD_2023,Paper_Nonsilent_Mutations
TCGA_2023,LUAD,RNA-seq,TCGALUAD_2023,Paper_Nonsilent_Mutations_per_Mb
TCGA_2023,LUAD,RNA-seq,TCGALUAD_2023,Paper_Oncogene_Negative_or_Positive_Groups
TCGA_2023,LUAD,RNA-seq,TCGALUAD_2023,Paper_Ploidy_ABSOLUTE_calls
TCGA_2023,LUAD,RNA-seq,TCGALUAD_2023,Paper_Purity_ABSOLUTE_calls
TCGA_2023,LUAD,RNA-seq,TCGALUAD_2023,Paper_Transversion_High_Low
TCGA_2023,LUAD,RNA-seq,TCGALUAD_2023,Performance_status_scale_timing
TCGA_2023,LUAD,RNA-seq,TCGALUAD_2023,Person_neoplasm_cancer_status
TCGA_2023,LUAD,RNA-seq,TCGALUAD_2023,PFS
TCGA_2023,LUAD,RNA-seq,TCGALUAD_2023,PFS_status
TCGA_2023,LUAD,RNA-seq,TCGALUAD_2023,Post_bronchodilator_fev1_fvc_percent
TCGA_2023,LUAD,RNA-seq,TCGALUAD_2023,Post_bronchodilator_fev1_percent
TCGA_2023,LUAD,RNA-seq,TCGALUAD_2023,Postoperative_rx_tx
TCGA_2023,LUAD,RNA-seq,TCGALUAD_2023,Pre_bronchodilator_fev1_fvc_percent
TCGA_2023,LUAD,RNA-seq,TCGALUAD_2023,Pre_bronchodilator_fev1_percent
TCGA_2023,LUAD,RNA-seq,TCGALUAD_2023,Primary_therapy_outcome_success
TCGA_2023,LUAD,RNA-seq,TCGALUAD_2023,Prior_malignancy
TCGA_2023,LUAD,RNA-seq,TCGALUAD_2023,Prior_treatment
TCGA_2023,LUAD,RNA-seq,TCGALUAD_2023,Race
TCGA_2023,LUAD,RNA-seq,TCGALUAD_2023,Radiation_therapy
TCGA_2023,LUAD,RNA-seq,TCGALUAD_2023,Ref_iCluster
TCGA_2023,LUAD,RNA-seq,TCGALUAD_2023,Ref_meth_CIMP_subtype
TCGA_2023,LUAD,RNA-seq,TCGALUAD_2023,Ref_RNA_Classical_subtype
TCGA_2023,LUAD,RNA-seq,TCGALUAD_2023,Site_Of_Finding
TCGA_2023,LUAD,RNA-seq,TCGALUAD_2023,Smoking_status
TCGA_2023,LUAD,RNA-seq,TCGALUAD_2023,Stage
TCGA_2023,LUAD,RNA-seq,TCGALUAD_2023,Synchronous_malignancy
TCGA_2023,LUAD,RNA-seq,TCGALUAD_2023,Tissue_or_organ_of_origin
TCGA_2023,LUAD,RNA-seq,TCGALUAD_2023,Tumor/Normal
TCGA_2023,LUAD,RNA-seq,TCGALUAD_2023,TNM
TCGA_2023,LUAD,RNA-seq,TCGALUAD_2023,Cancer type
TCGA_2023,LUAD,RNA-seq,TCGALUAD_2023,Years_smoked
TCGA_2023,LUAD,WXS,TCGALUAD_2023,Additional_pharmaceutical_therapy
TCGA_2023,LUAD,WXS,TCGALUAD_2023,Additional_radiation_therapy
TCGA_2023,LUAD,WXS,TCGALUAD_2023,Additional_surgery_locoregional_procedure
TCGA_2023,LUAD,WXS,TCGALUAD_2023,Additional_surgery_metastatic_procedure
TCGA_2023,LUAD,WXS,TCGALUAD_2023,Age_at_diagnosis
TCGA_2023,LUAD,WXS,TCGALUAD_2023,AJCC_pathologic_m
TCGA_2023,LUAD,WXS,TCGALUAD_2023,AJCC_pathologic_n
TCGA_2023,LUAD,WXS,TCGALUAD_2023,AJCC_pathologic_t
TCGA_2023,LUAD,WXS,TCGALUAD_2023,AJCC_staging_system_edition
TCGA_2023,LUAD,WXS,TCGALUAD_2023,Anatomic_neoplasm_subdivision_other
TCGA_2023,LUAD,WXS,TCGALUAD_2023,Biospecimen core resource
TCGA_2023,LUAD,WXS,TCGALUAD_2023,Cigarettes_per_day
TCGA_2023,LUAD,WXS,TCGALUAD_2023,Classical_m_score
TCGA_2023,LUAD,WXS,TCGALUAD_2023,Classical_m_subtype
TCGA_2023,LUAD,WXS,TCGALUAD_2023,Classical_meth_subtype
TCGA_2023,LUAD,WXS,TCGALUAD_2023,Classical_r_subtype
TCGA_2023,LUAD,WXS,TCGALUAD_2023,Days_to_birth
TCGA_2023,LUAD,WXS,TCGALUAD_2023,Days_to_collection
TCGA_2023,LUAD,WXS,TCGALUAD_2023,Days_to_death
TCGA_2023,LUAD,WXS,TCGALUAD_2023,Days_to_new_tumor_event_after_initial_treatment
TCGA_2023,LUAD,WXS,TCGALUAD_2023,DFS
TCGA_2023,LUAD,WXS,TCGALUAD_2023,DFS_status
TCGA_2023,LUAD,WXS,TCGALUAD_2023,Driver_subtype
TCGA_2023,LUAD,WXS,TCGALUAD_2023,DSS
TCGA_2023,LUAD,WXS,TCGALUAD_2023,DSS_status
TCGA_2023,LUAD,WXS,TCGALUAD_2023,Primary/metastasis
TCGA_2023,LUAD,WXS,TCGALUAD_2023,EGFR_mut_type
TCGA_2023,LUAD,WXS,TCGALUAD_2023,Ethnicity
TCGA_2023,LUAD,WXS,TCGALUAD_2023,Followup_treatment_success
TCGA_2023,LUAD,WXS,TCGALUAD_2023,Gender
TCGA_2023,LUAD,WXS,TCGALUAD_2023,Histology type
TCGA_2023,LUAD,WXS,TCGALUAD_2023,History_of_neoadjuvant_treatment
TCGA_2023,LUAD,WXS,TCGALUAD_2023,ICD_10_code
TCGA_2023,LUAD,WXS,TCGALUAD_2023,Initial_weight
TCGA_2023,LUAD,WXS,TCGALUAD_2023,KRAS_mut
TCGA_2023,LUAD,WXS,TCGALUAD_2023,KRAS_mut_type
TCGA_2023,LUAD,WXS,TCGALUAD_2023,Location_in_lung_parenchyma
TCGA_2023,LUAD,WXS,TCGALUAD_2023,Lost_follow_up
TCGA_2023,LUAD,WXS,TCGALUAD_2023,MP_m_score
TCGA_2023,LUAD,WXS,TCGALUAD_2023,MP_m_subtype
TCGA_2023,LUAD,WXS,TCGALUAD_2023,MP_mh_subtype
TCGA_2023,LUAD,WXS,TCGALUAD_2023,MP_ml_subtype
TCGA_2023,LUAD,WXS,TCGALUAD_2023,MP_r_subtype
TCGA_2023,LUAD,WXS,TCGALUAD_2023,Tissue_source_site
TCGA_2023,LUAD,WXS,TCGALUAD_2023,New_tumor_event_after_initial_treatment
TCGA_2023,LUAD,WXS,TCGALUAD_2023,OCT_embedded
TCGA_2023,LUAD,WXS,TCGALUAD_2023,OS
TCGA_2023,LUAD,WXS,TCGALUAD_2023,OS_status
TCGA_2023,LUAD,WXS,TCGALUAD_2023,Paper_chromosome_affected_by_chromothripsis
TCGA_2023,LUAD,WXS,TCGALUAD_2023,Paper_Fusions
TCGA_2023,LUAD,WXS,TCGALUAD_2023,Paper_MTOR_mechanism_of_mTOR_pathway_activation
TCGA_2023,LUAD,WXS,TCGALUAD_2023,Paper_Nonsilent_Mutations
TCGA_2023,LUAD,WXS,TCGALUAD_2023,Paper_Nonsilent_Mutations_per_Mb
TCGA_2023,LUAD,WXS,TCGALUAD_2023,Paper_Oncogene_Negative_or_Positive_Groups
TCGA_2023,LUAD,WXS,TCGALUAD_2023,Paper_Ploidy_ABSOLUTE_calls
TCGA_2023,LUAD,WXS,TCGALUAD_2023,Paper_Purity_ABSOLUTE_calls
TCGA_2023,LUAD,WXS,TCGALUAD_2023,Paper_Transversion_High_Low
TCGA_2023,LUAD,WXS,TCGALUAD_2023,Performance_status_scale_timing
TCGA_2023,LUAD,WXS,TCGALUAD_2023,Person_neoplasm_cancer_status
TCGA_2023,LUAD,WXS,TCGALUAD_2023,PFS
TCGA_2023,LUAD,WXS,TCGALUAD_2023,PFS_status
TCGA_2023,LUAD,WXS,TCGALUAD_2023,Post_bronchodilator_fev1_fvc_percent
TCGA_2023,LUAD,WXS,TCGALUAD_2023,Post_bronchodilator_fev1_percent
TCGA_2023,LUAD,WXS,TCGALUAD_2023,Pre_bronchodilator_fev1_fvc_percent
TCGA_2023,LUAD,WXS,TCGALUAD_2023,Pre_bronchodilator_fev1_percent
TCGA_2023,LUAD,WXS,TCGALUAD_2023,Primary_therapy_outcome_success
TCGA_2023,LUAD,WXS,TCGALUAD_2023,Prior_malignancy
TCGA_2023,LUAD,WXS,TCGALUAD_2023,Prior_treatment
TCGA_2023,LUAD,WXS,TCGALUAD_2023,Race
TCGA_2023,LUAD,WXS,TCGALUAD_2023,Radiation_therapy
TCGA_2023,LUAD,WXS,TCGALUAD_2023,Ref_iCluster
TCGA_2023,LUAD,WXS,TCGALUAD_2023,Ref_meth_CIMP_subtype
TCGA_2023,LUAD,WXS,TCGALUAD_2023,Ref_RNA_Classical_subtype
TCGA_2023,LUAD,WXS,TCGALUAD_2023,Site_Of_Finding
TCGA_2023,LUAD,WXS,TCGALUAD_2023,Smoking_status
TCGA_2023,LUAD,WXS,TCGALUAD_2023,Stage
TCGA_2023,LUAD,WXS,TCGALUAD_2023,Synchronous_malignancy
TCGA_2023,LUAD,WXS,TCGALUAD_2023,Tissue_or_organ_of_origin
TCGA_2023,LUAD,WXS,TCGALUAD_2023,Tumor/Normal
TCGA_2023,LUAD,WXS,TCGALUAD_2023,TNM
TCGA_2023,LUAD,WXS,TCGALUAD_2023,Cancer type
TCGA_2023,LUAD,WXS,TCGALUAD_2023,Years_smoked
TCGA_2023,LUSC,Methylome,TCGALUSC_2023,Additional_pharmaceutical_therapy
TCGA_2023,LUSC,Methylome,TCGALUSC_2023,Additional_radiation_therapy
TCGA_2023,LUSC,Methylome,TCGALUSC_2023,Additional_surgery_locoregional_procedure
TCGA_2023,LUSC,Methylome,TCGALUSC_2023,Additional_surgery_metastatic_procedure
TCGA_2023,LUSC,Methylome,TCGALUSC_2023,Age
TCGA_2023,LUSC,Methylome,TCGALUSC_2023,Age_at_diagnosis
TCGA_2023,LUSC,Methylome,TCGALUSC_2023,AJCC_pathologic_m
TCGA_2023,LUSC,Methylome,TCGALUSC_2023,AJCC_pathologic_n
TCGA_2023,LUSC,Methylome,TCGALUSC_2023,AJCC_pathologic_t
TCGA_2023,LUSC,Methylome,TCGALUSC_2023,AJCC_staging_system_edition
TCGA_2023,LUSC,Methylome,TCGALUSC_2023,Anatomic_neoplasm_subdivision_other
TCGA_2023,LUSC,Methylome,TCGALUSC_2023,Cigarettes_per_day
TCGA_2023,LUSC,Methylome,TCGALUSC_2023,Classical_m_score
TCGA_2023,LUSC,Methylome,TCGALUSC_2023,Classical_m_subtype
TCGA_2023,LUSC,Methylome,TCGALUSC_2023,Classical_meth_subtype
TCGA_2023,LUSC,Methylome,TCGALUSC_2023,Classical_r_subtype
TCGA_2023,LUSC,Methylome,TCGALUSC_2023,Days_to_additional_surgery_locoregional_procedure
TCGA_2023,LUSC,Methylome,TCGALUSC_2023,Days_to_additional_surgery_metastatic_procedure
TCGA_2023,LUSC,Methylome,TCGALUSC_2023,Days_to_birth
TCGA_2023,LUSC,Methylome,TCGALUSC_2023,Days_to_collection
TCGA_2023,LUSC,Methylome,TCGALUSC_2023,Days_to_death
TCGA_2023,LUSC,Methylome,TCGALUSC_2023,Days_to_last_follow_up
TCGA_2023,LUSC,Methylome,TCGALUSC_2023,Days_to_new_tumor_event_after_initial_treatment
TCGA_2023,LUSC,Methylome,TCGALUSC_2023,DFS
TCGA_2023,LUSC,Methylome,TCGALUSC_2023,DFS_status
TCGA_2023,LUSC,Methylome,TCGALUSC_2023,DLCO_predictive_percent
TCGA_2023,LUSC,Methylome,TCGALUSC_2023,DSS
TCGA_2023,LUSC,Methylome,TCGALUSC_2023,DSS_status
TCGA_2023,LUSC,Methylome,TCGALUSC_2023,Primary/metastasis
TCGA_2023,LUSC,Methylome,TCGALUSC_2023,Eastern_cancer_oncology_group
TCGA_2023,LUSC,Methylome,TCGALUSC_2023,EGFR_mut_type
TCGA_2023,LUSC,Methylome,TCGALUSC_2023,Ethnicity
TCGA_2023,LUSC,Methylome,TCGALUSC_2023,Followup_treatment_success
TCGA_2023,LUSC,Methylome,TCGALUSC_2023,Gender
TCGA_2023,LUSC,Methylome,TCGALUSC_2023,Histology type
TCGA_2023,LUSC,Methylome,TCGALUSC_2023,History_of_neoadjuvant_treatment
TCGA_2023,LUSC,Methylome,TCGALUSC_2023,ICD_10_code
TCGA_2023,LUSC,Methylome,TCGALUSC_2023,Initial_weight
TCGA_2023,LUSC,Methylome,TCGALUSC_2023,Karnofsky_performance_score
TCGA_2023,LUSC,Methylome,TCGALUSC_2023,KRAS_mut
TCGA_2023,LUSC,Methylome,TCGALUSC_2023,KRAS_mut_type
TCGA_2023,LUSC,Methylome,TCGALUSC_2023,Location_in_lung_parenchyma
TCGA_2023,LUSC,Methylome,TCGALUSC_2023,Lost_follow_up
TCGA_2023,LUSC,Methylome,TCGALUSC_2023,MP_m_score
TCGA_2023,LUSC,Methylome,TCGALUSC_2023,MP_m_subtype
TCGA_2023,LUSC,Methylome,TCGALUSC_2023,MP_mh_subtype
TCGA_2023,LUSC,Methylome,TCGALUSC_2023,MP_ml_subtype
TCGA_2023,LUSC,Methylome,TCGALUSC_2023,MP_r_subtype
TCGA_2023,LUSC,Methylome,TCGALUSC_2023,New_tumor_event_after_initial_treatment
TCGA_2023,LUSC,Methylome,TCGALUSC_2023,OCT_embedded
TCGA_2023,LUSC,Methylome,TCGALUSC_2023,OS
TCGA_2023,LUSC,Methylome,TCGALUSC_2023,OS_status
TCGA_2023,LUSC,Methylome,TCGALUSC_2023,Other_dx
TCGA_2023,LUSC,Methylome,TCGALUSC_2023,Pack_years
TCGA_2023,LUSC,Methylome,TCGALUSC_2023,Paper_High_Level_Amplifications
TCGA_2023,LUSC,Methylome,TCGALUSC_2023,Paper_Homozygous_Deletions
TCGA_2023,LUSC,Methylome,TCGALUSC_2023,Paper_Nonsilent_Mutations
TCGA_2023,LUSC,Methylome,TCGALUSC_2023,Paper_Nonsilent_Mutations_per_Mb
TCGA_2023,LUSC,Methylome,TCGALUSC_2023,Performance_status_scale_timing
TCGA_2023,LUSC,Methylome,TCGALUSC_2023,Person_neoplasm_cancer_status
TCGA_2023,LUSC,Methylome,TCGALUSC_2023,PFS
TCGA_2023,LUSC,Methylome,TCGALUSC_2023,PFS_status
TCGA_2023,LUSC,Methylome,TCGALUSC_2023,Post_bronchodilator_fev1_fvc_percent
TCGA_2023,LUSC,Methylome,TCGALUSC_2023,Post_bronchodilator_fev1_percent
TCGA_2023,LUSC,Methylome,TCGALUSC_2023,Postoperative_rx_tx
TCGA_2023,LUSC,Methylome,TCGALUSC_2023,Pre_bronchodilator_fev1_fvc_percent
TCGA_2023,LUSC,Methylome,TCGALUSC_2023,Pre_bronchodilator_fev1_percent
TCGA_2023,LUSC,Methylome,TCGALUSC_2023,Primary_therapy_outcome_success
TCGA_2023,LUSC,Methylome,TCGALUSC_2023,Prior_malignancy
TCGA_2023,LUSC,Methylome,TCGALUSC_2023,Prior_treatment
TCGA_2023,LUSC,Methylome,TCGALUSC_2023,Race
TCGA_2023,LUSC,Methylome,TCGALUSC_2023,Radiation_therapy
TCGA_2023,LUSC,Methylome,TCGALUSC_2023,Ref_RNA_Classical_subtype
TCGA_2023,LUSC,Methylome,TCGALUSC_2023,Site_Of_Finding
TCGA_2023,LUSC,Methylome,TCGALUSC_2023,Smoking_status
TCGA_2023,LUSC,Methylome,TCGALUSC_2023,Stage
TCGA_2023,LUSC,Methylome,TCGALUSC_2023,Synchronous_malignancy
TCGA_2023,LUSC,Methylome,TCGALUSC_2023,Tissue_or_organ_of_origin
TCGA_2023,LUSC,Methylome,TCGALUSC_2023,Tissue_prospective_collection_indicator
TCGA_2023,LUSC,Methylome,TCGALUSC_2023,Tissue_retrospective_collection_indicator
TCGA_2023,LUSC,Methylome,TCGALUSC_2023,Tumor/Normal
TCGA_2023,LUSC,Methylome,TCGALUSC_2023,TNM
TCGA_2023,LUSC,Methylome,TCGALUSC_2023,Cancer type
TCGA_2023,LUSC,Methylome,TCGALUSC_2023,Years_smoked
TCGA_2023,LUSC,RNA-seq,TCGALUSC_2023,Additional_pharmaceutical_therapy
TCGA_2023,LUSC,RNA-seq,TCGALUSC_2023,Additional_radiation_therapy
TCGA_2023,LUSC,RNA-seq,TCGALUSC_2023,Additional_surgery_locoregional_procedure
TCGA_2023,LUSC,RNA-seq,TCGALUSC_2023,Additional_surgery_metastatic_procedure
TCGA_2023,LUSC,RNA-seq,TCGALUSC_2023,Age
TCGA_2023,LUSC,RNA-seq,TCGALUSC_2023,Age_at_diagnosis
TCGA_2023,LUSC,RNA-seq,TCGALUSC_2023,AJCC_pathologic_m
TCGA_2023,LUSC,RNA-seq,TCGALUSC_2023,AJCC_pathologic_n
TCGA_2023,LUSC,RNA-seq,TCGALUSC_2023,AJCC_pathologic_t
TCGA_2023,LUSC,RNA-seq,TCGALUSC_2023,AJCC_staging_system_edition
TCGA_2023,LUSC,RNA-seq,TCGALUSC_2023,Anatomic_neoplasm_subdivision_other
TCGA_2023,LUSC,RNA-seq,TCGALUSC_2023,Batch_number
TCGA_2023,LUSC,RNA-seq,TCGALUSC_2023,Cigarettes_per_day
TCGA_2023,LUSC,RNA-seq,TCGALUSC_2023,Classical_m_score
TCGA_2023,LUSC,RNA-seq,TCGALUSC_2023,Classical_m_subtype
TCGA_2023,LUSC,RNA-seq,TCGALUSC_2023,Classical_meth_subtype
TCGA_2023,LUSC,RNA-seq,TCGALUSC_2023,Classical_r_subtype
TCGA_2023,LUSC,RNA-seq,TCGALUSC_2023,Days_to_additional_surgery_locoregional_procedure
TCGA_2023,LUSC,RNA-seq,TCGALUSC_2023,Days_to_additional_surgery_metastatic_procedure
TCGA_2023,LUSC,RNA-seq,TCGALUSC_2023,Days_to_birth
TCGA_2023,LUSC,RNA-seq,TCGALUSC_2023,Days_to_collection
TCGA_2023,LUSC,RNA-seq,TCGALUSC_2023,Days_to_death
TCGA_2023,LUSC,RNA-seq,TCGALUSC_2023,Days_to_last_follow_up
TCGA_2023,LUSC,RNA-seq,TCGALUSC_2023,Days_to_new_tumor_event_after_initial_treatment
TCGA_2023,LUSC,RNA-seq,TCGALUSC_2023,DFS
TCGA_2023,LUSC,RNA-seq,TCGALUSC_2023,DFS_status
TCGA_2023,LUSC,RNA-seq,TCGALUSC_2023,DLCO_predictive_percent
TCGA_2023,LUSC,RNA-seq,TCGALUSC_2023,DSS
TCGA_2023,LUSC,RNA-seq,TCGALUSC_2023,DSS_status
TCGA_2023,LUSC,RNA-seq,TCGALUSC_2023,Primary/metastasis
TCGA_2023,LUSC,RNA-seq,TCGALUSC_2023,Eastern_cancer_oncology_group
TCGA_2023,LUSC,RNA-seq,TCGALUSC_2023,EGFR_mut_type
TCGA_2023,LUSC,RNA-seq,TCGALUSC_2023,Ethnicity
TCGA_2023,LUSC,RNA-seq,TCGALUSC_2023,Followup_treatment_success
TCGA_2023,LUSC,RNA-seq,TCGALUSC_2023,Gender
TCGA_2023,LUSC,RNA-seq,TCGALUSC_2023,Histology type
TCGA_2023,LUSC,RNA-seq,TCGALUSC_2023,History_of_neoadjuvant_treatment
TCGA_2023,LUSC,RNA-seq,TCGALUSC_2023,ICD_10_code
TCGA_2023,LUSC,RNA-seq,TCGALUSC_2023,Initial_weight
TCGA_2023,LUSC,RNA-seq,TCGALUSC_2023,Karnofsky_performance_score
TCGA_2023,LUSC,RNA-seq,TCGALUSC_2023,KRAS_mut
TCGA_2023,LUSC,RNA-seq,TCGALUSC_2023,KRAS_mut_type
TCGA_2023,LUSC,RNA-seq,TCGALUSC_2023,Location_in_lung_parenchyma
TCGA_2023,LUSC,RNA-seq,TCGALUSC_2023,Lost_follow_up
TCGA_2023,LUSC,RNA-seq,TCGALUSC_2023,MP_m_score
TCGA_2023,LUSC,RNA-seq,TCGALUSC_2023,MP_m_subtype
TCGA_2023,LUSC,RNA-seq,TCGALUSC_2023,MP_mh_subtype
TCGA_2023,LUSC,RNA-seq,TCGALUSC_2023,MP_ml_subtype
TCGA_2023,LUSC,RNA-seq,TCGALUSC_2023,MP_r_subtype
TCGA_2023,LUSC,RNA-seq,TCGALUSC_2023,Tissue_source_site
TCGA_2023,LUSC,RNA-seq,TCGALUSC_2023,New_tumor_event_after_initial_treatment
TCGA_2023,LUSC,RNA-seq,TCGALUSC_2023,OCT_embedded
TCGA_2023,LUSC,RNA-seq,TCGALUSC_2023,OS
TCGA_2023,LUSC,RNA-seq,TCGALUSC_2023,OS_status
TCGA_2023,LUSC,RNA-seq,TCGALUSC_2023,Other_dx
TCGA_2023,LUSC,RNA-seq,TCGALUSC_2023,Pack_years
TCGA_2023,LUSC,RNA-seq,TCGALUSC_2023,Paper_High_Level_Amplifications
TCGA_2023,LUSC,RNA-seq,TCGALUSC_2023,Paper_Homozygous_Deletions
TCGA_2023,LUSC,RNA-seq,TCGALUSC_2023,Paper_Nonsilent_Mutations
TCGA_2023,LUSC,RNA-seq,TCGALUSC_2023,Paper_Nonsilent_Mutations_per_Mb
TCGA_2023,LUSC,RNA-seq,TCGALUSC_2023,Performance_status_scale_timing
TCGA_2023,LUSC,RNA-seq,TCGALUSC_2023,Person_neoplasm_cancer_status
TCGA_2023,LUSC,RNA-seq,TCGALUSC_2023,PFS
TCGA_2023,LUSC,RNA-seq,TCGALUSC_2023,PFS_status
TCGA_2023,LUSC,RNA-seq,TCGALUSC_2023,Post_bronchodilator_fev1_fvc_percent
TCGA_2023,LUSC,RNA-seq,TCGALUSC_2023,Post_bronchodilator_fev1_percent
TCGA_2023,LUSC,RNA-seq,TCGALUSC_2023,Postoperative_rx_tx
TCGA_2023,LUSC,RNA-seq,TCGALUSC_2023,Pre_bronchodilator_fev1_fvc_percent
TCGA_2023,LUSC,RNA-seq,TCGALUSC_2023,Pre_bronchodilator_fev1_percent
TCGA_2023,LUSC,RNA-seq,TCGALUSC_2023,Primary_therapy_outcome_success
TCGA_2023,LUSC,RNA-seq,TCGALUSC_2023,Prior_malignancy
TCGA_2023,LUSC,RNA-seq,TCGALUSC_2023,Prior_treatment
TCGA_2023,LUSC,RNA-seq,TCGALUSC_2023,Race
TCGA_2023,LUSC,RNA-seq,TCGALUSC_2023,Radiation_therapy
TCGA_2023,LUSC,RNA-seq,TCGALUSC_2023,Ref_RNA_Classical_subtype
TCGA_2023,LUSC,RNA-seq,TCGALUSC_2023,Site_Of_Finding
TCGA_2023,LUSC,RNA-seq,TCGALUSC_2023,Smoking_status
TCGA_2023,LUSC,RNA-seq,TCGALUSC_2023,Stage
TCGA_2023,LUSC,RNA-seq,TCGALUSC_2023,Synchronous_malignancy
TCGA_2023,LUSC,RNA-seq,TCGALUSC_2023,Tissue_or_organ_of_origin
TCGA_2023,LUSC,RNA-seq,TCGALUSC_2023,Tissue_prospective_collection_indicator
TCGA_2023,LUSC,RNA-seq,TCGALUSC_2023,Tissue_retrospective_collection_indicator
TCGA_2023,LUSC,RNA-seq,TCGALUSC_2023,Tissue_source_site
TCGA_2023,LUSC,RNA-seq,TCGALUSC_2023,Tumor/Normal
TCGA_2023,LUSC,RNA-seq,TCGALUSC_2023,TNM
TCGA_2023,LUSC,RNA-seq,TCGALUSC_2023,Cancer type
TCGA_2023,LUSC,RNA-seq,TCGALUSC_2023,Years_smoked
TCGA_2023,LUSC,WXS,TCGALUSC_2023,Additional_pharmaceutical_therapy
TCGA_2023,LUSC,WXS,TCGALUSC_2023,Additional_radiation_therapy
TCGA_2023,LUSC,WXS,TCGALUSC_2023,Additional_surgery_locoregional_procedure
TCGA_2023,LUSC,WXS,TCGALUSC_2023,Additional_surgery_metastatic_procedure
TCGA_2023,LUSC,WXS,TCGALUSC_2023,Age
TCGA_2023,LUSC,WXS,TCGALUSC_2023,Age_at_diagnosis
TCGA_2023,LUSC,WXS,TCGALUSC_2023,AJCC_pathologic_m
TCGA_2023,LUSC,WXS,TCGALUSC_2023,AJCC_pathologic_n
TCGA_2023,LUSC,WXS,TCGALUSC_2023,AJCC_pathologic_t
TCGA_2023,LUSC,WXS,TCGALUSC_2023,AJCC_staging_system_edition
TCGA_2023,LUSC,WXS,TCGALUSC_2023,Anatomic_neoplasm_subdivision_other
TCGA_2023,LUSC,WXS,TCGALUSC_2023,Cigarettes_per_day
TCGA_2023,LUSC,WXS,TCGALUSC_2023,Classical_m_score
TCGA_2023,LUSC,WXS,TCGALUSC_2023,Classical_m_subtype
TCGA_2023,LUSC,WXS,TCGALUSC_2023,Classical_meth_subtype
TCGA_2023,LUSC,WXS,TCGALUSC_2023,Classical_r_subtype
TCGA_2023,LUSC,WXS,TCGALUSC_2023,Days_to_additional_surgery_locoregional_procedure
TCGA_2023,LUSC,WXS,TCGALUSC_2023,Days_to_additional_surgery_metastatic_procedure
TCGA_2023,LUSC,WXS,TCGALUSC_2023,Days_to_birth
TCGA_2023,LUSC,WXS,TCGALUSC_2023,Days_to_collection
TCGA_2023,LUSC,WXS,TCGALUSC_2023,Days_to_death
TCGA_2023,LUSC,WXS,TCGALUSC_2023,Days_to_last_follow_up
TCGA_2023,LUSC,WXS,TCGALUSC_2023,Days_to_new_tumor_event_after_initial_treatment
TCGA_2023,LUSC,WXS,TCGALUSC_2023,DFS
TCGA_2023,LUSC,WXS,TCGALUSC_2023,DFS_status
TCGA_2023,LUSC,WXS,TCGALUSC_2023,Driver_subtype
TCGA_2023,LUSC,WXS,TCGALUSC_2023,DSS
TCGA_2023,LUSC,WXS,TCGALUSC_2023,DSS_status
TCGA_2023,LUSC,WXS,TCGALUSC_2023,Primary/metastasis
TCGA_2023,LUSC,WXS,TCGALUSC_2023,Eastern_cancer_oncology_group
TCGA_2023,LUSC,WXS,TCGALUSC_2023,EGFR_mut_type
TCGA_2023,LUSC,WXS,TCGALUSC_2023,Ethnicity
TCGA_2023,LUSC,WXS,TCGALUSC_2023,Followup_treatment_success
TCGA_2023,LUSC,WXS,TCGALUSC_2023,Gender
TCGA_2023,LUSC,WXS,TCGALUSC_2023,Histology type
TCGA_2023,LUSC,WXS,TCGALUSC_2023,History_of_neoadjuvant_treatment
TCGA_2023,LUSC,WXS,TCGALUSC_2023,ICD_10_code
TCGA_2023,LUSC,WXS,TCGALUSC_2023,Initial_weight
TCGA_2023,LUSC,WXS,TCGALUSC_2023,Karnofsky_performance_score
TCGA_2023,LUSC,WXS,TCGALUSC_2023,KRAS_mut
TCGA_2023,LUSC,WXS,TCGALUSC_2023,KRAS_mut_type
TCGA_2023,LUSC,WXS,TCGALUSC_2023,Location_in_lung_parenchyma
TCGA_2023,LUSC,WXS,TCGALUSC_2023,MP_m_score
TCGA_2023,LUSC,WXS,TCGALUSC_2023,MP_m_subtype
TCGA_2023,LUSC,WXS,TCGALUSC_2023,MP_mh_subtype
TCGA_2023,LUSC,WXS,TCGALUSC_2023,MP_ml_subtype
TCGA_2023,LUSC,WXS,TCGALUSC_2023,MP_r_subtype
TCGA_2023,LUSC,WXS,TCGALUSC_2023,Tissue_source_site
TCGA_2023,LUSC,WXS,TCGALUSC_2023,New_tumor_event_after_initial_treatment
TCGA_2023,LUSC,WXS,TCGALUSC_2023,OCT_embedded
TCGA_2023,LUSC,WXS,TCGALUSC_2023,OS
TCGA_2023,LUSC,WXS,TCGALUSC_2023,OS_status
TCGA_2023,LUSC,WXS,TCGALUSC_2023,Other_dx
TCGA_2023,LUSC,WXS,TCGALUSC_2023,Pack_years
TCGA_2023,LUSC,WXS,TCGALUSC_2023,Paper_High_Level_Amplifications
TCGA_2023,LUSC,WXS,TCGALUSC_2023,Paper_Homozygous_Deletions
TCGA_2023,LUSC,WXS,TCGALUSC_2023,Paper_Nonsilent_Mutations
TCGA_2023,LUSC,WXS,TCGALUSC_2023,Paper_Nonsilent_Mutations_per_Mb
TCGA_2023,LUSC,WXS,TCGALUSC_2023,Performance_status_scale_timing
TCGA_2023,LUSC,WXS,TCGALUSC_2023,Person_neoplasm_cancer_status
TCGA_2023,LUSC,WXS,TCGALUSC_2023,PFS
TCGA_2023,LUSC,WXS,TCGALUSC_2023,PFS_status
TCGA_2023,LUSC,WXS,TCGALUSC_2023,Post_bronchodilator_fev1_fvc_percent
TCGA_2023,LUSC,WXS,TCGALUSC_2023,Post_bronchodilator_fev1_percent
TCGA_2023,LUSC,WXS,TCGALUSC_2023,Pre_bronchodilator_fev1_fvc_percent
TCGA_2023,LUSC,WXS,TCGALUSC_2023,Pre_bronchodilator_fev1_percent
TCGA_2023,LUSC,WXS,TCGALUSC_2023,Primary_therapy_outcome_success
TCGA_2023,LUSC,WXS,TCGALUSC_2023,Prior_malignancy
TCGA_2023,LUSC,WXS,TCGALUSC_2023,Prior_treatment
TCGA_2023,LUSC,WXS,TCGALUSC_2023,Race
TCGA_2023,LUSC,WXS,TCGALUSC_2023,Radiation_therapy
TCGA_2023,LUSC,WXS,TCGALUSC_2023,Ref_RNA_Classical_subtype
TCGA_2023,LUSC,WXS,TCGALUSC_2023,Site_Of_Finding
TCGA_2023,LUSC,WXS,TCGALUSC_2023,Smoking_status
TCGA_2023,LUSC,WXS,TCGALUSC_2023,Stage
TCGA_2023,LUSC,WXS,TCGALUSC_2023,Synchronous_malignancy
TCGA_2023,LUSC,WXS,TCGALUSC_2023,Tissue_or_organ_of_origin
TCGA_2023,LUSC,WXS,TCGALUSC_2023,Tissue_prospective_collection_indicator
TCGA_2023,LUSC,WXS,TCGALUSC_2023,Tissue_retrospective_collection_indicator
TCGA_2023,LUSC,WXS,TCGALUSC_2023,Tissue_source_site
TCGA_2023,LUSC,WXS,TCGALUSC_2023,Tumor/Normal
TCGA_2023,LUSC,WXS,TCGALUSC_2023,TNM
TCGA_2023,LUSC,WXS,TCGALUSC_2023,Cancer type
TCGA_2023,LUSC,WXS,TCGALUSC_2023,Years_smoked
Teixeira_2019,LUSC,Methylome,Teixeira_2019,Age
Teixeira_2019,LUSC,Methylome,Teixeira_2019,Age_group
Teixeira_2019,LUSC,Methylome,Teixeira_2019,Classical_meth_subtype
Teixeira_2019,LUSC,Methylome,Teixeira_2019,Cohort
Teixeira_2019,LUSC,Methylome,Teixeira_2019,COPD
Teixeira_2019,LUSC,Methylome,Teixeira_2019,Primary/metastasis
Teixeira_2019,LUSC,Methylome,Teixeira_2019,Gender
Teixeira_2019,LUSC,Methylome,Teixeira_2019,Histology type
Teixeira_2019,LUSC,Methylome,Teixeira_2019,MP_mh_subtype
Teixeira_2019,LUSC,Methylome,Teixeira_2019,MP_ml_subtype
Teixeira_2019,LUSC,Methylome,Teixeira_2019,Outcome
Teixeira_2019,LUSC,Methylome,Teixeira_2019,Pack_years
Teixeira_2019,LUSC,Methylome,Teixeira_2019,Prev_History_of_LC
Teixeira_2019,LUSC,Methylome,Teixeira_2019,Smoking_group
Teixeira_2019,LUSC,Methylome,Teixeira_2019,Tumor/Normal
Teixeira_2019,LUSC,Methylome,Teixeira_2019,Cancer type
Teixeira_2019,LUSC,WXS,Teixeira_2019,Age
Teixeira_2019,LUSC,WXS,Teixeira_2019,Age_group
Teixeira_2019,LUSC,WXS,Teixeira_2019,Classical_meth_subtype
Teixeira_2019,LUSC,WXS,Teixeira_2019,COPD
Teixeira_2019,LUSC,WXS,Teixeira_2019,Driver_subtype
Teixeira_2019,LUSC,WXS,Teixeira_2019,Primary/metastasis
Teixeira_2019,LUSC,WXS,Teixeira_2019,Gender
Teixeira_2019,LUSC,WXS,Teixeira_2019,Histology
Teixeira_2019,LUSC,WXS,Teixeira_2019,MP_mh_subtype
Teixeira_2019,LUSC,WXS,Teixeira_2019,MP_ml_subtype
Teixeira_2019,LUSC,WXS,Teixeira_2019,Outcome
Teixeira_2019,LUSC,WXS,Teixeira_2019,Pack_years
Teixeira_2019,LUSC,WXS,Teixeira_2019,Prev_History_of_LC
Teixeira_2019,LUSC,WXS,Teixeira_2019,Site_Of_Finding
Teixeira_2019,LUSC,WXS,Teixeira_2019,Smoking_group
Teixeira_2019,LUSC,WXS,Teixeira_2019,Smoking_status
Teixeira_2019,LUSC,WXS,Teixeira_2019,Tumor/Normal
Teixeira_2019,LUSC,WXS,Teixeira_2019,Cancer type
Thaiparambil_2022,LUAD,RNA-seq,ThaiparambilLUAD_2022,Classical_r_subtype
Thaiparambil_2022,LUAD,RNA-seq,ThaiparambilLUAD_2022,Primary/metastasis
Thaiparambil_2022,LUAD,RNA-seq,ThaiparambilLUAD_2022,Histology
Thaiparambil_2022,LUAD,RNA-seq,ThaiparambilLUAD_2022,MP_r_subtype
Thaiparambil_2022,LUAD,RNA-seq,ThaiparambilLUAD_2022,Tumor/Normal
Thaiparambil_2022,LUAD,RNA-seq,ThaiparambilLUAD_2022,Cancer type
Thaiparambil_2022,LUSC,RNA-seq,ThaiparambilLUSC_2022,Classical_r_subtype
Thaiparambil_2022,LUSC,RNA-seq,ThaiparambilLUSC_2022,Primary/metastasis
Thaiparambil_2022,LUSC,RNA-seq,ThaiparambilLUSC_2022,Histology
Thaiparambil_2022,LUSC,RNA-seq,ThaiparambilLUSC_2022,MP_r_subtype
Thaiparambil_2022,LUSC,RNA-seq,ThaiparambilLUSC_2022,Tumor/Normal
Thaiparambil_2022,LUSC,RNA-seq,ThaiparambilLUSC_2022,Cancer type
TRACERx_2023,LUAD,RNA-seq,TRACERxLUAD_2023,AdjRadEndTime_manual
TRACERx_2023,LUAD,RNA-seq,TRACERxLUAD_2023,AdjRadStartTime_manual
TRACERx_2023,LUAD,RNA-seq,TRACERxLUAD_2023,Adjuvant_treatment_given
TRACERx_2023,LUAD,RNA-seq,TRACERxLUAD_2023,Adjuvant_treatment_YN
TRACERx_2023,LUAD,RNA-seq,TRACERxLUAD_2023,Age
TRACERx_2023,LUAD,RNA-seq,TRACERxLUAD_2023,Cens_DFS_any_event
TRACERx_2023,LUAD,RNA-seq,TRACERxLUAD_2023,Cens_lung_event
TRACERx_2023,LUAD,RNA-seq,TRACERxLUAD_2023,Chemotherapy
TRACERx_2023,LUAD,RNA-seq,TRACERxLUAD_2023,CHMOthDgName_cleaned
TRACERx_2023,LUAD,RNA-seq,TRACERxLUAD_2023,CHMPlatDgName_cleaned
TRACERx_2023,LUAD,RNA-seq,TRACERxLUAD_2023,Cigs_per_day
TRACERx_2023,LUAD,RNA-seq,TRACERxLUAD_2023,Classical_m_score
TRACERx_2023,LUAD,RNA-seq,TRACERxLUAD_2023,Classical_m_subtype
TRACERx_2023,LUAD,RNA-seq,TRACERxLUAD_2023,Classical_r_subtype
TRACERx_2023,LUAD,RNA-seq,TRACERxLUAD_2023,DFS
TRACERx_2023,LUAD,RNA-seq,TRACERxLUAD_2023,DFS_status
TRACERx_2023,LUAD,RNA-seq,TRACERxLUAD_2023,DFS_time_any_event
TRACERx_2023,LUAD,RNA-seq,TRACERxLUAD_2023,Primary/metastasis
TRACERx_2023,LUAD,RNA-seq,TRACERxLUAD_2023,ECOG_PS
TRACERx_2023,LUAD,RNA-seq,TRACERxLUAD_2023,Ethnicity
TRACERx_2023,LUAD,RNA-seq,TRACERxLUAD_2023,First_DFS_any_event_rec_or_new_primary
TRACERx_2023,LUAD,RNA-seq,TRACERxLUAD_2023,First_event_during_followup
TRACERx_2023,LUAD,RNA-seq,TRACERxLUAD_2023,Gender
TRACERx_2023,LUAD,RNA-seq,TRACERxLUAD_2023,Histology
TRACERx_2023,LUAD,RNA-seq,TRACERxLUAD_2023,Histology type
TRACERx_2023,LUAD,RNA-seq,TRACERxLUAD_2023,Histology_lesion1
TRACERx_2023,LUAD,RNA-seq,TRACERxLUAD_2023,Histology_lesion1_merged
TRACERx_2023,LUAD,RNA-seq,TRACERxLUAD_2023,Histology_lesion2
TRACERx_2023,LUAD,RNA-seq,TRACERxLUAD_2023,Histology_multi_full
TRACERx_2023,LUAD,RNA-seq,TRACERxLUAD_2023,Histology_multi_full_genomically_confirmed
TRACERx_2023,LUAD,RNA-seq,TRACERxLUAD_2023,Is_family_lung
TRACERx_2023,LUAD,RNA-seq,TRACERxLUAD_2023,Lesion1_sampled
TRACERx_2023,LUAD,RNA-seq,TRACERxLUAD_2023,Lesion2_sampled
TRACERx_2023,LUAD,RNA-seq,TRACERxLUAD_2023,LUAD_pred_histology
TRACERx_2023,LUAD,RNA-seq,TRACERxLUAD_2023,LUAD_pred_subtype
TRACERx_2023,LUAD,RNA-seq,TRACERxLUAD_2023,Lung_event_time
TRACERx_2023,LUAD,RNA-seq,TRACERxLUAD_2023,LVI_per_patient
TRACERx_2023,LUAD,RNA-seq,TRACERxLUAD_2023,Margin_status_per_patient
TRACERx_2023,LUAD,RNA-seq,TRACERxLUAD_2023,MP_m_score
TRACERx_2023,LUAD,RNA-seq,TRACERxLUAD_2023,MP_m_subtype
TRACERx_2023,LUAD,RNA-seq,TRACERxLUAD_2023,MP_r_subtype
TRACERx_2023,LUAD,RNA-seq,TRACERxLUAD_2023,N_stage
TRACERx_2023,LUAD,RNA-seq,TRACERxLUAD_2023,NewPrim_time_use
TRACERx_2023,LUAD,RNA-seq,TRACERxLUAD_2023,Num_cycle_na_added
TRACERx_2023,LUAD,RNA-seq,TRACERxLUAD_2023,OS
TRACERx_2023,LUAD,RNA-seq,TRACERxLUAD_2023,OS_status
TRACERx_2023,LUAD,RNA-seq,TRACERxLUAD_2023,Pack_years
TRACERx_2023,LUAD,RNA-seq,TRACERxLUAD_2023,PL_per_patient
TRACERx_2023,LUAD,RNA-seq,TRACERxLUAD_2023,Pre-op_ctD_Tx100
TRACERx_2023,LUAD,RNA-seq,TRACERxLUAD_2023,Race
TRACERx_2023,LUAD,RNA-seq,TRACERxLUAD_2023,Recurrence_time_use
TRACERx_2023,LUAD,RNA-seq,TRACERxLUAD_2023,Relapse_site_and_category
TRACERx_2023,LUAD,RNA-seq,TRACERxLUAD_2023,Relapse_site_and_category_new
TRACERx_2023,LUAD,RNA-seq,TRACERxLUAD_2023,Site_of_Finding
TRACERx_2023,LUAD,RNA-seq,TRACERxLUAD_2023,Size_pathology_per_patient
TRACERx_2023,LUAD,RNA-seq,TRACERxLUAD_2023,Smoking_status
TRACERx_2023,LUAD,RNA-seq,TRACERxLUAD_2023,Smoking_years
TRACERx_2023,LUAD,RNA-seq,TRACERxLUAD_2023,Stage
TRACERx_2023,LUAD,RNA-seq,TRACERxLUAD_2023,Surgery_type
TRACERx_2023,LUAD,RNA-seq,TRACERxLUAD_2023,T_stage
TRACERx_2023,LUAD,RNA-seq,TRACERxLUAD_2023,Timing
TRACERx_2023,LUAD,RNA-seq,TRACERxLUAD_2023,Tumor/Normal
TRACERx_2023,LUAD,RNA-seq,TRACERxLUAD_2023,Cancer type
TRACERx_2023,LUAD,WXS,TRACERxLUAD_2023,AdjRadEndTime_manual
TRACERx_2023,LUAD,WXS,TRACERxLUAD_2023,AdjRadStartTime_manual
TRACERx_2023,LUAD,WXS,TRACERxLUAD_2023,Adjuvant_treatment_given
TRACERx_2023,LUAD,WXS,TRACERxLUAD_2023,Adjuvant_treatment_YN
TRACERx_2023,LUAD,WXS,TRACERxLUAD_2023,Age
TRACERx_2023,LUAD,WXS,TRACERxLUAD_2023,Cens_DFS_any_event
TRACERx_2023,LUAD,WXS,TRACERxLUAD_2023,Cens_lung_event
TRACERx_2023,LUAD,WXS,TRACERxLUAD_2023,Chemotherapy
TRACERx_2023,LUAD,WXS,TRACERxLUAD_2023,CHMOthDgName_cleaned
TRACERx_2023,LUAD,WXS,TRACERxLUAD_2023,CHMPlatDgName_cleaned
TRACERx_2023,LUAD,WXS,TRACERxLUAD_2023,Cigs_per_day
TRACERx_2023,LUAD,WXS,TRACERxLUAD_2023,Classical_m_score
TRACERx_2023,LUAD,WXS,TRACERxLUAD_2023,Classical_m_subtype
TRACERx_2023,LUAD,WXS,TRACERxLUAD_2023,Classical_r_subtype
TRACERx_2023,LUAD,WXS,TRACERxLUAD_2023,DFS
TRACERx_2023,LUAD,WXS,TRACERxLUAD_2023,DFS_status
TRACERx_2023,LUAD,WXS,TRACERxLUAD_2023,DFS_time_any_event
TRACERx_2023,LUAD,WXS,TRACERxLUAD_2023,Driver_subtype
TRACERx_2023,LUAD,WXS,TRACERxLUAD_2023,Primary/metastasis
TRACERx_2023,LUAD,WXS,TRACERxLUAD_2023,ECOG_PS
TRACERx_2023,LUAD,WXS,TRACERxLUAD_2023,Ethnicity
TRACERx_2023,LUAD,WXS,TRACERxLUAD_2023,First_DFS_any_event_rec_or_new_primary
TRACERx_2023,LUAD,WXS,TRACERxLUAD_2023,First_event_during_followup
TRACERx_2023,LUAD,WXS,TRACERxLUAD_2023,Gender
TRACERx_2023,LUAD,WXS,TRACERxLUAD_2023,Histology
TRACERx_2023,LUAD,WXS,TRACERxLUAD_2023,Histology type
TRACERx_2023,LUAD,WXS,TRACERxLUAD_2023,Histology_lesion1
TRACERx_2023,LUAD,WXS,TRACERxLUAD_2023,Histology_lesion1_merged
TRACERx_2023,LUAD,WXS,TRACERxLUAD_2023,Histology_lesion2
TRACERx_2023,LUAD,WXS,TRACERxLUAD_2023,Histology_multi_full
TRACERx_2023,LUAD,WXS,TRACERxLUAD_2023,Histology_multi_full_genomically_confirmed
TRACERx_2023,LUAD,WXS,TRACERxLUAD_2023,Is_family_lung
TRACERx_2023,LUAD,WXS,TRACERxLUAD_2023,Lesion1_sampled
TRACERx_2023,LUAD,WXS,TRACERxLUAD_2023,Lesion2_sampled
TRACERx_2023,LUAD,WXS,TRACERxLUAD_2023,LUAD_pred_histology
TRACERx_2023,LUAD,WXS,TRACERxLUAD_2023,LUAD_pred_subtype
TRACERx_2023,LUAD,WXS,TRACERxLUAD_2023,Lung_event_time
TRACERx_2023,LUAD,WXS,TRACERxLUAD_2023,LVI_per_patient
TRACERx_2023,LUAD,WXS,TRACERxLUAD_2023,Margin_status_per_patient
TRACERx_2023,LUAD,WXS,TRACERxLUAD_2023,MP_m_score
TRACERx_2023,LUAD,WXS,TRACERxLUAD_2023,MP_m_subtype
TRACERx_2023,LUAD,WXS,TRACERxLUAD_2023,MP_r_subtype
TRACERx_2023,LUAD,WXS,TRACERxLUAD_2023,N_stage
TRACERx_2023,LUAD,WXS,TRACERxLUAD_2023,NewPrim_time_use
TRACERx_2023,LUAD,WXS,TRACERxLUAD_2023,Num_cycle_na_added
TRACERx_2023,LUAD,WXS,TRACERxLUAD_2023,OS
TRACERx_2023,LUAD,WXS,TRACERxLUAD_2023,OS_status
TRACERx_2023,LUAD,WXS,TRACERxLUAD_2023,Pack_years
TRACERx_2023,LUAD,WXS,TRACERxLUAD_2023,PL_per_patient
TRACERx_2023,LUAD,WXS,TRACERxLUAD_2023,Pre-op_ctD_Tx100
TRACERx_2023,LUAD,WXS,TRACERxLUAD_2023,Race
TRACERx_2023,LUAD,WXS,TRACERxLUAD_2023,Recurrence_time_use
TRACERx_2023,LUAD,WXS,TRACERxLUAD_2023,Relapse_site_and_category
TRACERx_2023,LUAD,WXS,TRACERxLUAD_2023,Relapse_site_and_category_new
TRACERx_2023,LUAD,WXS,TRACERxLUAD_2023,Site_of_Finding
TRACERx_2023,LUAD,WXS,TRACERxLUAD_2023,Size_pathology_per_patient
TRACERx_2023,LUAD,WXS,TRACERxLUAD_2023,Smoking_status
TRACERx_2023,LUAD,WXS,TRACERxLUAD_2023,Smoking_years
TRACERx_2023,LUAD,WXS,TRACERxLUAD_2023,Stage
TRACERx_2023,LUAD,WXS,TRACERxLUAD_2023,Surgery_type
TRACERx_2023,LUAD,WXS,TRACERxLUAD_2023,T_stage
TRACERx_2023,LUAD,WXS,TRACERxLUAD_2023,Timing
TRACERx_2023,LUAD,WXS,TRACERxLUAD_2023,Tumor/Normal
TRACERx_2023,LUAD,WXS,TRACERxLUAD_2023,Cancer type
TRACERx_2023,LUSC,RNA-seq,TRACERxLUSC_2023,AdjRadEndTime_manual
TRACERx_2023,LUSC,RNA-seq,TRACERxLUSC_2023,AdjRadStartTime_manual
TRACERx_2023,LUSC,RNA-seq,TRACERxLUSC_2023,Adjuvant_treatment_given
TRACERx_2023,LUSC,RNA-seq,TRACERxLUSC_2023,Adjuvant_treatment_YN
TRACERx_2023,LUSC,RNA-seq,TRACERxLUSC_2023,Age
TRACERx_2023,LUSC,RNA-seq,TRACERxLUSC_2023,Cens_DFS_any_event
TRACERx_2023,LUSC,RNA-seq,TRACERxLUSC_2023,Cens_lung_event
TRACERx_2023,LUSC,RNA-seq,TRACERxLUSC_2023,Chemotherapy
TRACERx_2023,LUSC,RNA-seq,TRACERxLUSC_2023,CHMOthDgName_cleaned
TRACERx_2023,LUSC,RNA-seq,TRACERxLUSC_2023,CHMPlatDgName_cleaned
TRACERx_2023,LUSC,RNA-seq,TRACERxLUSC_2023,Cigs_per_day
TRACERx_2023,LUSC,RNA-seq,TRACERxLUSC_2023,Classical_m_score
TRACERx_2023,LUSC,RNA-seq,TRACERxLUSC_2023,Classical_m_subtype
TRACERx_2023,LUSC,RNA-seq,TRACERxLUSC_2023,Classical_r_subtype
TRACERx_2023,LUSC,RNA-seq,TRACERxLUSC_2023,DFS
TRACERx_2023,LUSC,RNA-seq,TRACERxLUSC_2023,DFS_status
TRACERx_2023,LUSC,RNA-seq,TRACERxLUSC_2023,DFS_time_any_event
TRACERx_2023,LUSC,RNA-seq,TRACERxLUSC_2023,Primary/metastasis
TRACERx_2023,LUSC,RNA-seq,TRACERxLUSC_2023,ECOG_PS
TRACERx_2023,LUSC,RNA-seq,TRACERxLUSC_2023,Ethnicity
TRACERx_2023,LUSC,RNA-seq,TRACERxLUSC_2023,First_DFS_any_event_rec_or_new_primary
TRACERx_2023,LUSC,RNA-seq,TRACERxLUSC_2023,First_event_during_followup
TRACERx_2023,LUSC,RNA-seq,TRACERxLUSC_2023,Gender
TRACERx_2023,LUSC,RNA-seq,TRACERxLUSC_2023,Histology
TRACERx_2023,LUSC,RNA-seq,TRACERxLUSC_2023,Histology type
TRACERx_2023,LUSC,RNA-seq,TRACERxLUSC_2023,Histology_lesion1
TRACERx_2023,LUSC,RNA-seq,TRACERxLUSC_2023,Histology_lesion1_merged
TRACERx_2023,LUSC,RNA-seq,TRACERxLUSC_2023,Histology_lesion2
TRACERx_2023,LUSC,RNA-seq,TRACERxLUSC_2023,Histology_multi_full
TRACERx_2023,LUSC,RNA-seq,TRACERxLUSC_2023,Histology_multi_full_genomically_confirmed
TRACERx_2023,LUSC,RNA-seq,TRACERxLUSC_2023,Is_family_lung
TRACERx_2023,LUSC,RNA-seq,TRACERxLUSC_2023,Lesion1_sampled
TRACERx_2023,LUSC,RNA-seq,TRACERxLUSC_2023,Lesion2_sampled
TRACERx_2023,LUSC,RNA-seq,TRACERxLUSC_2023,LUAD_pred_histology
TRACERx_2023,LUSC,RNA-seq,TRACERxLUSC_2023,LUAD_pred_subtype
TRACERx_2023,LUSC,RNA-seq,TRACERxLUSC_2023,Lung_event_time
TRACERx_2023,LUSC,RNA-seq,TRACERxLUSC_2023,LVI_per_patient
TRACERx_2023,LUSC,RNA-seq,TRACERxLUSC_2023,Margin_status_per_patient
TRACERx_2023,LUSC,RNA-seq,TRACERxLUSC_2023,MP_m_score
TRACERx_2023,LUSC,RNA-seq,TRACERxLUSC_2023,MP_m_subtype
TRACERx_2023,LUSC,RNA-seq,TRACERxLUSC_2023,MP_r_subtype
TRACERx_2023,LUSC,RNA-seq,TRACERxLUSC_2023,N_stage
TRACERx_2023,LUSC,RNA-seq,TRACERxLUSC_2023,NewPrim_time_use
TRACERx_2023,LUSC,RNA-seq,TRACERxLUSC_2023,Num_cycle_na_added
TRACERx_2023,LUSC,RNA-seq,TRACERxLUSC_2023,OS
TRACERx_2023,LUSC,RNA-seq,TRACERxLUSC_2023,OS_status
TRACERx_2023,LUSC,RNA-seq,TRACERxLUSC_2023,Pack_years
TRACERx_2023,LUSC,RNA-seq,TRACERxLUSC_2023,PL_per_patient
TRACERx_2023,LUSC,RNA-seq,TRACERxLUSC_2023,Pre-op_ctD_Tx100
TRACERx_2023,LUSC,RNA-seq,TRACERxLUSC_2023,Race
TRACERx_2023,LUSC,RNA-seq,TRACERxLUSC_2023,Recurrence_time_use
TRACERx_2023,LUSC,RNA-seq,TRACERxLUSC_2023,Relapse_site_and_category
TRACERx_2023,LUSC,RNA-seq,TRACERxLUSC_2023,Relapse_site_and_category_new
TRACERx_2023,LUSC,RNA-seq,TRACERxLUSC_2023,Site_of_Finding
TRACERx_2023,LUSC,RNA-seq,TRACERxLUSC_2023,Size_pathology_per_patient
TRACERx_2023,LUSC,RNA-seq,TRACERxLUSC_2023,Smoking_status
TRACERx_2023,LUSC,RNA-seq,TRACERxLUSC_2023,Smoking_years
TRACERx_2023,LUSC,RNA-seq,TRACERxLUSC_2023,Stage
TRACERx_2023,LUSC,RNA-seq,TRACERxLUSC_2023,Surgery_type
TRACERx_2023,LUSC,RNA-seq,TRACERxLUSC_2023,T_stage
TRACERx_2023,LUSC,RNA-seq,TRACERxLUSC_2023,Timing
TRACERx_2023,LUSC,RNA-seq,TRACERxLUSC_2023,Tumor/Normal
TRACERx_2023,LUSC,RNA-seq,TRACERxLUSC_2023,Cancer type
TRACERx_2023,LUSC,WXS,TRACERxLUSC_2023,AdjRadEndTime_manual
TRACERx_2023,LUSC,WXS,TRACERxLUSC_2023,AdjRadStartTime_manual
TRACERx_2023,LUSC,WXS,TRACERxLUSC_2023,Adjuvant_treatment_given
TRACERx_2023,LUSC,WXS,TRACERxLUSC_2023,Adjuvant_treatment_YN
TRACERx_2023,LUSC,WXS,TRACERxLUSC_2023,Age
TRACERx_2023,LUSC,WXS,TRACERxLUSC_2023,Cens_DFS_any_event
TRACERx_2023,LUSC,WXS,TRACERxLUSC_2023,Cens_lung_event
TRACERx_2023,LUSC,WXS,TRACERxLUSC_2023,Chemotherapy
TRACERx_2023,LUSC,WXS,TRACERxLUSC_2023,CHMOthDgName_cleaned
TRACERx_2023,LUSC,WXS,TRACERxLUSC_2023,CHMPlatDgName_cleaned
TRACERx_2023,LUSC,WXS,TRACERxLUSC_2023,Cigs_per_day
TRACERx_2023,LUSC,WXS,TRACERxLUSC_2023,Classical_m_score
TRACERx_2023,LUSC,WXS,TRACERxLUSC_2023,Classical_m_subtype
TRACERx_2023,LUSC,WXS,TRACERxLUSC_2023,Classical_r_subtype
TRACERx_2023,LUSC,WXS,TRACERxLUSC_2023,DFS
TRACERx_2023,LUSC,WXS,TRACERxLUSC_2023,DFS_status
TRACERx_2023,LUSC,WXS,TRACERxLUSC_2023,DFS_time_any_event
TRACERx_2023,LUSC,WXS,TRACERxLUSC_2023,Driver_subtype
TRACERx_2023,LUSC,WXS,TRACERxLUSC_2023,Primary/metastasis
TRACERx_2023,LUSC,WXS,TRACERxLUSC_2023,ECOG_PS
TRACERx_2023,LUSC,WXS,TRACERxLUSC_2023,Ethnicity
TRACERx_2023,LUSC,WXS,TRACERxLUSC_2023,First_DFS_any_event_rec_or_new_primary
TRACERx_2023,LUSC,WXS,TRACERxLUSC_2023,First_event_during_followup
TRACERx_2023,LUSC,WXS,TRACERxLUSC_2023,Gender
TRACERx_2023,LUSC,WXS,TRACERxLUSC_2023,Histology
TRACERx_2023,LUSC,WXS,TRACERxLUSC_2023,Histology_lesion1
TRACERx_2023,LUSC,WXS,TRACERxLUSC_2023,Histology_lesion1_merged
TRACERx_2023,LUSC,WXS,TRACERxLUSC_2023,Histology_lesion2
TRACERx_2023,LUSC,WXS,TRACERxLUSC_2023,Histology_multi_full
TRACERx_2023,LUSC,WXS,TRACERxLUSC_2023,Histology_multi_full_genomically_confirmed
TRACERx_2023,LUSC,WXS,TRACERxLUSC_2023,Is_family_lung
TRACERx_2023,LUSC,WXS,TRACERxLUSC_2023,Lesion1_sampled
TRACERx_2023,LUSC,WXS,TRACERxLUSC_2023,Lesion2_sampled
TRACERx_2023,LUSC,WXS,TRACERxLUSC_2023,Lung_event_time
TRACERx_2023,LUSC,WXS,TRACERxLUSC_2023,LVI_per_patient
TRACERx_2023,LUSC,WXS,TRACERxLUSC_2023,Margin_status_per_patient
TRACERx_2023,LUSC,WXS,TRACERxLUSC_2023,MP_m_score
TRACERx_2023,LUSC,WXS,TRACERxLUSC_2023,MP_m_subtype
TRACERx_2023,LUSC,WXS,TRACERxLUSC_2023,MP_r_subtype
TRACERx_2023,LUSC,WXS,TRACERxLUSC_2023,N_stage
TRACERx_2023,LUSC,WXS,TRACERxLUSC_2023,NewPrim_time_use
TRACERx_2023,LUSC,WXS,TRACERxLUSC_2023,Num_cycle_na_added
TRACERx_2023,LUSC,WXS,TRACERxLUSC_2023,OS
TRACERx_2023,LUSC,WXS,TRACERxLUSC_2023,OS_status
TRACERx_2023,LUSC,WXS,TRACERxLUSC_2023,Pack_years
TRACERx_2023,LUSC,WXS,TRACERxLUSC_2023,PL_per_patient
TRACERx_2023,LUSC,WXS,TRACERxLUSC_2023,Pre-op_ctD_Tx100
TRACERx_2023,LUSC,WXS,TRACERxLUSC_2023,Race
TRACERx_2023,LUSC,WXS,TRACERxLUSC_2023,Recurrence_time_use
TRACERx_2023,LUSC,WXS,TRACERxLUSC_2023,Relapse_site_and_category
TRACERx_2023,LUSC,WXS,TRACERxLUSC_2023,Relapse_site_and_category_new
TRACERx_2023,LUSC,WXS,TRACERxLUSC_2023,Site_of_Finding
TRACERx_2023,LUSC,WXS,TRACERxLUSC_2023,Size_pathology_per_patient
TRACERx_2023,LUSC,WXS,TRACERxLUSC_2023,Smoking_status
TRACERx_2023,LUSC,WXS,TRACERxLUSC_2023,Smoking_years
TRACERx_2023,LUSC,WXS,TRACERxLUSC_2023,Stage
TRACERx_2023,LUSC,WXS,TRACERxLUSC_2023,Surgery_type
TRACERx_2023,LUSC,WXS,TRACERxLUSC_2023,T_stage
TRACERx_2023,LUSC,WXS,TRACERxLUSC_2023,Timing
TRACERx_2023,LUSC,WXS,TRACERxLUSC_2023,Tumor/Normal
TRACERx_2023,LUSC,WXS,TRACERxLUSC_2023,Cancer type
Um_2016,LUAD,WXS,UmLUAD_2016,Age
Um_2016,LUAD,WXS,UmLUAD_2016,Chemotherapy
Um_2016,LUAD,WXS,UmLUAD_2016,Classical_m_score
Um_2016,LUAD,WXS,UmLUAD_2016,Classical_m_subtype
Um_2016,LUAD,WXS,UmLUAD_2016,DFS_status
Um_2016,LUAD,WXS,UmLUAD_2016,Driver_subtype
Um_2016,LUAD,WXS,UmLUAD_2016,Primary/metastasis
Um_2016,LUAD,WXS,UmLUAD_2016,Gender
Um_2016,LUAD,WXS,UmLUAD_2016,MP_m_score
Um_2016,LUAD,WXS,UmLUAD_2016,MP_m_subtype
Um_2016,LUAD,WXS,UmLUAD_2016,Pack_years
Um_2016,LUAD,WXS,UmLUAD_2016,Race
Um_2016,LUAD,WXS,UmLUAD_2016,Smoking_status
Um_2016,LUAD,WXS,UmLUAD_2016,Targeted_therapy
Um_2016,LUAD,WXS,UmLUAD_2016,TMB_nonsynonymous
Um_2016,LUAD,WXS,UmLUAD_2016,Tumor/Normal
Um_2016,LUAD,WXS,UmLUAD_2016,TNM
Um_2016,LUAD,WXS,UmLUAD_2016,Tumor_size
Um_2016,LUAD,WXS,UmLUAD_2016,Cancer type
Um_2016,LUSC,WXS,UmLUSC_2016,Age
Um_2016,LUSC,WXS,UmLUSC_2016,Chemotherapy
Um_2016,LUSC,WXS,UmLUSC_2016,Classical_m_score
Um_2016,LUSC,WXS,UmLUSC_2016,Classical_m_subtype
Um_2016,LUSC,WXS,UmLUSC_2016,DFS_status
Um_2016,LUSC,WXS,UmLUSC_2016,Driver_subtype
Um_2016,LUSC,WXS,UmLUSC_2016,Primary/metastasis
Um_2016,LUSC,WXS,UmLUSC_2016,Gender
Um_2016,LUSC,WXS,UmLUSC_2016,MP_m_score
Um_2016,LUSC,WXS,UmLUSC_2016,MP_m_subtype
Um_2016,LUSC,WXS,UmLUSC_2016,Pack_years
Um_2016,LUSC,WXS,UmLUSC_2016,Race
Um_2016,LUSC,WXS,UmLUSC_2016,Smoking_status
Um_2016,LUSC,WXS,UmLUSC_2016,Targeted_therapy
Um_2016,LUSC,WXS,UmLUSC_2016,TMB_nonsynonymous
Um_2016,LUSC,WXS,UmLUSC_2016,Tumor/Normal
Um_2016,LUSC,WXS,UmLUSC_2016,TNM
Um_2016,LUSC,WXS,UmLUSC_2016,Tumor_size
Um_2016,LUSC,WXS,UmLUSC_2016,Cancer type
Umemura_2014,SCLC,WXS,Umemura_2014,Age
Umemura_2014,SCLC,WXS,Umemura_2014,Classical_m_score
Umemura_2014,SCLC,WXS,Umemura_2014,Classical_m_subtype
Umemura_2014,SCLC,WXS,Umemura_2014,Driver_subtype
Umemura_2014,SCLC,WXS,Umemura_2014,Primary/metastasis
Umemura_2014,SCLC,WXS,Umemura_2014,Gender
Umemura_2014,SCLC,WXS,Umemura_2014,Histology type
Umemura_2014,SCLC,WXS,Umemura_2014,Lymphatic_invasion
Umemura_2014,SCLC,WXS,Umemura_2014,M_stage
Umemura_2014,SCLC,WXS,Umemura_2014,MP_m_score
Umemura_2014,SCLC,WXS,Umemura_2014,MP_m_subtype
Umemura_2014,SCLC,WXS,Umemura_2014,N_stage
Umemura_2014,SCLC,WXS,Umemura_2014,Neuroendocrine_marker
Umemura_2014,SCLC,WXS,Umemura_2014,Pack_years
Umemura_2014,SCLC,WXS,Umemura_2014,Performance_status
Umemura_2014,SCLC,WXS,Umemura_2014,Pleural_invasion
Umemura_2014,SCLC,WXS,Umemura_2014,Race
Umemura_2014,SCLC,WXS,Umemura_2014,SNP_array
Umemura_2014,SCLC,WXS,Umemura_2014,Stage
Umemura_2014,SCLC,WXS,Umemura_2014,T_stage
Umemura_2014,SCLC,WXS,Umemura_2014,Tumor/Normal
Umemura_2014,SCLC,WXS,Umemura_2014,TNM
Umemura_2014,SCLC,WXS,Umemura_2014,Tumor_size_cm
Umemura_2014,SCLC,WXS,Umemura_2014,Cancer type
Umemura_2014,SCLC,WXS,Umemura_2014,Vascular_invasion
Umemura_2014,SCLC,WXS,Umemura_2014,WES
Vanguri_2022,LUAD,WXS,VanguriLUAD_2022,Age
Vanguri_2022,LUAD,WXS,VanguriLUAD_2022,ALBUMIN
Vanguri_2022,LUAD,WXS,VanguriLUAD_2022,ALK_mut
Vanguri_2022,LUAD,WXS,VanguriLUAD_2022,ALK_protein
Vanguri_2022,LUAD,WXS,VanguriLUAD_2022,ARCHER
Vanguri_2022,LUAD,WXS,VanguriLUAD_2022,ARID1A_mut
Vanguri_2022,LUAD,WXS,VanguriLUAD_2022,ARID1A_protein
Vanguri_2022,LUAD,WXS,VanguriLUAD_2022,Best of response
Vanguri_2022,LUAD,WXS,VanguriLUAD_2022,BRAF_mut
Vanguri_2022,LUAD,WXS,VanguriLUAD_2022,BRAF_protein
Vanguri_2022,LUAD,WXS,VanguriLUAD_2022,Classical_m_score
Vanguri_2022,LUAD,WXS,VanguriLUAD_2022,Classical_m_subtype
Vanguri_2022,LUAD,WXS,VanguriLUAD_2022,Clinical_PDL1_score
Vanguri_2022,LUAD,WXS,VanguriLUAD_2022,CT_SCAN_TYPE
Vanguri_2022,LUAD,WXS,VanguriLUAD_2022,CVR_TMB_cohort_percentile
Vanguri_2022,LUAD,WXS,VanguriLUAD_2022,CVR_TMB_score
Vanguri_2022,LUAD,WXS,VanguriLUAD_2022,CVR_TMB_TT_cohort_percentile
Vanguri_2022,LUAD,WXS,VanguriLUAD_2022,Cytology_fixation_type
Vanguri_2022,LUAD,WXS,VanguriLUAD_2022,Durable clinical benefit
Vanguri_2022,LUAD,WXS,VanguriLUAD_2022,DNLR
Vanguri_2022,LUAD,WXS,VanguriLUAD_2022,Driver_subtype
Vanguri_2022,LUAD,WXS,VanguriLUAD_2022,DRUG_LAST_ADMIN
Vanguri_2022,LUAD,WXS,VanguriLUAD_2022,DRUG_START
Vanguri_2022,LUAD,WXS,VanguriLUAD_2022,Primary/metastasis
Vanguri_2022,LUAD,WXS,VanguriLUAD_2022,ECOG
Vanguri_2022,LUAD,WXS,VanguriLUAD_2022,EGFR_mut
Vanguri_2022,LUAD,WXS,VanguriLUAD_2022,EGFR_protein
Vanguri_2022,LUAD,WXS,VanguriLUAD_2022,ERBB2_mut
Vanguri_2022,LUAD,WXS,VanguriLUAD_2022,ERBB2_protein
Vanguri_2022,LUAD,WXS,VanguriLUAD_2022,Gender
Vanguri_2022,LUAD,WXS,VanguriLUAD_2022,HALO_tumor_quality
Vanguri_2022,LUAD,WXS,VanguriLUAD_2022,Histology
Vanguri_2022,LUAD,WXS,VanguriLUAD_2022,Immunotherapy
Vanguri_2022,LUAD,WXS,VanguriLUAD_2022,IMPACT_PDL1_SAME
Vanguri_2022,LUAD,WXS,VanguriLUAD_2022,IO_DRUG
Vanguri_2022,LUAD,WXS,VanguriLUAD_2022,IO_LINE
Vanguri_2022,LUAD,WXS,VanguriLUAD_2022,JS_PDL1_score
Vanguri_2022,LUAD,WXS,VanguriLUAD_2022,Manual_annotation
Vanguri_2022,LUAD,WXS,VanguriLUAD_2022,MET_mut
Vanguri_2022,LUAD,WXS,VanguriLUAD_2022,MET_protein
Vanguri_2022,LUAD,WXS,VanguriLUAD_2022,Metastatic_site
Vanguri_2022,LUAD,WXS,VanguriLUAD_2022,MONO_COMBO
Vanguri_2022,LUAD,WXS,VanguriLUAD_2022,MP_m_score
Vanguri_2022,LUAD,WXS,VanguriLUAD_2022,MP_m_subtype
Vanguri_2022,LUAD,WXS,VanguriLUAD_2022,MSI_score
Vanguri_2022,LUAD,WXS,VanguriLUAD_2022,MSI_type
Vanguri_2022,LUAD,WXS,VanguriLUAD_2022,OS
Vanguri_2022,LUAD,WXS,VanguriLUAD_2022,OS_INT
Vanguri_2022,LUAD,WXS,VanguriLUAD_2022,OS_status
Vanguri_2022,LUAD,WXS,VanguriLUAD_2022,Pack_years
Vanguri_2022,LUAD,WXS,VanguriLUAD_2022,Path_slide_exists
Vanguri_2022,LUAD,WXS,VanguriLUAD_2022,PFS
Vanguri_2022,LUAD,WXS,VanguriLUAD_2022,PFS_date
Vanguri_2022,LUAD,WXS,VanguriLUAD_2022,PFS_status
Vanguri_2022,LUAD,WXS,VanguriLUAD_2022,PROTO_NUM
Vanguri_2022,LUAD,WXS,VanguriLUAD_2022,RET_mut
Vanguri_2022,LUAD,WXS,VanguriLUAD_2022,RET_protein
Vanguri_2022,LUAD,WXS,VanguriLUAD_2022,ROS1_mut
Vanguri_2022,LUAD,WXS,VanguriLUAD_2022,ROS1_protein
Vanguri_2022,LUAD,WXS,VanguriLUAD_2022,Sample_coverage
Vanguri_2022,LUAD,WXS,VanguriLUAD_2022,Sample_source
Vanguri_2022,LUAD,WXS,VanguriLUAD_2022,Smoking_status
Vanguri_2022,LUAD,WXS,VanguriLUAD_2022,Somatic_status
Vanguri_2022,LUAD,WXS,VanguriLUAD_2022,Status
Vanguri_2022,LUAD,WXS,VanguriLUAD_2022,STK11_mut
Vanguri_2022,LUAD,WXS,VanguriLUAD_2022,TMB
Vanguri_2022,LUAD,WXS,VanguriLUAD_2022,Tumor/Normal
Vanguri_2022,LUAD,WXS,VanguriLUAD_2022,Tumor_purity
Vanguri_2022,LUAD,WXS,VanguriLUAD_2022,TX_setting
Vanguri_2022,LUAD,WXS,VanguriLUAD_2022,Cancer type
Vanguri_2022,LUSC,WXS,VanguriLUSC_2022,Age
Vanguri_2022,LUSC,WXS,VanguriLUSC_2022,ALBUMIN
Vanguri_2022,LUSC,WXS,VanguriLUSC_2022,ALK_mut
Vanguri_2022,LUSC,WXS,VanguriLUSC_2022,ALK_protein
Vanguri_2022,LUSC,WXS,VanguriLUSC_2022,ARCHER
Vanguri_2022,LUSC,WXS,VanguriLUSC_2022,ARID1A_mut
Vanguri_2022,LUSC,WXS,VanguriLUSC_2022,ARID1A_protein
Vanguri_2022,LUSC,WXS,VanguriLUSC_2022,Best of response
Vanguri_2022,LUSC,WXS,VanguriLUSC_2022,BRAF_mut
Vanguri_2022,LUSC,WXS,VanguriLUSC_2022,BRAF_protein
Vanguri_2022,LUSC,WXS,VanguriLUSC_2022,Classical_m_score
Vanguri_2022,LUSC,WXS,VanguriLUSC_2022,Classical_m_subtype
Vanguri_2022,LUSC,WXS,VanguriLUSC_2022,Clinical_PDL1_score
Vanguri_2022,LUSC,WXS,VanguriLUSC_2022,CT_SCAN_TYPE
Vanguri_2022,LUSC,WXS,VanguriLUSC_2022,CVR_TMB_cohort_percentile
Vanguri_2022,LUSC,WXS,VanguriLUSC_2022,CVR_TMB_score
Vanguri_2022,LUSC,WXS,VanguriLUSC_2022,CVR_TMB_TT_cohort_percentile
Vanguri_2022,LUSC,WXS,VanguriLUSC_2022,Cytology_fixation_type
Vanguri_2022,LUSC,WXS,VanguriLUSC_2022,Durable clinical benefit
Vanguri_2022,LUSC,WXS,VanguriLUSC_2022,DNLR
Vanguri_2022,LUSC,WXS,VanguriLUSC_2022,Driver_subtype
Vanguri_2022,LUSC,WXS,VanguriLUSC_2022,DRUG_LAST_ADMIN
Vanguri_2022,LUSC,WXS,VanguriLUSC_2022,DRUG_START
Vanguri_2022,LUSC,WXS,VanguriLUSC_2022,Primary/metastasis
Vanguri_2022,LUSC,WXS,VanguriLUSC_2022,ECOG
Vanguri_2022,LUSC,WXS,VanguriLUSC_2022,EGFR_mut
Vanguri_2022,LUSC,WXS,VanguriLUSC_2022,EGFR_protein
Vanguri_2022,LUSC,WXS,VanguriLUSC_2022,ERBB2_mut
Vanguri_2022,LUSC,WXS,VanguriLUSC_2022,ERBB2_protein
Vanguri_2022,LUSC,WXS,VanguriLUSC_2022,Gender
Vanguri_2022,LUSC,WXS,VanguriLUSC_2022,HALO_tumor_quality
Vanguri_2022,LUSC,WXS,VanguriLUSC_2022,Histology
Vanguri_2022,LUSC,WXS,VanguriLUSC_2022,Immunotherapy
Vanguri_2022,LUSC,WXS,VanguriLUSC_2022,IMPACT_PDL1_SAME
Vanguri_2022,LUSC,WXS,VanguriLUSC_2022,IO_DRUG
Vanguri_2022,LUSC,WXS,VanguriLUSC_2022,IO_LINE
Vanguri_2022,LUSC,WXS,VanguriLUSC_2022,JS_PDL1_score
Vanguri_2022,LUSC,WXS,VanguriLUSC_2022,Manual_annotation
Vanguri_2022,LUSC,WXS,VanguriLUSC_2022,MET_mut
Vanguri_2022,LUSC,WXS,VanguriLUSC_2022,MET_protein
Vanguri_2022,LUSC,WXS,VanguriLUSC_2022,Metastatic_site
Vanguri_2022,LUSC,WXS,VanguriLUSC_2022,MONO_COMBO
Vanguri_2022,LUSC,WXS,VanguriLUSC_2022,MSI_score
Vanguri_2022,LUSC,WXS,VanguriLUSC_2022,MSI_type
Vanguri_2022,LUSC,WXS,VanguriLUSC_2022,OS
Vanguri_2022,LUSC,WXS,VanguriLUSC_2022,OS_INT
Vanguri_2022,LUSC,WXS,VanguriLUSC_2022,OS_status
Vanguri_2022,LUSC,WXS,VanguriLUSC_2022,Pack_years
Vanguri_2022,LUSC,WXS,VanguriLUSC_2022,Path_slide_exists
Vanguri_2022,LUSC,WXS,VanguriLUSC_2022,PDL1_tissue_site
Vanguri_2022,LUSC,WXS,VanguriLUSC_2022,PFS
Vanguri_2022,LUSC,WXS,VanguriLUSC_2022,PFS_date
Vanguri_2022,LUSC,WXS,VanguriLUSC_2022,PFS_status
Vanguri_2022,LUSC,WXS,VanguriLUSC_2022,PROTO_NUM
Vanguri_2022,LUSC,WXS,VanguriLUSC_2022,RET_mut
Vanguri_2022,LUSC,WXS,VanguriLUSC_2022,RET_protein
Vanguri_2022,LUSC,WXS,VanguriLUSC_2022,ROS1_mut
Vanguri_2022,LUSC,WXS,VanguriLUSC_2022,ROS1_protein
Vanguri_2022,LUSC,WXS,VanguriLUSC_2022,Sample_coverage
Vanguri_2022,LUSC,WXS,VanguriLUSC_2022,Sample_source
Vanguri_2022,LUSC,WXS,VanguriLUSC_2022,Smoking_status
Vanguri_2022,LUSC,WXS,VanguriLUSC_2022,Somatic_status
Vanguri_2022,LUSC,WXS,VanguriLUSC_2022,Status
Vanguri_2022,LUSC,WXS,VanguriLUSC_2022,STK11_mut
Vanguri_2022,LUSC,WXS,VanguriLUSC_2022,STK11_protein
Vanguri_2022,LUSC,WXS,VanguriLUSC_2022,TMB
Vanguri_2022,LUSC,WXS,VanguriLUSC_2022,Tumor/Normal
Vanguri_2022,LUSC,WXS,VanguriLUSC_2022,Tumor_purity
Vanguri_2022,LUSC,WXS,VanguriLUSC_2022,TX_setting
Vanguri_2022,LUSC,WXS,VanguriLUSC_2022,Cancer type
Walter_2012,LUAD,Methylome,Walter_2012,Classical_meth_subtype
Walter_2012,LUAD,Methylome,Walter_2012,Primary/metastasis
Walter_2012,LUAD,Methylome,Walter_2012,EGFR_type
Walter_2012,LUAD,Methylome,Walter_2012,EMT_score_Fluidigm
Walter_2012,LUAD,Methylome,Walter_2012,EMT_score_Infinium
Walter_2012,LUAD,Methylome,Walter_2012,EMT_type
Walter_2012,LUAD,Methylome,Walter_2012,MP_mh_subtype
Walter_2012,LUAD,Methylome,Walter_2012,MP_ml_subtype
Walter_2012,LUAD,Methylome,Walter_2012,Site_Of_Finding
Walter_2012,LUAD,Methylome,Walter_2012,Tarceva_IC50_渭m
Walter_2012,LUAD,Methylome,Walter_2012,Tumor/Normal
Walter_2012,LUAD,Methylome,Walter_2012,Cancer type
Wang_2017,LUAD,Array,WangLUAD_2017,Classical_meth_subtype
Wang_2017,LUAD,Array,WangLUAD_2017,Classical_r_subtype
Wang_2017,LUAD,Array,WangLUAD_2017,Primary/metastasis
Wang_2017,LUAD,Array,WangLUAD_2017,Gender
Wang_2017,LUAD,Array,WangLUAD_2017,MP_m_score
Wang_2017,LUAD,Array,WangLUAD_2017,MP_m_subtype
Wang_2017,LUAD,Array,WangLUAD_2017,MP_mh_subtype
Wang_2017,LUAD,Array,WangLUAD_2017,MP_ml_subtype
Wang_2017,LUAD,Array,WangLUAD_2017,MP_r_subtype
Wang_2017,LUAD,Array,WangLUAD_2017,Tumor/Normal
Wang_2017,LUAD,Array,WangLUAD_2017,Cancer type
Wang_2017,LUAD,Methylome,WangLUAD_2017,Classical_meth_subtype
Wang_2017,LUAD,Methylome,WangLUAD_2017,Classical_r_subtype
Wang_2017,LUAD,Methylome,WangLUAD_2017,Primary/metastasis
Wang_2017,LUAD,Methylome,WangLUAD_2017,Gender
Wang_2017,LUAD,Methylome,WangLUAD_2017,MP_m_score
Wang_2017,LUAD,Methylome,WangLUAD_2017,MP_m_subtype
Wang_2017,LUAD,Methylome,WangLUAD_2017,MP_mh_subtype
Wang_2017,LUAD,Methylome,WangLUAD_2017,MP_ml_subtype
Wang_2017,LUAD,Methylome,WangLUAD_2017,MP_r_subtype
Wang_2017,LUAD,Methylome,WangLUAD_2017,Tumor/Normal
Wang_2017,LUAD,Methylome,WangLUAD_2017,Cancer type
Wang_2017,LUAD,WXS,WangLUAD_2017,Classical_meth_subtype
Wang_2017,LUAD,WXS,WangLUAD_2017,Classical_r_subtype
Wang_2017,LUAD,WXS,WangLUAD_2017,Driver_subtype
Wang_2017,LUAD,WXS,WangLUAD_2017,Primary/metastasis
Wang_2017,LUAD,WXS,WangLUAD_2017,Gender
Wang_2017,LUAD,WXS,WangLUAD_2017,MP_m_score
Wang_2017,LUAD,WXS,WangLUAD_2017,MP_m_subtype
Wang_2017,LUAD,WXS,WangLUAD_2017,MP_mh_subtype
Wang_2017,LUAD,WXS,WangLUAD_2017,MP_ml_subtype
Wang_2017,LUAD,WXS,WangLUAD_2017,MP_r_subtype
Wang_2017,LUAD,WXS,WangLUAD_2017,Tumor/Normal
Wang_2017,LUAD,WXS,WangLUAD_2017,Cancer type
Wang_2017,LUSC,Array,WangLUSC_2017,Classical_meth_subtype
Wang_2017,LUSC,Array,WangLUSC_2017,Classical_r_subtype
Wang_2017,LUSC,Array,WangLUSC_2017,Primary/metastasis
Wang_2017,LUSC,Array,WangLUSC_2017,Gender
Wang_2017,LUSC,Array,WangLUSC_2017,MP_m_score
Wang_2017,LUSC,Array,WangLUSC_2017,MP_m_subtype
Wang_2017,LUSC,Array,WangLUSC_2017,MP_mh_subtype
Wang_2017,LUSC,Array,WangLUSC_2017,MP_ml_subtype
Wang_2017,LUSC,Array,WangLUSC_2017,MP_r_subtype
Wang_2017,LUSC,Array,WangLUSC_2017,Tumor/Normal
Wang_2017,LUSC,Array,WangLUSC_2017,Cancer type
Wang_2017,LUSC,Methylome,WangLUSC_2017,Classical_meth_subtype
Wang_2017,LUSC,Methylome,WangLUSC_2017,Classical_r_subtype
Wang_2017,LUSC,Methylome,WangLUSC_2017,Primary/metastasis
Wang_2017,LUSC,Methylome,WangLUSC_2017,Gender
Wang_2017,LUSC,Methylome,WangLUSC_2017,MP_m_score
Wang_2017,LUSC,Methylome,WangLUSC_2017,MP_m_subtype
Wang_2017,LUSC,Methylome,WangLUSC_2017,MP_mh_subtype
Wang_2017,LUSC,Methylome,WangLUSC_2017,MP_ml_subtype
Wang_2017,LUSC,Methylome,WangLUSC_2017,MP_r_subtype
Wang_2017,LUSC,Methylome,WangLUSC_2017,Tumor/Normal
Wang_2017,LUSC,Methylome,WangLUSC_2017,Cancer type
Wang_2017,LUSC,WXS,WangLUSC_2017,Classical_meth_subtype
Wang_2017,LUSC,WXS,WangLUSC_2017,Classical_r_subtype
Wang_2017,LUSC,WXS,WangLUSC_2017,Driver_subtype
Wang_2017,LUSC,WXS,WangLUSC_2017,Primary/metastasis
Wang_2017,LUSC,WXS,WangLUSC_2017,Gender
Wang_2017,LUSC,WXS,WangLUSC_2017,MP_m_score
Wang_2017,LUSC,WXS,WangLUSC_2017,MP_m_subtype
Wang_2017,LUSC,WXS,WangLUSC_2017,MP_mh_subtype
Wang_2017,LUSC,WXS,WangLUSC_2017,MP_ml_subtype
Wang_2017,LUSC,WXS,WangLUSC_2017,MP_r_subtype
Wang_2017,LUSC,WXS,WangLUSC_2017,Tumor/Normal
Wang_2017,LUSC,WXS,WangLUSC_2017,Cancer type
Wang_2019,LUAD,RNA-seq,WangLUAD_2019,Age
Wang_2019,LUAD,RNA-seq,WangLUAD_2019,Classical_r_subtype
Wang_2019,LUAD,RNA-seq,WangLUAD_2019,Primary/metastasis
Wang_2019,LUAD,RNA-seq,WangLUAD_2019,Family_history_of_malignant_tumor
Wang_2019,LUAD,RNA-seq,WangLUAD_2019,Gender
Wang_2019,LUAD,RNA-seq,WangLUAD_2019,LN_metastasis
Wang_2019,LUAD,RNA-seq,WangLUAD_2019,Max_Tumor_cm
Wang_2019,LUAD,RNA-seq,WangLUAD_2019,MP_r_subtype
Wang_2019,LUAD,RNA-seq,WangLUAD_2019,Personal_history_of_malignant_tumor
Wang_2019,LUAD,RNA-seq,WangLUAD_2019,Race
Wang_2019,LUAD,RNA-seq,WangLUAD_2019,Smoking_status
Wang_2019,LUAD,RNA-seq,WangLUAD_2019,Stage
Wang_2019,LUAD,RNA-seq,WangLUAD_2019,Tumor/Normal
Wang_2019,LUAD,RNA-seq,WangLUAD_2019,Cancer type
Wang_2019,LUSC,RNA-seq,WangLUSC_2019,Age
Wang_2019,LUSC,RNA-seq,WangLUSC_2019,Classical_r_subtype
Wang_2019,LUSC,RNA-seq,WangLUSC_2019,Primary/metastasis
Wang_2019,LUSC,RNA-seq,WangLUSC_2019,Family_history_of_malignant_tumor
Wang_2019,LUSC,RNA-seq,WangLUSC_2019,Gender
Wang_2019,LUSC,RNA-seq,WangLUSC_2019,LN_metastasis
Wang_2019,LUSC,RNA-seq,WangLUSC_2019,Max_Tumor_cm
Wang_2019,LUSC,RNA-seq,WangLUSC_2019,MP_r_subtype
Wang_2019,LUSC,RNA-seq,WangLUSC_2019,Personal_history_of_malignant_tumor
Wang_2019,LUSC,RNA-seq,WangLUSC_2019,Race
Wang_2019,LUSC,RNA-seq,WangLUSC_2019,Smoking_status
Wang_2019,LUSC,RNA-seq,WangLUSC_2019,Stage
Wang_2019,LUSC,RNA-seq,WangLUSC_2019,Tumor/Normal
Wang_2019,LUSC,RNA-seq,WangLUSC_2019,Cancer type
Wang_2020,LUAD,WXS,Wang_2020,Age
Wang_2020,LUAD,WXS,Wang_2020,Chemotherapy
Wang_2020,LUAD,WXS,Wang_2020,Classical_m_score
Wang_2020,LUAD,WXS,Wang_2020,Classical_m_subtype
Wang_2020,LUAD,WXS,Wang_2020,Driver_subtype
Wang_2020,LUAD,WXS,Wang_2020,Primary/metastasis
Wang_2020,LUAD,WXS,Wang_2020,Gender
Wang_2020,LUAD,WXS,Wang_2020,Histology early type
Wang_2020,LUAD,WXS,Wang_2020,Immunotherapy
Wang_2020,LUAD,WXS,Wang_2020,N_stage
Wang_2020,LUAD,WXS,Wang_2020,Panels
Wang_2020,LUAD,WXS,Wang_2020,Smoking_status
Wang_2020,LUAD,WXS,Wang_2020,Stage
Wang_2020,LUAD,WXS,Wang_2020,T_stage
Wang_2020,LUAD,WXS,Wang_2020,Targeted_therapy
Wang_2020,LUAD,WXS,Wang_2020,Tumor/Normal
Wang_2020,LUAD,WXS,Wang_2020,TNM
Wang_2020,LUAD,WXS,Wang_2020,Treatment
Wang_2020,LUAD,WXS,Wang_2020,Cancer type
Woldmar_2023,LUAD,Proteomics,Woldmar_2023,Adjuvant chemotherapy
Woldmar_2023,LUAD,Proteomics,Woldmar_2023,Adjacent tissue
Woldmar_2023,LUAD,Proteomics,Woldmar_2023,Age
Woldmar_2023,LUAD,Proteomics,Woldmar_2023,Brain metastases
Woldmar_2023,LUAD,Proteomics,Woldmar_2023,Chemotherapy
Woldmar_2023,LUAD,Proteomics,Woldmar_2023,Classical_p_subtype
Woldmar_2023,LUAD,Proteomics,Woldmar_2023,COPD
Woldmar_2023,LUAD,Proteomics,Woldmar_2023,DSS
Woldmar_2023,LUAD,Proteomics,Woldmar_2023,Primary/metastasis
Woldmar_2023,LUAD,Proteomics,Woldmar_2023,EGFR_mut
Woldmar_2023,LUAD,Proteomics,Woldmar_2023,EGFR_mut_type
Woldmar_2023,LUAD,Proteomics,Woldmar_2023,Gender
Woldmar_2023,LUAD,Proteomics,Woldmar_2023,KRAS_mut
Woldmar_2023,LUAD,Proteomics,Woldmar_2023,KRAS_mut_type
Woldmar_2023,LUAD,Proteomics,Woldmar_2023,Lung-brain interval
Woldmar_2023,LUAD,Proteomics,Woldmar_2023,Lymphatic score
Woldmar_2023,LUAD,Proteomics,Woldmar_2023,Lymphocyte density score
Woldmar_2023,LUAD,Proteomics,Woldmar_2023,Lymphocyte distribution score
Woldmar_2023,LUAD,Proteomics,Woldmar_2023,M_stage
Woldmar_2023,LUAD,Proteomics,Woldmar_2023,MP_p_subtype
Woldmar_2023,LUAD,Proteomics,Woldmar_2023,Mucin production score
Woldmar_2023,LUAD,Proteomics,Woldmar_2023,N_stage
Woldmar_2023,LUAD,Proteomics,Woldmar_2023,Necrosis score
Woldmar_2023,LUAD,Proteomics,Woldmar_2023,OS
Woldmar_2023,LUAD,Proteomics,Woldmar_2023,Post-op_ chemo
Woldmar_2023,LUAD,Proteomics,Woldmar_2023,Pre-op chemo_brain_metastasis
Woldmar_2023,LUAD,Proteomics,Woldmar_2023,Pre-op steroid_brain_metastasis
Woldmar_2023,LUAD,Proteomics,Woldmar_2023,Progression to brain metastasis
Woldmar_2023,LUAD,Proteomics,Woldmar_2023,Smoking_status
Woldmar_2023,LUAD,Proteomics,Woldmar_2023,Stage
Woldmar_2023,LUAD,Proteomics,Woldmar_2023,Stromal density score
Woldmar_2023,LUAD,Proteomics,Woldmar_2023,Survival from brain surgery
Woldmar_2023,LUAD,Proteomics,Woldmar_2023,T_stage
Woldmar_2023,LUAD,Proteomics,Woldmar_2023,Tumor/Normal
Woldmar_2023,LUAD,Proteomics,Woldmar_2023,TNM
Woldmar_2023,LUAD,Proteomics,Woldmar_2023,Tumor content
Woldmar_2023,LUAD,Proteomics,Woldmar_2023,Tumor necrosis
Woldmar_2023,LUAD,Proteomics,Woldmar_2023,Cancer type
Woldmar_2023,LUAD,Proteomics,Woldmar_2023,Vascularization score
Wu_2022,LUAD,WXS,WuLUAD_2022,Age
Wu_2022,LUAD,WXS,WuLUAD_2022,Chemotherapy
Wu_2022,LUAD,WXS,WuLUAD_2022,Classical_m_score
Wu_2022,LUAD,WXS,WuLUAD_2022,Classical_m_subtype
Wu_2022,LUAD,WXS,WuLUAD_2022,Coverage_mean
Wu_2022,LUAD,WXS,WuLUAD_2022,DNA_input
Wu_2022,LUAD,WXS,WuLUAD_2022,Driver_subtype
Wu_2022,LUAD,WXS,WuLUAD_2022,Primary/metastasis
Wu_2022,LUAD,WXS,WuLUAD_2022,Gender
Wu_2022,LUAD,WXS,WuLUAD_2022,Immunotherapy
Wu_2022,LUAD,WXS,WuLUAD_2022,MP_m_score
Wu_2022,LUAD,WXS,WuLUAD_2022,MP_m_subtype
Wu_2022,LUAD,WXS,WuLUAD_2022,Race
Wu_2022,LUAD,WXS,WuLUAD_2022,Smoking_status
Wu_2022,LUAD,WXS,WuLUAD_2022,Specimen_preservation_type
Wu_2022,LUAD,WXS,WuLUAD_2022,Specimen_type
Wu_2022,LUAD,WXS,WuLUAD_2022,Stage
Wu_2022,LUAD,WXS,WuLUAD_2022,Targeted_therapy
Wu_2022,LUAD,WXS,WuLUAD_2022,TMB_nonsynonymous
Wu_2022,LUAD,WXS,WuLUAD_2022,Tumor/Normal
Wu_2022,LUAD,WXS,WuLUAD_2022,Treatment
Wu_2022,LUAD,WXS,WuLUAD_2022,Tumor_purity
Wu_2022,LUAD,WXS,WuLUAD_2022,Cancer type
Wu_2022,LUSC,WXS,WuLUSC_2022,Age
Wu_2022,LUSC,WXS,WuLUSC_2022,Chemotherapy
Wu_2022,LUSC,WXS,WuLUSC_2022,Classical_m_score
Wu_2022,LUSC,WXS,WuLUSC_2022,Classical_m_subtype
Wu_2022,LUSC,WXS,WuLUSC_2022,Coverage_mean
Wu_2022,LUSC,WXS,WuLUSC_2022,DNA_input
Wu_2022,LUSC,WXS,WuLUSC_2022,Driver_subtype
Wu_2022,LUSC,WXS,WuLUSC_2022,Primary/metastasis
Wu_2022,LUSC,WXS,WuLUSC_2022,Gender
Wu_2022,LUSC,WXS,WuLUSC_2022,Immunotherapy
Wu_2022,LUSC,WXS,WuLUSC_2022,MP_m_score
Wu_2022,LUSC,WXS,WuLUSC_2022,MP_m_subtype
Wu_2022,LUSC,WXS,WuLUSC_2022,Race
Wu_2022,LUSC,WXS,WuLUSC_2022,Smoking_status
Wu_2022,LUSC,WXS,WuLUSC_2022,Specimen_preservation_type
Wu_2022,LUSC,WXS,WuLUSC_2022,Specimen_type
Wu_2022,LUSC,WXS,WuLUSC_2022,Stage
Wu_2022,LUSC,WXS,WuLUSC_2022,Targeted_therapy
Wu_2022,LUSC,WXS,WuLUSC_2022,TMB_nonsynonymous
Wu_2022,LUSC,WXS,WuLUSC_2022,Tumor/Normal
Wu_2022,LUSC,WXS,WuLUSC_2022,Treatment
Wu_2022,LUSC,WXS,WuLUSC_2022,Tumor_purity
Wu_2022,LUSC,WXS,WuLUSC_2022,Cancer type
Wu_2022,SCLC,WXS,WuSCLC_2022,Age
Wu_2022,SCLC,WXS,WuSCLC_2022,Chemotherapy
Wu_2022,SCLC,WXS,WuSCLC_2022,Classical_m_score
Wu_2022,SCLC,WXS,WuSCLC_2022,Classical_m_subtype
Wu_2022,SCLC,WXS,WuSCLC_2022,Coverage_mean
Wu_2022,SCLC,WXS,WuSCLC_2022,DNA_input
Wu_2022,SCLC,WXS,WuSCLC_2022,Driver_subtype
Wu_2022,SCLC,WXS,WuSCLC_2022,Primary/metastasis
Wu_2022,SCLC,WXS,WuSCLC_2022,Gender
Wu_2022,SCLC,WXS,WuSCLC_2022,Immunotherapy
Wu_2022,SCLC,WXS,WuSCLC_2022,MP_m_score
Wu_2022,SCLC,WXS,WuSCLC_2022,MP_m_subtype
Wu_2022,SCLC,WXS,WuSCLC_2022,Race
Wu_2022,SCLC,WXS,WuSCLC_2022,Smoking_status
Wu_2022,SCLC,WXS,WuSCLC_2022,Specimen_preservation_type
Wu_2022,SCLC,WXS,WuSCLC_2022,Specimen_type
Wu_2022,SCLC,WXS,WuSCLC_2022,Stage
Wu_2022,SCLC,WXS,WuSCLC_2022,Targeted_therapy
Wu_2022,SCLC,WXS,WuSCLC_2022,TMB_nonsynonymous
Wu_2022,SCLC,WXS,WuSCLC_2022,Tumor/Normal
Wu_2022,SCLC,WXS,WuSCLC_2022,Treatment
Wu_2022,SCLC,WXS,WuSCLC_2022,Tumor_purity
Wu_2022,SCLC,WXS,WuSCLC_2022,Cancer type
Xu_2020,LUAD,Proteomics,Xu_2020,Age
Xu_2020,LUAD,Proteomics,Xu_2020,Age_Group
Xu_2020,LUAD,Proteomics,Xu_2020,CD8_level
Xu_2020,LUAD,Proteomics,Xu_2020,Classical_m_score
Xu_2020,LUAD,Proteomics,Xu_2020,Classical_m_subtype
Xu_2020,LUAD,Proteomics,Xu_2020,Classical_p_subtype
Xu_2020,LUAD,Proteomics,Xu_2020,Classical_r_subtype
Xu_2020,LUAD,Proteomics,Xu_2020,Degree_of_differentiation
Xu_2020,LUAD,Proteomics,Xu_2020,DFS
Xu_2020,LUAD,Proteomics,Xu_2020,DFS_day
Xu_2020,LUAD,Proteomics,Xu_2020,DFS_status
Xu_2020,LUAD,Proteomics,Xu_2020,Primary/metastasis
Xu_2020,LUAD,Proteomics,Xu_2020,EGFR_mut
Xu_2020,LUAD,Proteomics,Xu_2020,Gender
Xu_2020,LUAD,Proteomics,Xu_2020,Gross_tumor_volume
Xu_2020,LUAD,Proteomics,Xu_2020,Histological_Subtypes
Xu_2020,LUAD,Proteomics,Xu_2020,Histology type
Xu_2020,LUAD,Proteomics,Xu_2020,HLA_DR_in_TILs
Xu_2020,LUAD,Proteomics,Xu_2020,HLA_DR_in_tumor_cells
Xu_2020,LUAD,Proteomics,Xu_2020,Immune cells percentage
Xu_2020,LUAD,Proteomics,Xu_2020,KRAS_mut
Xu_2020,LUAD,Proteomics,Xu_2020,MP_m_score
Xu_2020,LUAD,Proteomics,Xu_2020,MP_m_subtype
Xu_2020,LUAD,Proteomics,Xu_2020,MP_p_subtype
Xu_2020,LUAD,Proteomics,Xu_2020,MP_r_subtype
Xu_2020,LUAD,Proteomics,Xu_2020,Mutation_counts
Xu_2020,LUAD,Proteomics,Xu_2020,Necrosis_Perc
Xu_2020,LUAD,Proteomics,Xu_2020,Normal_tissue_Perc
Xu_2020,LUAD,Proteomics,Xu_2020,OS
Xu_2020,LUAD,Proteomics,Xu_2020,OS_day
Xu_2020,LUAD,Proteomics,Xu_2020,OS_status
Xu_2020,LUAD,Proteomics,Xu_2020,Protein_CC_subtype
Xu_2020,LUAD,Proteomics,Xu_2020,Race
Xu_2020,LUAD,Proteomics,Xu_2020,Refer_protein_subtype
Xu_2020,LUAD,Proteomics,Xu_2020,Smoking_status
Xu_2020,LUAD,Proteomics,Xu_2020,Stage
Xu_2020,LUAD,Proteomics,Xu_2020,Stroma percentage
Xu_2020,LUAD,Proteomics,Xu_2020,Tumor/Normal
Xu_2020,LUAD,Proteomics,Xu_2020,TNM
Xu_2020,LUAD,Proteomics,Xu_2020,TP53_mut
Xu_2020,LUAD,Proteomics,Xu_2020,Tumor_purity_Perc
Xu_2020,LUAD,Proteomics,Xu_2020,Cancer type
Xu_2020,LUAD,RNA-seq,Xu_2020,Age
Xu_2020,LUAD,RNA-seq,Xu_2020,Age_Group
Xu_2020,LUAD,RNA-seq,Xu_2020,CD8_level
Xu_2020,LUAD,RNA-seq,Xu_2020,Classical_m_score
Xu_2020,LUAD,RNA-seq,Xu_2020,Classical_m_subtype
Xu_2020,LUAD,RNA-seq,Xu_2020,Classical_p_subtype
Xu_2020,LUAD,RNA-seq,Xu_2020,Classical_r_subtype
Xu_2020,LUAD,RNA-seq,Xu_2020,Degree_of_differentiation
Xu_2020,LUAD,RNA-seq,Xu_2020,DFS
Xu_2020,LUAD,RNA-seq,Xu_2020,DFS_day
Xu_2020,LUAD,RNA-seq,Xu_2020,DFS_status
Xu_2020,LUAD,RNA-seq,Xu_2020,Primary/metastasis
Xu_2020,LUAD,RNA-seq,Xu_2020,EGFR_mut
Xu_2020,LUAD,RNA-seq,Xu_2020,Gender
Xu_2020,LUAD,RNA-seq,Xu_2020,Gross_tumor_volume
Xu_2020,LUAD,RNA-seq,Xu_2020,Histological_Subtypes
Xu_2020,LUAD,RNA-seq,Xu_2020,Histology type
Xu_2020,LUAD,RNA-seq,Xu_2020,HLA_DR_in_TILs
Xu_2020,LUAD,RNA-seq,Xu_2020,HLA_DR_in_tumor_cells
Xu_2020,LUAD,RNA-seq,Xu_2020,Immune cells percentage
Xu_2020,LUAD,RNA-seq,Xu_2020,KRAS_mut
Xu_2020,LUAD,RNA-seq,Xu_2020,MP_m_score
Xu_2020,LUAD,RNA-seq,Xu_2020,MP_m_subtype
Xu_2020,LUAD,RNA-seq,Xu_2020,MP_p_subtype
Xu_2020,LUAD,RNA-seq,Xu_2020,MP_r_subtype
Xu_2020,LUAD,RNA-seq,Xu_2020,Mutation_counts
Xu_2020,LUAD,RNA-seq,Xu_2020,Necrosis_Perc
Xu_2020,LUAD,RNA-seq,Xu_2020,Normal_tissue_Perc
Xu_2020,LUAD,RNA-seq,Xu_2020,OS
Xu_2020,LUAD,RNA-seq,Xu_2020,OS_day
Xu_2020,LUAD,RNA-seq,Xu_2020,OS_status
Xu_2020,LUAD,RNA-seq,Xu_2020,Race
Xu_2020,LUAD,RNA-seq,Xu_2020,Smoking_status
Xu_2020,LUAD,RNA-seq,Xu_2020,Stage
Xu_2020,LUAD,RNA-seq,Xu_2020,Stroma percentage
Xu_2020,LUAD,RNA-seq,Xu_2020,Tumor/Normal
Xu_2020,LUAD,RNA-seq,Xu_2020,TNM
Xu_2020,LUAD,RNA-seq,Xu_2020,TP53_mut
Xu_2020,LUAD,RNA-seq,Xu_2020,Tumor_purity_Perc
Xu_2020,LUAD,RNA-seq,Xu_2020,Cancer type
Xu_2020,LUAD,WXS,Xu_2020,Age
Xu_2020,LUAD,WXS,Xu_2020,Age_Group
Xu_2020,LUAD,WXS,Xu_2020,CD8_level
Xu_2020,LUAD,WXS,Xu_2020,Classical_m_score
Xu_2020,LUAD,WXS,Xu_2020,Classical_m_subtype
Xu_2020,LUAD,WXS,Xu_2020,Classical_p_subtype
Xu_2020,LUAD,WXS,Xu_2020,Classical_r_subtype
Xu_2020,LUAD,WXS,Xu_2020,Degree_of_differentiation
Xu_2020,LUAD,WXS,Xu_2020,DFS
Xu_2020,LUAD,WXS,Xu_2020,DFS_day
Xu_2020,LUAD,WXS,Xu_2020,DFS_status
Xu_2020,LUAD,WXS,Xu_2020,Driver_subtype
Xu_2020,LUAD,WXS,Xu_2020,Primary/metastasis
Xu_2020,LUAD,WXS,Xu_2020,EGFR_mut
Xu_2020,LUAD,WXS,Xu_2020,Gender
Xu_2020,LUAD,WXS,Xu_2020,Gross_tumor_volume
Xu_2020,LUAD,WXS,Xu_2020,Histological_Subtypes
Xu_2020,LUAD,WXS,Xu_2020,Histology type
Xu_2020,LUAD,WXS,Xu_2020,HLA_DR_in_TILs
Xu_2020,LUAD,WXS,Xu_2020,HLA_DR_in_tumor_cells
Xu_2020,LUAD,WXS,Xu_2020,Immune cells percentage
Xu_2020,LUAD,WXS,Xu_2020,KRAS_mut
Xu_2020,LUAD,WXS,Xu_2020,MP_m_score
Xu_2020,LUAD,WXS,Xu_2020,MP_m_subtype
Xu_2020,LUAD,WXS,Xu_2020,MP_p_subtype
Xu_2020,LUAD,WXS,Xu_2020,MP_r_subtype
Xu_2020,LUAD,WXS,Xu_2020,Mutation_counts
Xu_2020,LUAD,WXS,Xu_2020,Necrosis_Perc
Xu_2020,LUAD,WXS,Xu_2020,Normal_tissue_Perc
Xu_2020,LUAD,WXS,Xu_2020,OS
Xu_2020,LUAD,WXS,Xu_2020,OS_day
Xu_2020,LUAD,WXS,Xu_2020,OS_status
Xu_2020,LUAD,WXS,Xu_2020,Race
Xu_2020,LUAD,WXS,Xu_2020,Smoking_status
Xu_2020,LUAD,WXS,Xu_2020,Stage
Xu_2020,LUAD,WXS,Xu_2020,Stroma percentage
Xu_2020,LUAD,WXS,Xu_2020,Tumor/Normal
Xu_2020,LUAD,WXS,Xu_2020,TNM
Xu_2020,LUAD,WXS,Xu_2020,TP53_mut
Xu_2020,LUAD,WXS,Xu_2020,Tumor_purity_Perc
Xu_2020,LUAD,WXS,Xu_2020,Cancer type
Yoo_2022,LUAD,RNA-seq,Yoo_2022,Age
Yoo_2022,LUAD,RNA-seq,Yoo_2022,Classical_r_subtype
Yoo_2022,LUAD,RNA-seq,Yoo_2022,Primary/metastasis
Yoo_2022,LUAD,RNA-seq,Yoo_2022,EGFR_mut
Yoo_2022,LUAD,RNA-seq,Yoo_2022,Gender
Yoo_2022,LUAD,RNA-seq,Yoo_2022,Histology type
Yoo_2022,LUAD,RNA-seq,Yoo_2022,Histology early type
Yoo_2022,LUAD,RNA-seq,Yoo_2022,Invasive
Yoo_2022,LUAD,RNA-seq,Yoo_2022,KRAS_mut
Yoo_2022,LUAD,RNA-seq,Yoo_2022,MP_r_subtype
Yoo_2022,LUAD,RNA-seq,Yoo_2022,Mutation
Yoo_2022,LUAD,RNA-seq,Yoo_2022,Tumor/Normal
Yoo_2022,LUAD,RNA-seq,Yoo_2022,TNM
Yoo_2022,LUAD,RNA-seq,Yoo_2022,TP53_mut
Yoo_2022,LUAD,RNA-seq,Yoo_2022,Cancer type
Yu_2023,LUAD,RNA-seq,Yu_2023,Classical_r_subtype
Yu_2023,LUAD,RNA-seq,Yu_2023,EGFR_TKI
Yu_2023,LUAD,RNA-seq,Yu_2023,MP_r_subtype
Yu_2023,LUAD,RNA-seq,Yu_2023,Ref_RNA_cluster
Yu_2023,LUAD,RNA-seq,Yu_2023,Source
Yu_2023,LUAD,RNA-seq,Yu_2023,Targeted_therapy
Yu_2023,LUAD,RNA-seq,Yu_2023,Tumor/Normal
Yu_2023,LUAD,RNA-seq,Yu_2023,Cancer type
Zehir_2017,LUAD,WXS,ZehirLUAD_2017,Classical_m_score
Zehir_2017,LUAD,WXS,ZehirLUAD_2017,Classical_m_subtype
Zehir_2017,LUAD,WXS,ZehirLUAD_2017,DNA_input
Zehir_2017,LUAD,WXS,ZehirLUAD_2017,Driver_subtype
Zehir_2017,LUAD,WXS,ZehirLUAD_2017,Primary/metastasis
Zehir_2017,LUAD,WXS,ZehirLUAD_2017,Gender
Zehir_2017,LUAD,WXS,ZehirLUAD_2017,Matched_status
Zehir_2017,LUAD,WXS,ZehirLUAD_2017,Metastasis_site
Zehir_2017,LUAD,WXS,ZehirLUAD_2017,MP_m_score
Zehir_2017,LUAD,WXS,ZehirLUAD_2017,MP_m_subtype
Zehir_2017,LUAD,WXS,ZehirLUAD_2017,OS
Zehir_2017,LUAD,WXS,ZehirLUAD_2017,OS_status
Zehir_2017,LUAD,WXS,ZehirLUAD_2017,Primary_site
Zehir_2017,LUAD,WXS,ZehirLUAD_2017,Sample_coverage
Zehir_2017,LUAD,WXS,ZehirLUAD_2017,Sample_source
Zehir_2017,LUAD,WXS,ZehirLUAD_2017,Smoking_status
Zehir_2017,LUAD,WXS,ZehirLUAD_2017,Somatic_status
Zehir_2017,LUAD,WXS,ZehirLUAD_2017,Specimen_preservation_type
Zehir_2017,LUAD,WXS,ZehirLUAD_2017,Specimen_type
Zehir_2017,LUAD,WXS,ZehirLUAD_2017,TMB_nonsynonymous
Zehir_2017,LUAD,WXS,ZehirLUAD_2017,Tumor/Normal
Zehir_2017,LUAD,WXS,ZehirLUAD_2017,Tumor_purity
Zehir_2017,LUAD,WXS,ZehirLUAD_2017,Cancer type
Zehir_2017,LUSC,WXS,ZehirLUSC_2017,Classical_m_score
Zehir_2017,LUSC,WXS,ZehirLUSC_2017,Classical_m_subtype
Zehir_2017,LUSC,WXS,ZehirLUSC_2017,DNA_input
Zehir_2017,LUSC,WXS,ZehirLUSC_2017,Driver_subtype
Zehir_2017,LUSC,WXS,ZehirLUSC_2017,Primary/metastasis
Zehir_2017,LUSC,WXS,ZehirLUSC_2017,Gender
Zehir_2017,LUSC,WXS,ZehirLUSC_2017,Matched_status
Zehir_2017,LUSC,WXS,ZehirLUSC_2017,Metastasis_site
Zehir_2017,LUSC,WXS,ZehirLUSC_2017,MP_m_score
Zehir_2017,LUSC,WXS,ZehirLUSC_2017,MP_m_subtype
Zehir_2017,LUSC,WXS,ZehirLUSC_2017,OS
Zehir_2017,LUSC,WXS,ZehirLUSC_2017,OS_status
Zehir_2017,LUSC,WXS,ZehirLUSC_2017,Primary_site
Zehir_2017,LUSC,WXS,ZehirLUSC_2017,Sample_coverage
Zehir_2017,LUSC,WXS,ZehirLUSC_2017,Sample_source
Zehir_2017,LUSC,WXS,ZehirLUSC_2017,Smoking_status
Zehir_2017,LUSC,WXS,ZehirLUSC_2017,Somatic_status
Zehir_2017,LUSC,WXS,ZehirLUSC_2017,Specimen_preservation_type
Zehir_2017,LUSC,WXS,ZehirLUSC_2017,Specimen_type
Zehir_2017,LUSC,WXS,ZehirLUSC_2017,TMB_nonsynonymous
Zehir_2017,LUSC,WXS,ZehirLUSC_2017,Tumor/Normal
Zehir_2017,LUSC,WXS,ZehirLUSC_2017,Tumor_purity
Zehir_2017,LUSC,WXS,ZehirLUSC_2017,Cancer type
Zehir_2017,SCLC,WXS,ZehirSCLC_2017,Classical_m_score
Zehir_2017,SCLC,WXS,ZehirSCLC_2017,Classical_m_subtype
Zehir_2017,SCLC,WXS,ZehirSCLC_2017,DNA_input
Zehir_2017,SCLC,WXS,ZehirSCLC_2017,Driver_subtype
Zehir_2017,SCLC,WXS,ZehirSCLC_2017,Primary/metastasis
Zehir_2017,SCLC,WXS,ZehirSCLC_2017,Gender
Zehir_2017,SCLC,WXS,ZehirSCLC_2017,Matched_status
Zehir_2017,SCLC,WXS,ZehirSCLC_2017,Metastasis_site
Zehir_2017,SCLC,WXS,ZehirSCLC_2017,MP_m_score
Zehir_2017,SCLC,WXS,ZehirSCLC_2017,MP_m_subtype
Zehir_2017,SCLC,WXS,ZehirSCLC_2017,OS
Zehir_2017,SCLC,WXS,ZehirSCLC_2017,OS_status
Zehir_2017,SCLC,WXS,ZehirSCLC_2017,Primary_site
Zehir_2017,SCLC,WXS,ZehirSCLC_2017,Sample_coverage
Zehir_2017,SCLC,WXS,ZehirSCLC_2017,Sample_source
Zehir_2017,SCLC,WXS,ZehirSCLC_2017,Smoking_status
Zehir_2017,SCLC,WXS,ZehirSCLC_2017,Somatic_status
Zehir_2017,SCLC,WXS,ZehirSCLC_2017,Specimen_preservation_type
Zehir_2017,SCLC,WXS,ZehirSCLC_2017,Specimen_type
Zehir_2017,SCLC,WXS,ZehirSCLC_2017,TMB_nonsynonymous
Zehir_2017,SCLC,WXS,ZehirSCLC_2017,Tumor/Normal
Zehir_2017,SCLC,WXS,ZehirSCLC_2017,Tumor_purity
Zehir_2017,SCLC,WXS,ZehirSCLC_2017,Cancer type
Zhang_2019,LUSC,RNA-seq,ZhangLUSC_2019,Chemotherapy
Zhang_2019,LUSC,RNA-seq,ZhangLUSC_2019,Classical_r_subtype
Zhang_2019,LUSC,RNA-seq,ZhangLUSC_2019,Primary/metastasis
Zhang_2019,LUSC,RNA-seq,ZhangLUSC_2019,LCT_type
Zhang_2019,LUSC,RNA-seq,ZhangLUSC_2019,MP_r_subtype
Zhang_2019,LUSC,RNA-seq,ZhangLUSC_2019,Race
Zhang_2019,LUSC,RNA-seq,ZhangLUSC_2019,Tumor/Normal
Zhang_2019,LUSC,RNA-seq,ZhangLUSC_2019,Cancer type
Zhang_2021,LUAD,RNA-seq,Zhang_2021,Age
Zhang_2021,LUAD,RNA-seq,Zhang_2021,Classical_m_score
Zhang_2021,LUAD,RNA-seq,Zhang_2021,Classical_m_subtype
Zhang_2021,LUAD,RNA-seq,Zhang_2021,Classical_r_subtype
Zhang_2021,LUAD,RNA-seq,Zhang_2021,Primary/metastasis
Zhang_2021,LUAD,RNA-seq,Zhang_2021,Gender
Zhang_2021,LUAD,RNA-seq,Zhang_2021,Grade
Zhang_2021,LUAD,RNA-seq,Zhang_2021,Histology
Zhang_2021,LUAD,RNA-seq,Zhang_2021,HLA_LOH
Zhang_2021,LUAD,RNA-seq,Zhang_2021,Mean_Coverage
Zhang_2021,LUAD,RNA-seq,Zhang_2021,MP_m_score
Zhang_2021,LUAD,RNA-seq,Zhang_2021,MP_m_subtype
Zhang_2021,LUAD,RNA-seq,Zhang_2021,MP_r_subtype
Zhang_2021,LUAD,RNA-seq,Zhang_2021,NRPCC
Zhang_2021,LUAD,RNA-seq,Zhang_2021,OS
Zhang_2021,LUAD,RNA-seq,Zhang_2021,OS_status
Zhang_2021,LUAD,RNA-seq,Zhang_2021,Passive_smoking
Zhang_2021,LUAD,RNA-seq,Zhang_2021,Ref_SCNA_zhang2021_subtype
Zhang_2021,LUAD,RNA-seq,Zhang_2021,Smoking_status
Zhang_2021,LUAD,RNA-seq,Zhang_2021,Stage
Zhang_2021,LUAD,RNA-seq,Zhang_2021,Study_Site
Zhang_2021,LUAD,RNA-seq,Zhang_2021,Subclonal_Mutation_Ratio
Zhang_2021,LUAD,RNA-seq,Zhang_2021,Tumor/Normal
Zhang_2021,LUAD,RNA-seq,Zhang_2021,Tumor_Ploidy
Zhang_2021,LUAD,RNA-seq,Zhang_2021,Tumor_Purity
Zhang_2021,LUAD,RNA-seq,Zhang_2021,Cancer type
Zhang_2021,LUAD,WXS,Zhang_2021,Age
Zhang_2021,LUAD,WXS,Zhang_2021,Classical_m_score
Zhang_2021,LUAD,WXS,Zhang_2021,Classical_m_subtype
Zhang_2021,LUAD,WXS,Zhang_2021,Classical_r_subtype
Zhang_2021,LUAD,WXS,Zhang_2021,Driver_subtype
Zhang_2021,LUAD,WXS,Zhang_2021,Primary/metastasis
Zhang_2021,LUAD,WXS,Zhang_2021,Gender
Zhang_2021,LUAD,WXS,Zhang_2021,Grade
Zhang_2021,LUAD,WXS,Zhang_2021,Histology
Zhang_2021,LUAD,WXS,Zhang_2021,HLA_LOH
Zhang_2021,LUAD,WXS,Zhang_2021,Mean_Coverage
Zhang_2021,LUAD,WXS,Zhang_2021,MP_m_score
Zhang_2021,LUAD,WXS,Zhang_2021,MP_m_subtype
Zhang_2021,LUAD,WXS,Zhang_2021,MP_r_subtype
Zhang_2021,LUAD,WXS,Zhang_2021,NRPCC
Zhang_2021,LUAD,WXS,Zhang_2021,OS
Zhang_2021,LUAD,WXS,Zhang_2021,OS_status
Zhang_2021,LUAD,WXS,Zhang_2021,Passive_smoking
Zhang_2021,LUAD,WXS,Zhang_2021,Ref_SCNA_zhang2021_subtype
Zhang_2021,LUAD,WXS,Zhang_2021,Smoking_status
Zhang_2021,LUAD,WXS,Zhang_2021,Stage
Zhang_2021,LUAD,WXS,Zhang_2021,Study_Site
Zhang_2021,LUAD,WXS,Zhang_2021,Subclonal_Mutation_Ratio
Zhang_2021,LUAD,WXS,Zhang_2021,Tumor/Normal
Zhang_2021,LUAD,WXS,Zhang_2021,Tumor_Ploidy
Zhang_2021,LUAD,WXS,Zhang_2021,Tumor_Purity
Zhang_2021,LUAD,WXS,Zhang_2021,Cancer type
Zhang-NC_2019,LUAD,RNA-seq,Zhang-NCLUAD_2019,Age
Zhang-NC_2019,LUAD,RNA-seq,Zhang-NCLUAD_2019,Classical_m_score
Zhang-NC_2019,LUAD,RNA-seq,Zhang-NCLUAD_2019,Classical_m_subtype
Zhang-NC_2019,LUAD,RNA-seq,Zhang-NCLUAD_2019,Classical_r_subtype
Zhang-NC_2019,LUAD,RNA-seq,Zhang-NCLUAD_2019,COPD
Zhang-NC_2019,LUAD,RNA-seq,Zhang-NCLUAD_2019,Primary/metastasis
Zhang-NC_2019,LUAD,RNA-seq,Zhang-NCLUAD_2019,Gender
Zhang-NC_2019,LUAD,RNA-seq,Zhang-NCLUAD_2019,M_stage
Zhang-NC_2019,LUAD,RNA-seq,Zhang-NCLUAD_2019,MP_m_score
Zhang-NC_2019,LUAD,RNA-seq,Zhang-NCLUAD_2019,MP_m_subtype
Zhang-NC_2019,LUAD,RNA-seq,Zhang-NCLUAD_2019,MP_r_subtype
Zhang-NC_2019,LUAD,RNA-seq,Zhang-NCLUAD_2019,N_stage
Zhang-NC_2019,LUAD,RNA-seq,Zhang-NCLUAD_2019,Pack_years
Zhang-NC_2019,LUAD,RNA-seq,Zhang-NCLUAD_2019,Race
Zhang-NC_2019,LUAD,RNA-seq,Zhang-NCLUAD_2019,Sample_source
Zhang-NC_2019,LUAD,RNA-seq,Zhang-NCLUAD_2019,Smoking_status
Zhang-NC_2019,LUAD,RNA-seq,Zhang-NCLUAD_2019,Stage
Zhang-NC_2019,LUAD,RNA-seq,Zhang-NCLUAD_2019,T_stage
Zhang-NC_2019,LUAD,RNA-seq,Zhang-NCLUAD_2019,Tumor/Normal
Zhang-NC_2019,LUAD,RNA-seq,Zhang-NCLUAD_2019,TNM
Zhang-NC_2019,LUAD,RNA-seq,Zhang-NCLUAD_2019,Treatment
Zhang-NC_2019,LUAD,RNA-seq,Zhang-NCLUAD_2019,Cancer type
Zhang-NC_2019,LUAD,RNA-seq,Zhang-NCLUAD_2019,Years_of_tobacco
Zhang-NC_2019,LUAD,WXS,Zhang-NCLUAD_2019,Age
Zhang-NC_2019,LUAD,WXS,Zhang-NCLUAD_2019,Batch
Zhang-NC_2019,LUAD,WXS,Zhang-NCLUAD_2019,Classical_m_score
Zhang-NC_2019,LUAD,WXS,Zhang-NCLUAD_2019,Classical_m_subtype
Zhang-NC_2019,LUAD,WXS,Zhang-NCLUAD_2019,Classical_r_subtype
Zhang-NC_2019,LUAD,WXS,Zhang-NCLUAD_2019,COPD
Zhang-NC_2019,LUAD,WXS,Zhang-NCLUAD_2019,Driver_subtype
Zhang-NC_2019,LUAD,WXS,Zhang-NCLUAD_2019,Primary/metastasis
Zhang-NC_2019,LUAD,WXS,Zhang-NCLUAD_2019,Gender
Zhang-NC_2019,LUAD,WXS,Zhang-NCLUAD_2019,M_stage
Zhang-NC_2019,LUAD,WXS,Zhang-NCLUAD_2019,MP_m_score
Zhang-NC_2019,LUAD,WXS,Zhang-NCLUAD_2019,MP_m_subtype
Zhang-NC_2019,LUAD,WXS,Zhang-NCLUAD_2019,MP_r_subtype
Zhang-NC_2019,LUAD,WXS,Zhang-NCLUAD_2019,N_stage
Zhang-NC_2019,LUAD,WXS,Zhang-NCLUAD_2019,Pack_years
Zhang-NC_2019,LUAD,WXS,Zhang-NCLUAD_2019,Race
Zhang-NC_2019,LUAD,WXS,Zhang-NCLUAD_2019,Sample_source
Zhang-NC_2019,LUAD,WXS,Zhang-NCLUAD_2019,Smoking_status
Zhang-NC_2019,LUAD,WXS,Zhang-NCLUAD_2019,Stage
Zhang-NC_2019,LUAD,WXS,Zhang-NCLUAD_2019,T_stage
Zhang-NC_2019,LUAD,WXS,Zhang-NCLUAD_2019,Tumor/Normal
Zhang-NC_2019,LUAD,WXS,Zhang-NCLUAD_2019,TNM
Zhang-NC_2019,LUAD,WXS,Zhang-NCLUAD_2019,Treatment
Zhang-NC_2019,LUAD,WXS,Zhang-NCLUAD_2019,Cancer type
Zhang-NC_2019,LUAD,WXS,Zhang-NCLUAD_2019,Years_of_tobacco
Zhang-NC_2019,LUSC,RNA-seq,Zhang-NCLUSC_2019,Age
Zhang-NC_2019,LUSC,RNA-seq,Zhang-NCLUSC_2019,Batch
Zhang-NC_2019,LUSC,RNA-seq,Zhang-NCLUSC_2019,Classical_m_score
Zhang-NC_2019,LUSC,RNA-seq,Zhang-NCLUSC_2019,Classical_m_subtype
Zhang-NC_2019,LUSC,RNA-seq,Zhang-NCLUSC_2019,Classical_r_subtype
Zhang-NC_2019,LUSC,RNA-seq,Zhang-NCLUSC_2019,COPD
Zhang-NC_2019,LUSC,RNA-seq,Zhang-NCLUSC_2019,Primary/metastasis
Zhang-NC_2019,LUSC,RNA-seq,Zhang-NCLUSC_2019,Gender
Zhang-NC_2019,LUSC,RNA-seq,Zhang-NCLUSC_2019,M_stage
Zhang-NC_2019,LUSC,RNA-seq,Zhang-NCLUSC_2019,MP_m_score
Zhang-NC_2019,LUSC,RNA-seq,Zhang-NCLUSC_2019,MP_m_subtype
Zhang-NC_2019,LUSC,RNA-seq,Zhang-NCLUSC_2019,MP_r_subtype
Zhang-NC_2019,LUSC,RNA-seq,Zhang-NCLUSC_2019,N_stage
Zhang-NC_2019,LUSC,RNA-seq,Zhang-NCLUSC_2019,Pack_years
Zhang-NC_2019,LUSC,RNA-seq,Zhang-NCLUSC_2019,Race
Zhang-NC_2019,LUSC,RNA-seq,Zhang-NCLUSC_2019,Sample_source
Zhang-NC_2019,LUSC,RNA-seq,Zhang-NCLUSC_2019,Smoking_status
Zhang-NC_2019,LUSC,RNA-seq,Zhang-NCLUSC_2019,Stage
Zhang-NC_2019,LUSC,RNA-seq,Zhang-NCLUSC_2019,T_stage
Zhang-NC_2019,LUSC,RNA-seq,Zhang-NCLUSC_2019,Tumor/Normal
Zhang-NC_2019,LUSC,RNA-seq,Zhang-NCLUSC_2019,TNM
Zhang-NC_2019,LUSC,RNA-seq,Zhang-NCLUSC_2019,Treatment
Zhang-NC_2019,LUSC,RNA-seq,Zhang-NCLUSC_2019,Cancer type
Zhang-NC_2019,LUSC,RNA-seq,Zhang-NCLUSC_2019,Years_of_tobacco
Zhang-NC_2019,LUSC,WXS,Zhang-NCLUSC_2019,Age
Zhang-NC_2019,LUSC,WXS,Zhang-NCLUSC_2019,Batch
Zhang-NC_2019,LUSC,WXS,Zhang-NCLUSC_2019,Classical_m_score
Zhang-NC_2019,LUSC,WXS,Zhang-NCLUSC_2019,Classical_m_subtype
Zhang-NC_2019,LUSC,WXS,Zhang-NCLUSC_2019,Classical_r_subtype
Zhang-NC_2019,LUSC,WXS,Zhang-NCLUSC_2019,COPD
Zhang-NC_2019,LUSC,WXS,Zhang-NCLUSC_2019,Driver_subtype
Zhang-NC_2019,LUSC,WXS,Zhang-NCLUSC_2019,Primary/metastasis
Zhang-NC_2019,LUSC,WXS,Zhang-NCLUSC_2019,Gender
Zhang-NC_2019,LUSC,WXS,Zhang-NCLUSC_2019,M_stage
Zhang-NC_2019,LUSC,WXS,Zhang-NCLUSC_2019,MP_m_score
Zhang-NC_2019,LUSC,WXS,Zhang-NCLUSC_2019,MP_m_subtype
Zhang-NC_2019,LUSC,WXS,Zhang-NCLUSC_2019,MP_r_subtype
Zhang-NC_2019,LUSC,WXS,Zhang-NCLUSC_2019,N_stage
Zhang-NC_2019,LUSC,WXS,Zhang-NCLUSC_2019,Pack_years
Zhang-NC_2019,LUSC,WXS,Zhang-NCLUSC_2019,Race
Zhang-NC_2019,LUSC,WXS,Zhang-NCLUSC_2019,Sample_source
Zhang-NC_2019,LUSC,WXS,Zhang-NCLUSC_2019,Smoking_status
Zhang-NC_2019,LUSC,WXS,Zhang-NCLUSC_2019,Stage
Zhang-NC_2019,LUSC,WXS,Zhang-NCLUSC_2019,T_stage
Zhang-NC_2019,LUSC,WXS,Zhang-NCLUSC_2019,Tumor/Normal
Zhang-NC_2019,LUSC,WXS,Zhang-NCLUSC_2019,TNM
Zhang-NC_2019,LUSC,WXS,Zhang-NCLUSC_2019,Treatment
Zhang-NC_2019,LUSC,WXS,Zhang-NCLUSC_2019,Cancer type
Zhang-NC_2019,LUSC,WXS,Zhang-NCLUSC_2019,Years_of_tobacco
Zhang-train_2023,LUAD,Methylome,ZhangLUAD-train_2023,Age
Zhang-train_2023,LUAD,Methylome,ZhangLUAD-train_2023,Classical_meth_subtype
Zhang-train_2023,LUAD,Methylome,ZhangLUAD-train_2023,Primary/metastasis
Zhang-train_2023,LUAD,Methylome,ZhangLUAD-train_2023,Gender
Zhang-train_2023,LUAD,Methylome,ZhangLUAD-train_2023,MP_mh_subtype
Zhang-train_2023,LUAD,Methylome,ZhangLUAD-train_2023,MP_ml_subtype
Zhang-train_2023,LUAD,Methylome,ZhangLUAD-train_2023,Specimen_type
Zhang-train_2023,LUAD,Methylome,ZhangLUAD-train_2023,Stage
Zhang-train_2023,LUAD,Methylome,ZhangLUAD-train_2023,Tumor/Normal
Zhang-train_2023,LUAD,Methylome,ZhangLUAD-train_2023,Cancer type
Zhang-train_2023,LUSC,Methylome,ZhangLUSC-train_2023,Age
Zhang-train_2023,LUSC,Methylome,ZhangLUSC-train_2023,Classical_meth_subtype
Zhang-train_2023,LUSC,Methylome,ZhangLUSC-train_2023,Primary/metastasis
Zhang-train_2023,LUSC,Methylome,ZhangLUSC-train_2023,Gender
Zhang-train_2023,LUSC,Methylome,ZhangLUSC-train_2023,MP_mh_subtype
Zhang-train_2023,LUSC,Methylome,ZhangLUSC-train_2023,MP_ml_subtype
Zhang-train_2023,LUSC,Methylome,ZhangLUSC-train_2023,Specimen_type
Zhang-train_2023,LUSC,Methylome,ZhangLUSC-train_2023,Stage
Zhang-train_2023,LUSC,Methylome,ZhangLUSC-train_2023,Tumor/Normal
Zhang-train_2023,LUSC,Methylome,ZhangLUSC-train_2023,Cancer type
Zhang-valid_2023,LUAD,Methylome,Zhang-valid_2023,Age
Zhang-valid_2023,LUAD,Methylome,Zhang-valid_2023,Classical_meth_subtype
Zhang-valid_2023,LUAD,Methylome,Zhang-valid_2023,Primary/metastasis
Zhang-valid_2023,LUAD,Methylome,Zhang-valid_2023,Gender
Zhang-valid_2023,LUAD,Methylome,Zhang-valid_2023,MP_mh_subtype
Zhang-valid_2023,LUAD,Methylome,Zhang-valid_2023,MP_ml_subtype
Zhang-valid_2023,LUAD,Methylome,Zhang-valid_2023,Specimen_type
Zhang-valid_2023,LUAD,Methylome,Zhang-valid_2023,Stage
Zhang-valid_2023,LUAD,Methylome,Zhang-valid_2023,Tissue_site
Zhang-valid_2023,LUAD,Methylome,Zhang-valid_2023,Tumor/Normal
Zhang-valid_2023,LUAD,Methylome,Zhang-valid_2023,Cancer type
Zhou_2021,SCLC,WXS,Zhou_2021,Age
Zhou_2021,SCLC,WXS,Zhou_2021,Classical_m_score
Zhou_2021,SCLC,WXS,Zhou_2021,Classical_m_subtype
Zhou_2021,SCLC,WXS,Zhou_2021,DFS
Zhou_2021,SCLC,WXS,Zhou_2021,DFS_status
Zhou_2021,SCLC,WXS,Zhou_2021,Driver_subtype
Zhou_2021,SCLC,WXS,Zhou_2021,Primary/metastasis
Zhou_2021,SCLC,WXS,Zhou_2021,EGFR_mut
Zhou_2021,SCLC,WXS,Zhou_2021,GII
Zhou_2021,SCLC,WXS,Zhou_2021,Histology type
Zhou_2021,SCLC,WXS,Zhou_2021,ITH_CNV
Zhou_2021,SCLC,WXS,Zhou_2021,Mean_TMB
Zhou_2021,SCLC,WXS,Zhou_2021,MP_m_score
Zhou_2021,SCLC,WXS,Zhou_2021,MP_m_subtype
Zhou_2021,SCLC,WXS,Zhou_2021,MSI
Zhou_2021,SCLC,WXS,Zhou_2021,Multi region TMB
Zhou_2021,SCLC,WXS,Zhou_2021,OS
Zhou_2021,SCLC,WXS,Zhou_2021,OS_status
Zhou_2021,SCLC,WXS,Zhou_2021,Pack_years
Zhou_2021,SCLC,WXS,Zhou_2021,Ploidy
Zhou_2021,SCLC,WXS,Zhou_2021,Purity
Zhou_2021,SCLC,WXS,Zhou_2021,Pyclone_clusters
Zhou_2021,SCLC,WXS,Zhou_2021,Recurrence
Zhou_2021,SCLC,WXS,Zhou_2021,Smoking_status
Zhou_2021,SCLC,WXS,Zhou_2021,SNV_ITH
Zhou_2021,SCLC,WXS,Zhou_2021,Stage
Zhou_2021,SCLC,WXS,Zhou_2021,TMB_per_cluster
Zhou_2021,SCLC,WXS,Zhou_2021,Tumor/Normal
Zhou_2021,SCLC,WXS,Zhou_2021,Treatment_after_surgery
Zhou_2021,SCLC,WXS,Zhou_2021,Tumor_size
Zhou_2021,SCLC,WXS,Zhou_2021,Cancer type
Zhou_2021,SCLC,WXS,Zhou_2021,WGD
Bischoff_2021,LUAD,scRNA-seq,Bischoff_2021_p018t,nCount_RNA
Bischoff_2021,LUAD,scRNA-seq,Bischoff_2021_p018t,Malignant
Bischoff_2021,LUAD,scRNA-seq,Bischoff_2021_p018t,Cell_type
Bischoff_2021,LUAD,scRNA-seq,Bischoff_2021_p018t,Reads percentage of mito gene
Bischoff_2021,LUAD,scRNA-seq,Bischoff_2021_p018t,Classical_subtype
Bischoff_2021,LUAD,scRNA-seq,Bischoff_2021_p018t,MP_r_subtype
Bischoff_2021,LUAD,scRNA-seq,Bischoff_2021_p018t,Copykat.pred
Bischoff_2021,LUAD,scRNA-seq,Bischoff_2021_p018t,nFeature_RNA
Bischoff_2021,LUAD,scRNA-seq,Bischoff_2021_p019t,Malignant
Bischoff_2021,LUAD,scRNA-seq,Bischoff_2021_p019t,Classical_subtype
Bischoff_2021,LUAD,scRNA-seq,Bischoff_2021_p019t,MP_r_subtype
Bischoff_2021,LUAD,scRNA-seq,Bischoff_2021_p019t,Cell_type
Bischoff_2021,LUAD,scRNA-seq,Bischoff_2021_p019t,Copykat.pred
Bischoff_2021,LUAD,scRNA-seq,Bischoff_2021_p019t,Reads percentage of mito gene
Bischoff_2021,LUAD,scRNA-seq,Bischoff_2021_p019t,nCount_RNA
Bischoff_2021,LUAD,scRNA-seq,Bischoff_2021_p019t,nFeature_RNA
Bischoff_2021,LUAD,scRNA-seq,Bischoff_2021_p024t,nCount_RNA
Bischoff_2021,LUAD,scRNA-seq,Bischoff_2021_p024t,Malignant
Bischoff_2021,LUAD,scRNA-seq,Bischoff_2021_p024t,Copykat.pred
Bischoff_2021,LUAD,scRNA-seq,Bischoff_2021_p024t,Classical_subtype
Bischoff_2021,LUAD,scRNA-seq,Bischoff_2021_p024t,MP_r_subtype
Bischoff_2021,LUAD,scRNA-seq,Bischoff_2021_p024t,Cell_type
Bischoff_2021,LUAD,scRNA-seq,Bischoff_2021_p024t,Reads percentage of mito gene
Bischoff_2021,LUAD,scRNA-seq,Bischoff_2021_p024t,nFeature_RNA
Bischoff_2021,LUAD,scRNA-seq,Bischoff_2021_p027t,Classical_subtype
Bischoff_2021,LUAD,scRNA-seq,Bischoff_2021_p027t,MP_r_subtype
Bischoff_2021,LUAD,scRNA-seq,Bischoff_2021_p027t,Malignant
Bischoff_2021,LUAD,scRNA-seq,Bischoff_2021_p027t,Copykat.pred
Bischoff_2021,LUAD,scRNA-seq,Bischoff_2021_p027t,Reads percentage of mito gene
Bischoff_2021,LUAD,scRNA-seq,Bischoff_2021_p027t,nCount_RNA
Bischoff_2021,LUAD,scRNA-seq,Bischoff_2021_p027t,Cell_type
Bischoff_2021,LUAD,scRNA-seq,Bischoff_2021_p027t,nFeature_RNA
Bischoff_2021,LUAD,scRNA-seq,Bischoff_2021_p030t,MP_r_subtype
Bischoff_2021,LUAD,scRNA-seq,Bischoff_2021_p030t,Copykat.pred
Bischoff_2021,LUAD,scRNA-seq,Bischoff_2021_p030t,Classical_subtype
Bischoff_2021,LUAD,scRNA-seq,Bischoff_2021_p030t,Malignant
Bischoff_2021,LUAD,scRNA-seq,Bischoff_2021_p030t,Cell_type
Bischoff_2021,LUAD,scRNA-seq,Bischoff_2021_p030t,Reads percentage of mito gene
Bischoff_2021,LUAD,scRNA-seq,Bischoff_2021_p030t,nFeature_RNA
Bischoff_2021,LUAD,scRNA-seq,Bischoff_2021_p030t,nCount_RNA
Bischoff_2021,LUAD,scRNA-seq,Bischoff_2021_p031t,MP_r_subtype
Bischoff_2021,LUAD,scRNA-seq,Bischoff_2021_p031t,Malignant
Bischoff_2021,LUAD,scRNA-seq,Bischoff_2021_p031t,Copykat.pred
Bischoff_2021,LUAD,scRNA-seq,Bischoff_2021_p031t,nFeature_RNA
Bischoff_2021,LUAD,scRNA-seq,Bischoff_2021_p031t,nCount_RNA
Bischoff_2021,LUAD,scRNA-seq,Bischoff_2021_p031t,Cell_type
Bischoff_2021,LUAD,scRNA-seq,Bischoff_2021_p031t,Reads percentage of mito gene
Bischoff_2021,LUAD,scRNA-seq,Bischoff_2021_p031t,Classical_subtype
Bischoff_2021,LUAD,scRNA-seq,Bischoff_2021_p032t,MP_r_subtype
Bischoff_2021,LUAD,scRNA-seq,Bischoff_2021_p032t,Classical_subtype
Bischoff_2021,LUAD,scRNA-seq,Bischoff_2021_p032t,Malignant
Bischoff_2021,LUAD,scRNA-seq,Bischoff_2021_p032t,Cell_type
Bischoff_2021,LUAD,scRNA-seq,Bischoff_2021_p032t,Copykat.pred
Bischoff_2021,LUAD,scRNA-seq,Bischoff_2021_p032t,nFeature_RNA
Bischoff_2021,LUAD,scRNA-seq,Bischoff_2021_p032t,nCount_RNA
Bischoff_2021,LUAD,scRNA-seq,Bischoff_2021_p032t,Reads percentage of mito gene
Bischoff_2021,LUAD,scRNA-seq,Bischoff_2021_p033t,MP_r_subtype
Bischoff_2021,LUAD,scRNA-seq,Bischoff_2021_p033t,Cell_type
Bischoff_2021,LUAD,scRNA-seq,Bischoff_2021_p033t,nFeature_RNA
Bischoff_2021,LUAD,scRNA-seq,Bischoff_2021_p033t,nCount_RNA
Bischoff_2021,LUAD,scRNA-seq,Bischoff_2021_p033t,Malignant
Bischoff_2021,LUAD,scRNA-seq,Bischoff_2021_p033t,Copykat.pred
Bischoff_2021,LUAD,scRNA-seq,Bischoff_2021_p033t,Reads percentage of mito gene
Bischoff_2021,LUAD,scRNA-seq,Bischoff_2021_p033t,Classical_subtype
Chan_2021,SCLC,scRNA-seq,Chan_2021_PleuralEffusion,nCount_RNA
Chan_2021,SCLC,scRNA-seq,Chan_2021_PleuralEffusion,Malignant
Chan_2021,SCLC,scRNA-seq,Chan_2021_PleuralEffusion,Tissue
Chan_2021,SCLC,scRNA-seq,Chan_2021_PleuralEffusion,Libsize
Chan_2021,SCLC,scRNA-seq,Chan_2021_PleuralEffusion,Copykat.pred
Chan_2021,SCLC,scRNA-seq,Chan_2021_PleuralEffusion,Assay
Chan_2021,SCLC,scRNA-seq,Chan_2021_PleuralEffusion,nGenes
Chan_2021,SCLC,scRNA-seq,Chan_2021_PleuralEffusion,Classical_subtype
Chan_2021,SCLC,scRNA-seq,Chan_2021_PleuralEffusion,Cell_type_v2
Chan_2021,SCLC,scRNA-seq,Chan_2021_PleuralEffusion,Reads percentage of RBP gene
Chan_2021,SCLC,scRNA-seq,Chan_2021_PleuralEffusion,MP_r_subtype
Chan_2021,SCLC,scRNA-seq,Chan_2021_PleuralEffusion,H_knn
Chan_2021,SCLC,scRNA-seq,Chan_2021_PleuralEffusion,Reads percentage of mito gene
Chan_2021,SCLC,scRNA-seq,Chan_2021_PleuralEffusion,Treatment_drug
Chan_2021,SCLC,scRNA-seq,Chan_2021_PleuralEffusion,Cell_type
Chan_2021,SCLC,scRNA-seq,Chan_2021_PleuralEffusion,nFeature_RNA
Chan_2021,SCLC,scRNA-seq,Chan_2021_PleuralEffusion,Cell_type_general
Chan_2021,SCLC,scRNA-seq,Chan_2021_PleuralEffusion,Ethnicity
Chan_2021,SCLC,scRNA-seq,Chan_2021_PleuralEffusion,Cell type
Chan_2021,SCLC,scRNA-seq,Chan_2021_PleuralEffusion,Cell_type_fine
Chan_2021,SCLC,scRNA-seq,Chan_2021_RU1065C,Malignant
Chan_2021,SCLC,scRNA-seq,Chan_2021_RU1065C,Reads percentage of mito gene
Chan_2021,SCLC,scRNA-seq,Chan_2021_RU1065C,Copykat.pred
Chan_2021,SCLC,scRNA-seq,Chan_2021_RU1065C,Assay
Chan_2021,SCLC,scRNA-seq,Chan_2021_RU1065C,Tissue
Chan_2021,SCLC,scRNA-seq,Chan_2021_RU1065C,Cell_type_general
Chan_2021,SCLC,scRNA-seq,Chan_2021_RU1065C,Classical_subtype
Chan_2021,SCLC,scRNA-seq,Chan_2021_RU1065C,nCount_RNA
Chan_2021,SCLC,scRNA-seq,Chan_2021_RU1065C,Cell_type
Chan_2021,SCLC,scRNA-seq,Chan_2021_RU1065C,nGenes
Chan_2021,SCLC,scRNA-seq,Chan_2021_RU1065C,H_knn
Chan_2021,SCLC,scRNA-seq,Chan_2021_RU1065C,Treatment_drug
Chan_2021,SCLC,scRNA-seq,Chan_2021_RU1065C,Reads percentage of RBP gene
Chan_2021,SCLC,scRNA-seq,Chan_2021_RU1065C,nFeature_RNA
Chan_2021,SCLC,scRNA-seq,Chan_2021_RU1065C,MP_r_subtype
Chan_2021,SCLC,scRNA-seq,Chan_2021_RU1065C,Ethnicity
Chan_2021,SCLC,scRNA-seq,Chan_2021_RU1065C,Cell type
Chan_2021,SCLC,scRNA-seq,Chan_2021_RU1065C,Cell_type_v2
Chan_2021,SCLC,scRNA-seq,Chan_2021_RU1065C,Libsize
Chan_2021,SCLC,scRNA-seq,Chan_2021_RU1065C,Cell_type_fine
Chan_2021,SCLC,scRNA-seq,Chan_2021_RU1066,nGenes
Chan_2021,SCLC,scRNA-seq,Chan_2021_RU1066,Treatment_drug
Chan_2021,SCLC,scRNA-seq,Chan_2021_RU1066,Cell_type
Chan_2021,SCLC,scRNA-seq,Chan_2021_RU1066,Assay
Chan_2021,SCLC,scRNA-seq,Chan_2021_RU1066,Reads percentage of mito gene
Chan_2021,SCLC,scRNA-seq,Chan_2021_RU1066,nCount_RNA
Chan_2021,SCLC,scRNA-seq,Chan_2021_RU1066,Reads percentage of RBP gene
Chan_2021,SCLC,scRNA-seq,Chan_2021_RU1066,Cell_type_general
Chan_2021,SCLC,scRNA-seq,Chan_2021_RU1066,Cell_type_fine
Chan_2021,SCLC,scRNA-seq,Chan_2021_RU1066,Cell type
Chan_2021,SCLC,scRNA-seq,Chan_2021_RU1066,MP_r_subtype
Chan_2021,SCLC,scRNA-seq,Chan_2021_RU1066,Copykat.pred
Chan_2021,SCLC,scRNA-seq,Chan_2021_RU1066,Tissue
Chan_2021,SCLC,scRNA-seq,Chan_2021_RU1066,H_knn
Chan_2021,SCLC,scRNA-seq,Chan_2021_RU1066,Malignant
Chan_2021,SCLC,scRNA-seq,Chan_2021_RU1066,Cell_type_v2
Chan_2021,SCLC,scRNA-seq,Chan_2021_RU1066,nFeature_RNA
Chan_2021,SCLC,scRNA-seq,Chan_2021_RU1066,Libsize
Chan_2021,SCLC,scRNA-seq,Chan_2021_RU1066,Ethnicity
Chan_2021,SCLC,scRNA-seq,Chan_2021_RU1066,Classical_subtype
Chan_2021,SCLC,scRNA-seq,Chan_2021_RU1080C,nCount_RNA
Chan_2021,SCLC,scRNA-seq,Chan_2021_RU1080C,Copykat.pred
Chan_2021,SCLC,scRNA-seq,Chan_2021_RU1080C,Reads percentage of mito gene
Chan_2021,SCLC,scRNA-seq,Chan_2021_RU1080C,Treatment_drug
Chan_2021,SCLC,scRNA-seq,Chan_2021_RU1080C,nGenes
Chan_2021,SCLC,scRNA-seq,Chan_2021_RU1080C,nFeature_RNA
Chan_2021,SCLC,scRNA-seq,Chan_2021_RU1080C,Libsize
Chan_2021,SCLC,scRNA-seq,Chan_2021_RU1080C,H_knn
Chan_2021,SCLC,scRNA-seq,Chan_2021_RU1080C,Assay
Chan_2021,SCLC,scRNA-seq,Chan_2021_RU1080C,Cell_type
Chan_2021,SCLC,scRNA-seq,Chan_2021_RU1080C,Cell_type_general
Chan_2021,SCLC,scRNA-seq,Chan_2021_RU1080C,Malignant
Chan_2021,SCLC,scRNA-seq,Chan_2021_RU1080C,Cell type
Chan_2021,SCLC,scRNA-seq,Chan_2021_RU1080C,Reads percentage of RBP gene
Chan_2021,SCLC,scRNA-seq,Chan_2021_RU1080C,Cell_type_v2
Chan_2021,SCLC,scRNA-seq,Chan_2021_RU1080C,Tissue
Chan_2021,SCLC,scRNA-seq,Chan_2021_RU1080C,MP_r_subtype
Chan_2021,SCLC,scRNA-seq,Chan_2021_RU1080C,Ethnicity
Chan_2021,SCLC,scRNA-seq,Chan_2021_RU1080C,Classical_subtype
Chan_2021,SCLC,scRNA-seq,Chan_2021_RU1080C,Cell_type_fine
Chan_2021,SCLC,scRNA-seq,Chan_2021_RU1108a_Bambanker,Assay
Chan_2021,SCLC,scRNA-seq,Chan_2021_RU1108a_Bambanker,Treatment_drug
Chan_2021,SCLC,scRNA-seq,Chan_2021_RU1108a_Bambanker,Reads percentage of RBP gene
Chan_2021,SCLC,scRNA-seq,Chan_2021_RU1108a_Bambanker,Reads percentage of mito gene
Chan_2021,SCLC,scRNA-seq,Chan_2021_RU1108a_Bambanker,H_knn
Chan_2021,SCLC,scRNA-seq,Chan_2021_RU1108a_Bambanker,MP_r_subtype
Chan_2021,SCLC,scRNA-seq,Chan_2021_RU1108a_Bambanker,Cell type
Chan_2021,SCLC,scRNA-seq,Chan_2021_RU1108a_Bambanker,Copykat.pred
Chan_2021,SCLC,scRNA-seq,Chan_2021_RU1108a_Bambanker,Tissue
Chan_2021,SCLC,scRNA-seq,Chan_2021_RU1108a_Bambanker,Malignant
Chan_2021,SCLC,scRNA-seq,Chan_2021_RU1108a_Bambanker,Ethnicity
Chan_2021,SCLC,scRNA-seq,Chan_2021_RU1108a_Bambanker,nCount_RNA
Chan_2021,SCLC,scRNA-seq,Chan_2021_RU1108a_Bambanker,Cell_type
Chan_2021,SCLC,scRNA-seq,Chan_2021_RU1108a_Bambanker,Cell_type_general
Chan_2021,SCLC,scRNA-seq,Chan_2021_RU1108a_Bambanker,Cell_type_fine
Chan_2021,SCLC,scRNA-seq,Chan_2021_RU1108a_Bambanker,Cell_type_v2
Chan_2021,SCLC,scRNA-seq,Chan_2021_RU1108a_Bambanker,Classical_subtype
Chan_2021,SCLC,scRNA-seq,Chan_2021_RU1108a_Bambanker,nFeature_RNA
Chan_2021,SCLC,scRNA-seq,Chan_2021_RU1108a_Bambanker,nGenes
Chan_2021,SCLC,scRNA-seq,Chan_2021_RU1108a_Bambanker,Libsize
Chan_2021,SCLC,scRNA-seq,Chan_2021_RU1108a_Bambanker_Frozen,H_knn
Chan_2021,SCLC,scRNA-seq,Chan_2021_RU1108a_Bambanker_Frozen,Cell type
Chan_2021,SCLC,scRNA-seq,Chan_2021_RU1108a_Bambanker_Frozen,Tissue
Chan_2021,SCLC,scRNA-seq,Chan_2021_RU1108a_Bambanker_Frozen,MP_r_subtype
Chan_2021,SCLC,scRNA-seq,Chan_2021_RU1108a_Bambanker_Frozen,Assay
Chan_2021,SCLC,scRNA-seq,Chan_2021_RU1108a_Bambanker_Frozen,Cell_type_v2
Chan_2021,SCLC,scRNA-seq,Chan_2021_RU1108a_Bambanker_Frozen,Copykat.pred
Chan_2021,SCLC,scRNA-seq,Chan_2021_RU1108a_Bambanker_Frozen,Malignant
Chan_2021,SCLC,scRNA-seq,Chan_2021_RU1108a_Bambanker_Frozen,Treatment_drug
Chan_2021,SCLC,scRNA-seq,Chan_2021_RU1108a_Bambanker_Frozen,Cell_type_general
Chan_2021,SCLC,scRNA-seq,Chan_2021_RU1108a_Bambanker_Frozen,Cell_type
Chan_2021,SCLC,scRNA-seq,Chan_2021_RU1108a_Bambanker_Frozen,Cell_type_fine
Chan_2021,SCLC,scRNA-seq,Chan_2021_RU1108a_Bambanker_Frozen,Ethnicity
Chan_2021,SCLC,scRNA-seq,Chan_2021_RU1108a_Bambanker_Frozen,nGenes
Chan_2021,SCLC,scRNA-seq,Chan_2021_RU1108a_Bambanker_Frozen,nCount_RNA
Chan_2021,SCLC,scRNA-seq,Chan_2021_RU1108a_Bambanker_Frozen,nFeature_RNA
Chan_2021,SCLC,scRNA-seq,Chan_2021_RU1108a_Bambanker_Frozen,Reads percentage of RBP gene
Chan_2021,SCLC,scRNA-seq,Chan_2021_RU1108a_Bambanker_Frozen,Classical_subtype
Chan_2021,SCLC,scRNA-seq,Chan_2021_RU1108a_Bambanker_Frozen,Reads percentage of mito gene
Chan_2021,SCLC,scRNA-seq,Chan_2021_RU1108a_Bambanker_Frozen,Libsize
Chan_2021,SCLC,scRNA-seq,Chan_2021_RU1108a_RPMI,MP_r_subtype
Chan_2021,SCLC,scRNA-seq,Chan_2021_RU1108a_RPMI,H_knn
Chan_2021,SCLC,scRNA-seq,Chan_2021_RU1108a_RPMI,Malignant
Chan_2021,SCLC,scRNA-seq,Chan_2021_RU1108a_RPMI,nCount_RNA
Chan_2021,SCLC,scRNA-seq,Chan_2021_RU1108a_RPMI,Reads percentage of mito gene
Chan_2021,SCLC,scRNA-seq,Chan_2021_RU1108a_RPMI,Reads percentage of RBP gene
Chan_2021,SCLC,scRNA-seq,Chan_2021_RU1108a_RPMI,Cell_type_v2
Chan_2021,SCLC,scRNA-seq,Chan_2021_RU1108a_RPMI,Treatment_drug
Chan_2021,SCLC,scRNA-seq,Chan_2021_RU1108a_RPMI,Cell_type
Chan_2021,SCLC,scRNA-seq,Chan_2021_RU1108a_RPMI,nFeature_RNA
Chan_2021,SCLC,scRNA-seq,Chan_2021_RU1108a_RPMI,Ethnicity
Chan_2021,SCLC,scRNA-seq,Chan_2021_RU1108a_RPMI,Cell_type_general
Chan_2021,SCLC,scRNA-seq,Chan_2021_RU1108a_RPMI,Classical_subtype
Chan_2021,SCLC,scRNA-seq,Chan_2021_RU1108a_RPMI,Copykat.pred
Chan_2021,SCLC,scRNA-seq,Chan_2021_RU1108a_RPMI,nGenes
Chan_2021,SCLC,scRNA-seq,Chan_2021_RU1108a_RPMI,Libsize
Chan_2021,SCLC,scRNA-seq,Chan_2021_RU1108a_RPMI,Assay
Chan_2021,SCLC,scRNA-seq,Chan_2021_RU1108a_RPMI,Cell_type_fine
Chan_2021,SCLC,scRNA-seq,Chan_2021_RU1108a_RPMI,Cell type
Chan_2021,SCLC,scRNA-seq,Chan_2021_RU1108a_RPMI,Tissue
Chan_2021,SCLC,scRNA-seq,Chan_2021_RU1124A_LN,Ethnicity
Chan_2021,SCLC,scRNA-seq,Chan_2021_RU1124A_LN,Reads percentage of RBP gene
Chan_2021,SCLC,scRNA-seq,Chan_2021_RU1124A_LN,Cell_type_v2
Chan_2021,SCLC,scRNA-seq,Chan_2021_RU1124A_LN,H_knn
Chan_2021,SCLC,scRNA-seq,Chan_2021_RU1124A_LN,nGenes
Chan_2021,SCLC,scRNA-seq,Chan_2021_RU1124A_LN,Classical_subtype
Chan_2021,SCLC,scRNA-seq,Chan_2021_RU1124A_LN,Copykat.pred
Chan_2021,SCLC,scRNA-seq,Chan_2021_RU1124A_LN,Malignant
Chan_2021,SCLC,scRNA-seq,Chan_2021_RU1124A_LN,nFeature_RNA
Chan_2021,SCLC,scRNA-seq,Chan_2021_RU1124A_LN,Cell_type_general
Chan_2021,SCLC,scRNA-seq,Chan_2021_RU1124A_LN,Treatment_drug
Chan_2021,SCLC,scRNA-seq,Chan_2021_RU1124A_LN,Reads percentage of mito gene
Chan_2021,SCLC,scRNA-seq,Chan_2021_RU1124A_LN,Tissue
Chan_2021,SCLC,scRNA-seq,Chan_2021_RU1124A_LN,MP_r_subtype
Chan_2021,SCLC,scRNA-seq,Chan_2021_RU1124A_LN,Cell_type_fine
Chan_2021,SCLC,scRNA-seq,Chan_2021_RU1124A_LN,nCount_RNA
Chan_2021,SCLC,scRNA-seq,Chan_2021_RU1124A_LN,Cell_type
Chan_2021,SCLC,scRNA-seq,Chan_2021_RU1124A_LN,Assay
Chan_2021,SCLC,scRNA-seq,Chan_2021_RU1124A_LN,Cell type
Chan_2021,SCLC,scRNA-seq,Chan_2021_RU1124A_LN,Libsize
Chan_2021,SCLC,scRNA-seq,Chan_2021_RU1144_LN,Cell_type_v2
Chan_2021,SCLC,scRNA-seq,Chan_2021_RU1144_LN,Classical_subtype
Chan_2021,SCLC,scRNA-seq,Chan_2021_RU1144_LN,Ethnicity
Chan_2021,SCLC,scRNA-seq,Chan_2021_RU1144_LN,Reads percentage of RBP gene
Chan_2021,SCLC,scRNA-seq,Chan_2021_RU1144_LN,H_knn
Chan_2021,SCLC,scRNA-seq,Chan_2021_RU1144_LN,nFeature_RNA
Chan_2021,SCLC,scRNA-seq,Chan_2021_RU1144_LN,MP_r_subtype
Chan_2021,SCLC,scRNA-seq,Chan_2021_RU1144_LN,nGenes
Chan_2021,SCLC,scRNA-seq,Chan_2021_RU1144_LN,Assay
Chan_2021,SCLC,scRNA-seq,Chan_2021_RU1144_LN,nCount_RNA
Chan_2021,SCLC,scRNA-seq,Chan_2021_RU1144_LN,Tissue
Chan_2021,SCLC,scRNA-seq,Chan_2021_RU1144_LN,Cell_type_fine
Chan_2021,SCLC,scRNA-seq,Chan_2021_RU1144_LN,Treatment_drug
Chan_2021,SCLC,scRNA-seq,Chan_2021_RU1144_LN,Libsize
Chan_2021,SCLC,scRNA-seq,Chan_2021_RU1144_LN,Copykat.pred
Chan_2021,SCLC,scRNA-seq,Chan_2021_RU1144_LN,Reads percentage of mito gene
Chan_2021,SCLC,scRNA-seq,Chan_2021_RU1144_LN,Cell_type_general
Chan_2021,SCLC,scRNA-seq,Chan_2021_RU1144_LN,Malignant
Chan_2021,SCLC,scRNA-seq,Chan_2021_RU1144_LN,Cell_type
Chan_2021,SCLC,scRNA-seq,Chan_2021_RU1144_LN,Cell type
Chan_2021,SCLC,scRNA-seq,Chan_2021_RU1144_T,Reads percentage of RBP gene
Chan_2021,SCLC,scRNA-seq,Chan_2021_RU1144_T,Cell_type_v2
Chan_2021,SCLC,scRNA-seq,Chan_2021_RU1144_T,Treatment_drug
Chan_2021,SCLC,scRNA-seq,Chan_2021_RU1144_T,nFeature_RNA
Chan_2021,SCLC,scRNA-seq,Chan_2021_RU1144_T,nGenes
Chan_2021,SCLC,scRNA-seq,Chan_2021_RU1144_T,Classical_subtype
Chan_2021,SCLC,scRNA-seq,Chan_2021_RU1144_T,H_knn
Chan_2021,SCLC,scRNA-seq,Chan_2021_RU1144_T,nCount_RNA
Chan_2021,SCLC,scRNA-seq,Chan_2021_RU1144_T,MP_r_subtype
Chan_2021,SCLC,scRNA-seq,Chan_2021_RU1144_T,Ethnicity
Chan_2021,SCLC,scRNA-seq,Chan_2021_RU1144_T,Libsize
Chan_2021,SCLC,scRNA-seq,Chan_2021_RU1144_T,Assay
Chan_2021,SCLC,scRNA-seq,Chan_2021_RU1144_T,Reads percentage of mito gene
Chan_2021,SCLC,scRNA-seq,Chan_2021_RU1144_T,Cell_type_general
Chan_2021,SCLC,scRNA-seq,Chan_2021_RU1144_T,Tissue
Chan_2021,SCLC,scRNA-seq,Chan_2021_RU1144_T,Cell type
Chan_2021,SCLC,scRNA-seq,Chan_2021_RU1144_T,Cell_type
Chan_2021,SCLC,scRNA-seq,Chan_2021_RU1144_T,Cell_type_fine
Chan_2021,SCLC,scRNA-seq,Chan_2021_RU1144_T,Malignant
Chan_2021,SCLC,scRNA-seq,Chan_2021_RU1144_T,Copykat.pred
Chan_2021,SCLC,scRNA-seq,Chan_2021_RU1145,Reads percentage of RBP gene
Chan_2021,SCLC,scRNA-seq,Chan_2021_RU1145,Treatment_drug
Chan_2021,SCLC,scRNA-seq,Chan_2021_RU1145,H_knn
Chan_2021,SCLC,scRNA-seq,Chan_2021_RU1145,Ethnicity
Chan_2021,SCLC,scRNA-seq,Chan_2021_RU1145,Cell_type_v2
Chan_2021,SCLC,scRNA-seq,Chan_2021_RU1145,Cell type
Chan_2021,SCLC,scRNA-seq,Chan_2021_RU1145,Copykat.pred
Chan_2021,SCLC,scRNA-seq,Chan_2021_RU1145,Cell_type_general
Chan_2021,SCLC,scRNA-seq,Chan_2021_RU1145,Malignant
Chan_2021,SCLC,scRNA-seq,Chan_2021_RU1145,Classical_subtype
Chan_2021,SCLC,scRNA-seq,Chan_2021_RU1145,Reads percentage of mito gene
Chan_2021,SCLC,scRNA-seq,Chan_2021_RU1145,MP_r_subtype
Chan_2021,SCLC,scRNA-seq,Chan_2021_RU1145,Libsize
Chan_2021,SCLC,scRNA-seq,Chan_2021_RU1145,nFeature_RNA
Chan_2021,SCLC,scRNA-seq,Chan_2021_RU1145,Assay
Chan_2021,SCLC,scRNA-seq,Chan_2021_RU1145,nGenes
Chan_2021,SCLC,scRNA-seq,Chan_2021_RU1145,Cell_type_fine
Chan_2021,SCLC,scRNA-seq,Chan_2021_RU1145,Cell_type
Chan_2021,SCLC,scRNA-seq,Chan_2021_RU1145,Tissue
Chan_2021,SCLC,scRNA-seq,Chan_2021_RU1145,nCount_RNA
Chan_2021,SCLC,scRNA-seq,Chan_2021_RU1152,Cell_type_v2
Chan_2021,SCLC,scRNA-seq,Chan_2021_RU1152,Classical_subtype
Chan_2021,SCLC,scRNA-seq,Chan_2021_RU1152,Ethnicity
Chan_2021,SCLC,scRNA-seq,Chan_2021_RU1152,Malignant
Chan_2021,SCLC,scRNA-seq,Chan_2021_RU1152,H_knn
Chan_2021,SCLC,scRNA-seq,Chan_2021_RU1152,MP_r_subtype
Chan_2021,SCLC,scRNA-seq,Chan_2021_RU1152,Libsize
Chan_2021,SCLC,scRNA-seq,Chan_2021_RU1152,Assay
Chan_2021,SCLC,scRNA-seq,Chan_2021_RU1152,Cell type
Chan_2021,SCLC,scRNA-seq,Chan_2021_RU1152,Tissue
Chan_2021,SCLC,scRNA-seq,Chan_2021_RU1152,Reads percentage of RBP gene
Chan_2021,SCLC,scRNA-seq,Chan_2021_RU1152,Cell_type_general
Chan_2021,SCLC,scRNA-seq,Chan_2021_RU1152,Treatment_drug
Chan_2021,SCLC,scRNA-seq,Chan_2021_RU1152,Copykat.pred
Chan_2021,SCLC,scRNA-seq,Chan_2021_RU1152,nFeature_RNA
Chan_2021,SCLC,scRNA-seq,Chan_2021_RU1152,Cell_type_fine
Chan_2021,SCLC,scRNA-seq,Chan_2021_RU1152,nGenes
Chan_2021,SCLC,scRNA-seq,Chan_2021_RU1152,Reads percentage of mito gene
Chan_2021,SCLC,scRNA-seq,Chan_2021_RU1152,nCount_RNA
Chan_2021,SCLC,scRNA-seq,Chan_2021_RU1152,Cell_type
Chan_2021,SCLC,scRNA-seq,Chan_2021_RU1181B,Classical_subtype
Chan_2021,SCLC,scRNA-seq,Chan_2021_RU1181B,Reads percentage of RBP gene
Chan_2021,SCLC,scRNA-seq,Chan_2021_RU1181B,Cell_type_v2
Chan_2021,SCLC,scRNA-seq,Chan_2021_RU1181B,H_knn
Chan_2021,SCLC,scRNA-seq,Chan_2021_RU1181B,Malignant
Chan_2021,SCLC,scRNA-seq,Chan_2021_RU1181B,Treatment_drug
Chan_2021,SCLC,scRNA-seq,Chan_2021_RU1181B,MP_r_subtype
Chan_2021,SCLC,scRNA-seq,Chan_2021_RU1181B,Copykat.pred
Chan_2021,SCLC,scRNA-seq,Chan_2021_RU1181B,nFeature_RNA
Chan_2021,SCLC,scRNA-seq,Chan_2021_RU1181B,Ethnicity
Chan_2021,SCLC,scRNA-seq,Chan_2021_RU1181B,nCount_RNA
Chan_2021,SCLC,scRNA-seq,Chan_2021_RU1181B,nGenes
Chan_2021,SCLC,scRNA-seq,Chan_2021_RU1181B,Cell type
Chan_2021,SCLC,scRNA-seq,Chan_2021_RU1181B,Libsize
Chan_2021,SCLC,scRNA-seq,Chan_2021_RU1181B,Cell_type_general
Chan_2021,SCLC,scRNA-seq,Chan_2021_RU1181B,Cell_type
Chan_2021,SCLC,scRNA-seq,Chan_2021_RU1181B,Reads percentage of mito gene
Chan_2021,SCLC,scRNA-seq,Chan_2021_RU1181B,Cell_type_fine
Chan_2021,SCLC,scRNA-seq,Chan_2021_RU1181B,Assay
Chan_2021,SCLC,scRNA-seq,Chan_2021_RU1181B,Tissue
Chan_2021,SCLC,scRNA-seq,Chan_2021_RU1181C,Libsize
Chan_2021,SCLC,scRNA-seq,Chan_2021_RU1181C,nGenes
Chan_2021,SCLC,scRNA-seq,Chan_2021_RU1181C,H_knn
Chan_2021,SCLC,scRNA-seq,Chan_2021_RU1181C,Cell_type_v2
Chan_2021,SCLC,scRNA-seq,Chan_2021_RU1181C,Cell_type_general
Chan_2021,SCLC,scRNA-seq,Chan_2021_RU1181C,Reads percentage of RBP gene
Chan_2021,SCLC,scRNA-seq,Chan_2021_RU1181C,Cell type
Chan_2021,SCLC,scRNA-seq,Chan_2021_RU1181C,Ethnicity
Chan_2021,SCLC,scRNA-seq,Chan_2021_RU1181C,Treatment_drug
Chan_2021,SCLC,scRNA-seq,Chan_2021_RU1181C,Copykat.pred
Chan_2021,SCLC,scRNA-seq,Chan_2021_RU1181C,Reads percentage of mito gene
Chan_2021,SCLC,scRNA-seq,Chan_2021_RU1181C,nFeature_RNA
Chan_2021,SCLC,scRNA-seq,Chan_2021_RU1181C,Classical_subtype
Chan_2021,SCLC,scRNA-seq,Chan_2021_RU1181C,Cell_type_fine
Chan_2021,SCLC,scRNA-seq,Chan_2021_RU1181C,nCount_RNA
Chan_2021,SCLC,scRNA-seq,Chan_2021_RU1181C,Malignant
Chan_2021,SCLC,scRNA-seq,Chan_2021_RU1181C,MP_r_subtype
Chan_2021,SCLC,scRNA-seq,Chan_2021_RU1181C,Assay
Chan_2021,SCLC,scRNA-seq,Chan_2021_RU1181C,Cell_type
Chan_2021,SCLC,scRNA-seq,Chan_2021_RU1181C,Tissue
Chan_2021,SCLC,scRNA-seq,Chan_2021_RU1195A,Cell_type_general
Chan_2021,SCLC,scRNA-seq,Chan_2021_RU1195A,Cell_type_v2
Chan_2021,SCLC,scRNA-seq,Chan_2021_RU1195A,nGenes
Chan_2021,SCLC,scRNA-seq,Chan_2021_RU1195A,Cell type
Chan_2021,SCLC,scRNA-seq,Chan_2021_RU1195A,Ethnicity
Chan_2021,SCLC,scRNA-seq,Chan_2021_RU1195A,Libsize
Chan_2021,SCLC,scRNA-seq,Chan_2021_RU1195A,Copykat.pred
Chan_2021,SCLC,scRNA-seq,Chan_2021_RU1195A,Assay
Chan_2021,SCLC,scRNA-seq,Chan_2021_RU1195A,H_knn
Chan_2021,SCLC,scRNA-seq,Chan_2021_RU1195A,Reads percentage of RBP gene
Chan_2021,SCLC,scRNA-seq,Chan_2021_RU1195A,Classical_subtype
Chan_2021,SCLC,scRNA-seq,Chan_2021_RU1195A,Treatment_drug
Chan_2021,SCLC,scRNA-seq,Chan_2021_RU1195A,Malignant
Chan_2021,SCLC,scRNA-seq,Chan_2021_RU1195A,nFeature_RNA
Chan_2021,SCLC,scRNA-seq,Chan_2021_RU1195A,MP_r_subtype
Chan_2021,SCLC,scRNA-seq,Chan_2021_RU1195A,Cell_type_fine
Chan_2021,SCLC,scRNA-seq,Chan_2021_RU1195A,Tissue
Chan_2021,SCLC,scRNA-seq,Chan_2021_RU1195A,Reads percentage of mito gene
Chan_2021,SCLC,scRNA-seq,Chan_2021_RU1195A,nCount_RNA
Chan_2021,SCLC,scRNA-seq,Chan_2021_RU1195A,Cell_type
Chan_2021,SCLC,scRNA-seq,Chan_2021_RU1215,Copykat.pred
Chan_2021,SCLC,scRNA-seq,Chan_2021_RU1215,Cell_type_general
Chan_2021,SCLC,scRNA-seq,Chan_2021_RU1215,Treatment_drug
Chan_2021,SCLC,scRNA-seq,Chan_2021_RU1215,Cell_type_v2
Chan_2021,SCLC,scRNA-seq,Chan_2021_RU1215,Classical_subtype
Chan_2021,SCLC,scRNA-seq,Chan_2021_RU1215,H_knn
Chan_2021,SCLC,scRNA-seq,Chan_2021_RU1215,nFeature_RNA
Chan_2021,SCLC,scRNA-seq,Chan_2021_RU1215,Reads percentage of RBP gene
Chan_2021,SCLC,scRNA-seq,Chan_2021_RU1215,Ethnicity
Chan_2021,SCLC,scRNA-seq,Chan_2021_RU1215,Assay
Chan_2021,SCLC,scRNA-seq,Chan_2021_RU1215,Cell type
Chan_2021,SCLC,scRNA-seq,Chan_2021_RU1215,MP_r_subtype
Chan_2021,SCLC,scRNA-seq,Chan_2021_RU1215,nGenes
Chan_2021,SCLC,scRNA-seq,Chan_2021_RU1215,Libsize
Chan_2021,SCLC,scRNA-seq,Chan_2021_RU1215,nCount_RNA
Chan_2021,SCLC,scRNA-seq,Chan_2021_RU1215,Malignant
Chan_2021,SCLC,scRNA-seq,Chan_2021_RU1215,Cell_type_fine
Chan_2021,SCLC,scRNA-seq,Chan_2021_RU1215,Cell_type
Chan_2021,SCLC,scRNA-seq,Chan_2021_RU1215,Tissue
Chan_2021,SCLC,scRNA-seq,Chan_2021_RU1215,Reads percentage of mito gene
Chan_2021,SCLC,scRNA-seq,Chan_2021_RU1229A_Frozen,Reads percentage of RBP gene
Chan_2021,SCLC,scRNA-seq,Chan_2021_RU1229A_Frozen,Cell_type_general
Chan_2021,SCLC,scRNA-seq,Chan_2021_RU1229A_Frozen,H_knn
Chan_2021,SCLC,scRNA-seq,Chan_2021_RU1229A_Frozen,Treatment_drug
Chan_2021,SCLC,scRNA-seq,Chan_2021_RU1229A_Frozen,Copykat.pred
Chan_2021,SCLC,scRNA-seq,Chan_2021_RU1229A_Frozen,Malignant
Chan_2021,SCLC,scRNA-seq,Chan_2021_RU1229A_Frozen,Libsize
Chan_2021,SCLC,scRNA-seq,Chan_2021_RU1229A_Frozen,nCount_RNA
Chan_2021,SCLC,scRNA-seq,Chan_2021_RU1229A_Frozen,Cell type
Chan_2021,SCLC,scRNA-seq,Chan_2021_RU1229A_Frozen,Reads percentage of mito gene
Chan_2021,SCLC,scRNA-seq,Chan_2021_RU1229A_Frozen,MP_r_subtype
Chan_2021,SCLC,scRNA-seq,Chan_2021_RU1229A_Frozen,Cell_type_v2
Chan_2021,SCLC,scRNA-seq,Chan_2021_RU1229A_Frozen,Assay
Chan_2021,SCLC,scRNA-seq,Chan_2021_RU1229A_Frozen,Cell_type
Chan_2021,SCLC,scRNA-seq,Chan_2021_RU1229A_Frozen,Tissue
Chan_2021,SCLC,scRNA-seq,Chan_2021_RU1229A_Frozen,Ethnicity
Chan_2021,SCLC,scRNA-seq,Chan_2021_RU1229A_Frozen,Classical_subtype
Chan_2021,SCLC,scRNA-seq,Chan_2021_RU1229A_Frozen,nGenes
Chan_2021,SCLC,scRNA-seq,Chan_2021_RU1229A_Frozen,Cell_type_fine
Chan_2021,SCLC,scRNA-seq,Chan_2021_RU1229A_Frozen,nFeature_RNA
Chan_2021,SCLC,scRNA-seq,Chan_2021_RU1231A,Copykat.pred
Chan_2021,SCLC,scRNA-seq,Chan_2021_RU1231A,Ethnicity
Chan_2021,SCLC,scRNA-seq,Chan_2021_RU1231A,nCount_RNA
Chan_2021,SCLC,scRNA-seq,Chan_2021_RU1231A,Tissue
Chan_2021,SCLC,scRNA-seq,Chan_2021_RU1231A,MP_r_subtype
Chan_2021,SCLC,scRNA-seq,Chan_2021_RU1231A,Classical_subtype
Chan_2021,SCLC,scRNA-seq,Chan_2021_RU1231A,Malignant
Chan_2021,SCLC,scRNA-seq,Chan_2021_RU1231A,Reads percentage of mito gene
Chan_2021,SCLC,scRNA-seq,Chan_2021_RU1231A,H_knn
Chan_2021,SCLC,scRNA-seq,Chan_2021_RU1231A,Cell_type_v2
Chan_2021,SCLC,scRNA-seq,Chan_2021_RU1231A,Cell type
Chan_2021,SCLC,scRNA-seq,Chan_2021_RU1231A,Assay
Chan_2021,SCLC,scRNA-seq,Chan_2021_RU1231A,nGenes
Chan_2021,SCLC,scRNA-seq,Chan_2021_RU1231A,Libsize
Chan_2021,SCLC,scRNA-seq,Chan_2021_RU1231A,Cell_type
Chan_2021,SCLC,scRNA-seq,Chan_2021_RU1231A,Treatment_drug
Chan_2021,SCLC,scRNA-seq,Chan_2021_RU1231A,nFeature_RNA
Chan_2021,SCLC,scRNA-seq,Chan_2021_RU1231A,Reads percentage of RBP gene
Chan_2021,SCLC,scRNA-seq,Chan_2021_RU1231A,Cell_type_general
Chan_2021,SCLC,scRNA-seq,Chan_2021_RU1231A,Cell_type_fine
Chan_2021,SCLC,scRNA-seq,Chan_2021_RU1293A,Copykat.pred
Chan_2021,SCLC,scRNA-seq,Chan_2021_RU1293A,Malignant
Chan_2021,SCLC,scRNA-seq,Chan_2021_RU1293A,MP_r_subtype
Chan_2021,SCLC,scRNA-seq,Chan_2021_RU1293A,nCount_RNA
Chan_2021,SCLC,scRNA-seq,Chan_2021_RU1293A,Cell_type
Chan_2021,SCLC,scRNA-seq,Chan_2021_RU1293A,H_knn
Chan_2021,SCLC,scRNA-seq,Chan_2021_RU1293A,Cell type
Chan_2021,SCLC,scRNA-seq,Chan_2021_RU1293A,Cell_type_v2
Chan_2021,SCLC,scRNA-seq,Chan_2021_RU1293A,Classical_subtype
Chan_2021,SCLC,scRNA-seq,Chan_2021_RU1293A,Reads percentage of mito gene
Chan_2021,SCLC,scRNA-seq,Chan_2021_RU1293A,nGenes
Chan_2021,SCLC,scRNA-seq,Chan_2021_RU1293A,Reads percentage of RBP gene
Chan_2021,SCLC,scRNA-seq,Chan_2021_RU1293A,Libsize
Chan_2021,SCLC,scRNA-seq,Chan_2021_RU1293A,Cell_type_general
Chan_2021,SCLC,scRNA-seq,Chan_2021_RU1293A,nFeature_RNA
Chan_2021,SCLC,scRNA-seq,Chan_2021_RU1293A,Cell_type_fine
Chan_2021,SCLC,scRNA-seq,Chan_2021_RU1293A,Ethnicity
Chan_2021,SCLC,scRNA-seq,Chan_2021_RU1293A,Tissue
Chan_2021,SCLC,scRNA-seq,Chan_2021_RU1293A,Assay
Chan_2021,SCLC,scRNA-seq,Chan_2021_RU1293A,Treatment_drug
Chan_2021,SCLC,scRNA-seq,Chan_2021_RU1311A_T_1,H_knn
Chan_2021,SCLC,scRNA-seq,Chan_2021_RU1311A_T_1,nCount_RNA
Chan_2021,SCLC,scRNA-seq,Chan_2021_RU1311A_T_1,Reads percentage of mito gene
Chan_2021,SCLC,scRNA-seq,Chan_2021_RU1311A_T_1,nFeature_RNA
Chan_2021,SCLC,scRNA-seq,Chan_2021_RU1311A_T_1,Reads percentage of RBP gene
Chan_2021,SCLC,scRNA-seq,Chan_2021_RU1311A_T_1,Cell_type
Chan_2021,SCLC,scRNA-seq,Chan_2021_RU1311A_T_1,Tissue
Chan_2021,SCLC,scRNA-seq,Chan_2021_RU1311A_T_1,Cell_type_general
Chan_2021,SCLC,scRNA-seq,Chan_2021_RU1311A_T_1,nGenes
Chan_2021,SCLC,scRNA-seq,Chan_2021_RU1311A_T_1,Cell type
Chan_2021,SCLC,scRNA-seq,Chan_2021_RU1311A_T_1,Cell_type_v2
Chan_2021,SCLC,scRNA-seq,Chan_2021_RU1311A_T_1,Treatment_drug
Chan_2021,SCLC,scRNA-seq,Chan_2021_RU1311A_T_1,Cell_type_fine
Chan_2021,SCLC,scRNA-seq,Chan_2021_RU1311A_T_1,Copykat.pred
Chan_2021,SCLC,scRNA-seq,Chan_2021_RU1311A_T_1,MP_r_subtype
Chan_2021,SCLC,scRNA-seq,Chan_2021_RU1311A_T_1,Malignant
Chan_2021,SCLC,scRNA-seq,Chan_2021_RU1311A_T_1,Assay
Chan_2021,SCLC,scRNA-seq,Chan_2021_RU1311A_T_1,Ethnicity
Chan_2021,SCLC,scRNA-seq,Chan_2021_RU1311A_T_1,Libsize
Chan_2021,SCLC,scRNA-seq,Chan_2021_RU1311A_T_1,Classical_subtype
Chan_2021,SCLC,scRNA-seq,Chan_2021_RU1322A_LN,nCount_RNA
Chan_2021,SCLC,scRNA-seq,Chan_2021_RU1322A_LN,Reads percentage of mito gene
Chan_2021,SCLC,scRNA-seq,Chan_2021_RU1322A_LN,Copykat.pred
Chan_2021,SCLC,scRNA-seq,Chan_2021_RU1322A_LN,MP_r_subtype
Chan_2021,SCLC,scRNA-seq,Chan_2021_RU1322A_LN,Cell_type
Chan_2021,SCLC,scRNA-seq,Chan_2021_RU1322A_LN,nGenes
Chan_2021,SCLC,scRNA-seq,Chan_2021_RU1322A_LN,Cell_type_fine
Chan_2021,SCLC,scRNA-seq,Chan_2021_RU1322A_LN,Reads percentage of RBP gene
Chan_2021,SCLC,scRNA-seq,Chan_2021_RU1322A_LN,Libsize
Chan_2021,SCLC,scRNA-seq,Chan_2021_RU1322A_LN,nFeature_RNA
Chan_2021,SCLC,scRNA-seq,Chan_2021_RU1322A_LN,Cell_type_general
Chan_2021,SCLC,scRNA-seq,Chan_2021_RU1322A_LN,H_knn
Chan_2021,SCLC,scRNA-seq,Chan_2021_RU1322A_LN,Cell type
Chan_2021,SCLC,scRNA-seq,Chan_2021_RU1322A_LN,Tissue
Chan_2021,SCLC,scRNA-seq,Chan_2021_RU1322A_LN,Classical_subtype
Chan_2021,SCLC,scRNA-seq,Chan_2021_RU1322A_LN,Ethnicity
Chan_2021,SCLC,scRNA-seq,Chan_2021_RU1322A_LN,Treatment_drug
Chan_2021,SCLC,scRNA-seq,Chan_2021_RU1322A_LN,Cell_type_v2
Chan_2021,SCLC,scRNA-seq,Chan_2021_RU1322A_LN,Assay
Chan_2021,SCLC,scRNA-seq,Chan_2021_RU1322A_LN,Malignant
Chan_2021,SCLC,scRNA-seq,Chan_2021_RU426B,H_knn
Chan_2021,SCLC,scRNA-seq,Chan_2021_RU426B,Copykat.pred
Chan_2021,SCLC,scRNA-seq,Chan_2021_RU426B,Cell_type
Chan_2021,SCLC,scRNA-seq,Chan_2021_RU426B,Cell_type_general
Chan_2021,SCLC,scRNA-seq,Chan_2021_RU426B,Reads percentage of mito gene
Chan_2021,SCLC,scRNA-seq,Chan_2021_RU426B,nFeature_RNA
Chan_2021,SCLC,scRNA-seq,Chan_2021_RU426B,MP_r_subtype
Chan_2021,SCLC,scRNA-seq,Chan_2021_RU426B,Tissue
Chan_2021,SCLC,scRNA-seq,Chan_2021_RU426B,Assay
Chan_2021,SCLC,scRNA-seq,Chan_2021_RU426B,Cell_type_fine
Chan_2021,SCLC,scRNA-seq,Chan_2021_RU426B,Malignant
Chan_2021,SCLC,scRNA-seq,Chan_2021_RU426B,Cell_type_v2
Chan_2021,SCLC,scRNA-seq,Chan_2021_RU426B,Classical_subtype
Chan_2021,SCLC,scRNA-seq,Chan_2021_RU426B,nCount_RNA
Chan_2021,SCLC,scRNA-seq,Chan_2021_RU426B,Cell type
Chan_2021,SCLC,scRNA-seq,Chan_2021_RU426B,Reads percentage of RBP gene
Chan_2021,SCLC,scRNA-seq,Chan_2021_RU426B,Treatment_drug
Chan_2021,SCLC,scRNA-seq,Chan_2021_RU426B,Libsize
Chan_2021,SCLC,scRNA-seq,Chan_2021_RU426B,Ethnicity
Chan_2021,SCLC,scRNA-seq,Chan_2021_RU426B,nGenes
Chan_2021,SCLC,scRNA-seq,Chan_2021_RU779D,H_knn
Chan_2021,SCLC,scRNA-seq,Chan_2021_RU779D,Cell_type_general
Chan_2021,SCLC,scRNA-seq,Chan_2021_RU779D,Reads percentage of mito gene
Chan_2021,SCLC,scRNA-seq,Chan_2021_RU779D,Cell type
Chan_2021,SCLC,scRNA-seq,Chan_2021_RU779D,MP_r_subtype
Chan_2021,SCLC,scRNA-seq,Chan_2021_RU779D,Cell_type_v2
Chan_2021,SCLC,scRNA-seq,Chan_2021_RU779D,Assay
Chan_2021,SCLC,scRNA-seq,Chan_2021_RU779D,Ethnicity
Chan_2021,SCLC,scRNA-seq,Chan_2021_RU779D,Cell_type_fine
Chan_2021,SCLC,scRNA-seq,Chan_2021_RU779D,nFeature_RNA
Chan_2021,SCLC,scRNA-seq,Chan_2021_RU779D,Tissue
Chan_2021,SCLC,scRNA-seq,Chan_2021_RU779D,Cell_type
Chan_2021,SCLC,scRNA-seq,Chan_2021_RU779D,nCount_RNA
Chan_2021,SCLC,scRNA-seq,Chan_2021_RU779D,Malignant
Chan_2021,SCLC,scRNA-seq,Chan_2021_RU779D,Treatment_drug
Chan_2021,SCLC,scRNA-seq,Chan_2021_RU779D,Libsize
Chan_2021,SCLC,scRNA-seq,Chan_2021_RU779D,Copykat.pred
Chan_2021,SCLC,scRNA-seq,Chan_2021_RU779D,Reads percentage of RBP gene
Chan_2021,SCLC,scRNA-seq,Chan_2021_RU779D,nGenes
Chan_2021,SCLC,scRNA-seq,Chan_2021_RU779D,Classical_subtype
Deng_2024,LUAD,scRNA-seq,Deng_2024_P002,nCount_RNA
Deng_2024,LUAD,scRNA-seq,Deng_2024_P002,MP_r_subtype
Deng_2024,LUAD,scRNA-seq,Deng_2024_P002,Reads percentage of mito gene
Deng_2024,LUAD,scRNA-seq,Deng_2024_P002,Malignant
Deng_2024,LUAD,scRNA-seq,Deng_2024_P002,Cell_type
Deng_2024,LUAD,scRNA-seq,Deng_2024_P002,Copykat.pred
Deng_2024,LUAD,scRNA-seq,Deng_2024_P002,Classical_subtype
Deng_2024,LUAD,scRNA-seq,Deng_2024_P002,nFeature_RNA
Deng_2024,LUAD,scRNA-seq,Deng_2024_P004,MP_r_subtype
Deng_2024,LUAD,scRNA-seq,Deng_2024_P004,Cell_type
Deng_2024,LUAD,scRNA-seq,Deng_2024_P004,Copykat.pred
Deng_2024,LUAD,scRNA-seq,Deng_2024_P004,Malignant
Deng_2024,LUAD,scRNA-seq,Deng_2024_P004,nFeature_RNA
Deng_2024,LUAD,scRNA-seq,Deng_2024_P004,nCount_RNA
Deng_2024,LUAD,scRNA-seq,Deng_2024_P004,Reads percentage of mito gene
Deng_2024,LUAD,scRNA-seq,Deng_2024_P004,Classical_subtype
Deng_2024,LUAD,scRNA-seq,Deng_2024_P006,Copykat.pred
Deng_2024,LUAD,scRNA-seq,Deng_2024_P006,nCount_RNA
Deng_2024,LUAD,scRNA-seq,Deng_2024_P006,Classical_subtype
Deng_2024,LUAD,scRNA-seq,Deng_2024_P006,Malignant
Deng_2024,LUAD,scRNA-seq,Deng_2024_P006,MP_r_subtype
Deng_2024,LUAD,scRNA-seq,Deng_2024_P006,nFeature_RNA
Deng_2024,LUAD,scRNA-seq,Deng_2024_P006,Cell_type
Deng_2024,LUAD,scRNA-seq,Deng_2024_P006,Reads percentage of mito gene
Deng_2024,LUAD,scRNA-seq,Deng_2024_P007,nCount_RNA
Deng_2024,LUAD,scRNA-seq,Deng_2024_P007,MP_r_subtype
Deng_2024,LUAD,scRNA-seq,Deng_2024_P007,Malignant
Deng_2024,LUAD,scRNA-seq,Deng_2024_P007,Copykat.pred
Deng_2024,LUAD,scRNA-seq,Deng_2024_P007,nFeature_RNA
Deng_2024,LUAD,scRNA-seq,Deng_2024_P007,Classical_subtype
Deng_2024,LUAD,scRNA-seq,Deng_2024_P007,Cell_type
Deng_2024,LUAD,scRNA-seq,Deng_2024_P007,Reads percentage of mito gene
Deng_2024,LUAD,scRNA-seq,Deng_2024_P008,Copykat.pred
Deng_2024,LUAD,scRNA-seq,Deng_2024_P008,Malignant
Deng_2024,LUAD,scRNA-seq,Deng_2024_P008,nCount_RNA
Deng_2024,LUAD,scRNA-seq,Deng_2024_P008,nFeature_RNA
Deng_2024,LUAD,scRNA-seq,Deng_2024_P008,Classical_subtype
Deng_2024,LUAD,scRNA-seq,Deng_2024_P008,MP_r_subtype
Deng_2024,LUAD,scRNA-seq,Deng_2024_P008,Reads percentage of mito gene
Deng_2024,LUAD,scRNA-seq,Deng_2024_P008,Cell_type
Deng_2024,LUAD,scRNA-seq,Deng_2024_P010,nCount_RNA
Deng_2024,LUAD,scRNA-seq,Deng_2024_P010,Malignant
Deng_2024,LUAD,scRNA-seq,Deng_2024_P010,nFeature_RNA
Deng_2024,LUAD,scRNA-seq,Deng_2024_P010,Classical_subtype
Deng_2024,LUAD,scRNA-seq,Deng_2024_P010,Copykat.pred
Deng_2024,LUAD,scRNA-seq,Deng_2024_P010,MP_r_subtype
Deng_2024,LUAD,scRNA-seq,Deng_2024_P010,Reads percentage of mito gene
Deng_2024,LUAD,scRNA-seq,Deng_2024_P010,Cell_type
Deng_2024,LUAD,scRNA-seq,Deng_2024_P011,nCount_RNA
Deng_2024,LUAD,scRNA-seq,Deng_2024_P011,Copykat.pred
Deng_2024,LUAD,scRNA-seq,Deng_2024_P011,Classical_subtype
Deng_2024,LUAD,scRNA-seq,Deng_2024_P011,Malignant
Deng_2024,LUAD,scRNA-seq,Deng_2024_P011,Reads percentage of mito gene
Deng_2024,LUAD,scRNA-seq,Deng_2024_P011,nFeature_RNA
Deng_2024,LUAD,scRNA-seq,Deng_2024_P011,MP_r_subtype
Deng_2024,LUAD,scRNA-seq,Deng_2024_P011,Cell_type
Deng_2024,LUAD,scRNA-seq,Deng_2024_P012,nCount_RNA
Deng_2024,LUAD,scRNA-seq,Deng_2024_P012,Cell_type
Deng_2024,LUAD,scRNA-seq,Deng_2024_P012,nFeature_RNA
Deng_2024,LUAD,scRNA-seq,Deng_2024_P012,Classical_subtype
Deng_2024,LUAD,scRNA-seq,Deng_2024_P012,Copykat.pred
Deng_2024,LUAD,scRNA-seq,Deng_2024_P012,Malignant
Deng_2024,LUAD,scRNA-seq,Deng_2024_P012,MP_r_subtype
Deng_2024,LUAD,scRNA-seq,Deng_2024_P012,Reads percentage of mito gene
Deng_2024,LUAD,scRNA-seq,Deng_2024_P013,nCount_RNA
Deng_2024,LUAD,scRNA-seq,Deng_2024_P013,nFeature_RNA
Deng_2024,LUAD,scRNA-seq,Deng_2024_P013,Classical_subtype
Deng_2024,LUAD,scRNA-seq,Deng_2024_P013,Reads percentage of mito gene
Deng_2024,LUAD,scRNA-seq,Deng_2024_P013,Malignant
Deng_2024,LUAD,scRNA-seq,Deng_2024_P013,MP_r_subtype
Deng_2024,LUAD,scRNA-seq,Deng_2024_P013,Copykat.pred
Deng_2024,LUAD,scRNA-seq,Deng_2024_P013,Cell_type
Deng_2024,LUAD,scRNA-seq,Deng_2024_P014,nFeature_RNA
Deng_2024,LUAD,scRNA-seq,Deng_2024_P014,nCount_RNA
Deng_2024,LUAD,scRNA-seq,Deng_2024_P014,Classical_subtype
Deng_2024,LUAD,scRNA-seq,Deng_2024_P014,Reads percentage of mito gene
Deng_2024,LUAD,scRNA-seq,Deng_2024_P014,MP_r_subtype
Deng_2024,LUAD,scRNA-seq,Deng_2024_P014,Malignant
Deng_2024,LUAD,scRNA-seq,Deng_2024_P014,Cell_type
Deng_2024,LUAD,scRNA-seq,Deng_2024_P014,Copykat.pred
Deng_2024,LUAD,scRNA-seq,Deng_2024_P016,nCount_RNA
Deng_2024,LUAD,scRNA-seq,Deng_2024_P016,nFeature_RNA
Deng_2024,LUAD,scRNA-seq,Deng_2024_P016,Reads percentage of mito gene
Deng_2024,LUAD,scRNA-seq,Deng_2024_P016,Classical_subtype
Deng_2024,LUAD,scRNA-seq,Deng_2024_P016,Cell_type
Deng_2024,LUAD,scRNA-seq,Deng_2024_P016,MP_r_subtype
Deng_2024,LUAD,scRNA-seq,Deng_2024_P016,Copykat.pred
Deng_2024,LUAD,scRNA-seq,Deng_2024_P016,Malignant
Deng_2024,LUAD,scRNA-seq,Deng_2024_P017,nFeature_RNA
Deng_2024,LUAD,scRNA-seq,Deng_2024_P017,Classical_subtype
Deng_2024,LUAD,scRNA-seq,Deng_2024_P017,nCount_RNA
Deng_2024,LUAD,scRNA-seq,Deng_2024_P017,Cell_type
Deng_2024,LUAD,scRNA-seq,Deng_2024_P017,Reads percentage of mito gene
Deng_2024,LUAD,scRNA-seq,Deng_2024_P017,Copykat.pred
Deng_2024,LUAD,scRNA-seq,Deng_2024_P017,Malignant
Deng_2024,LUAD,scRNA-seq,Deng_2024_P017,MP_r_subtype
Deng_2024,LUAD,scRNA-seq,Deng_2024_P018,Reads percentage of mito gene
Deng_2024,LUAD,scRNA-seq,Deng_2024_P018,Copykat.pred
Deng_2024,LUAD,scRNA-seq,Deng_2024_P018,Cell_type
Deng_2024,LUAD,scRNA-seq,Deng_2024_P018,nCount_RNA
Deng_2024,LUAD,scRNA-seq,Deng_2024_P018,Classical_subtype
Deng_2024,LUAD,scRNA-seq,Deng_2024_P018,nFeature_RNA
Deng_2024,LUAD,scRNA-seq,Deng_2024_P018,Malignant
Deng_2024,LUAD,scRNA-seq,Deng_2024_P018,MP_r_subtype
Deng_2024,LUAD,scRNA-seq,Deng_2024_P019,Classical_subtype
Deng_2024,LUAD,scRNA-seq,Deng_2024_P019,Malignant
Deng_2024,LUAD,scRNA-seq,Deng_2024_P019,Cell_type
Deng_2024,LUAD,scRNA-seq,Deng_2024_P019,nFeature_RNA
Deng_2024,LUAD,scRNA-seq,Deng_2024_P019,MP_r_subtype
Deng_2024,LUAD,scRNA-seq,Deng_2024_P019,Copykat.pred
Deng_2024,LUAD,scRNA-seq,Deng_2024_P019,Reads percentage of mito gene
Deng_2024,LUAD,scRNA-seq,Deng_2024_P019,nCount_RNA
Deng_2024,LUAD,scRNA-seq,Deng_2024_P020,nCount_RNA
Deng_2024,LUAD,scRNA-seq,Deng_2024_P020,MP_r_subtype
Deng_2024,LUAD,scRNA-seq,Deng_2024_P020,Copykat.pred
Deng_2024,LUAD,scRNA-seq,Deng_2024_P020,Reads percentage of mito gene
Deng_2024,LUAD,scRNA-seq,Deng_2024_P020,nFeature_RNA
Deng_2024,LUAD,scRNA-seq,Deng_2024_P020,Classical_subtype
Deng_2024,LUAD,scRNA-seq,Deng_2024_P020,Malignant
Deng_2024,LUAD,scRNA-seq,Deng_2024_P020,Cell_type
Deng_2024,LUAD,scRNA-seq,Deng_2024_P021,Cell_type
Deng_2024,LUAD,scRNA-seq,Deng_2024_P021,nFeature_RNA
Deng_2024,LUAD,scRNA-seq,Deng_2024_P021,nCount_RNA
Deng_2024,LUAD,scRNA-seq,Deng_2024_P021,Malignant
Deng_2024,LUAD,scRNA-seq,Deng_2024_P021,Copykat.pred
Deng_2024,LUAD,scRNA-seq,Deng_2024_P021,Reads percentage of mito gene
Deng_2024,LUAD,scRNA-seq,Deng_2024_P021,Classical_subtype
Deng_2024,LUAD,scRNA-seq,Deng_2024_P021,MP_r_subtype
Deng_2024,LUAD,scRNA-seq,Deng_2024_P022,nCount_RNA
Deng_2024,LUAD,scRNA-seq,Deng_2024_P022,Copykat.pred
Deng_2024,LUAD,scRNA-seq,Deng_2024_P022,Reads percentage of mito gene
Deng_2024,LUAD,scRNA-seq,Deng_2024_P022,nFeature_RNA
Deng_2024,LUAD,scRNA-seq,Deng_2024_P022,MP_r_subtype
Deng_2024,LUAD,scRNA-seq,Deng_2024_P022,Malignant
Deng_2024,LUAD,scRNA-seq,Deng_2024_P022,Cell_type
Deng_2024,LUAD,scRNA-seq,Deng_2024_P022,Classical_subtype
Deng_2024,LUAD,scRNA-seq,Deng_2024_P023,Cell_type
Deng_2024,LUAD,scRNA-seq,Deng_2024_P023,nCount_RNA
Deng_2024,LUAD,scRNA-seq,Deng_2024_P023,Malignant
Deng_2024,LUAD,scRNA-seq,Deng_2024_P023,Copykat.pred
Deng_2024,LUAD,scRNA-seq,Deng_2024_P023,Reads percentage of mito gene
Deng_2024,LUAD,scRNA-seq,Deng_2024_P023,nFeature_RNA
Deng_2024,LUAD,scRNA-seq,Deng_2024_P023,MP_r_subtype
Deng_2024,LUAD,scRNA-seq,Deng_2024_P023,Classical_subtype
Deng_2024,LUAD,scRNA-seq,Deng_2024_P024,nCount_RNA
Deng_2024,LUAD,scRNA-seq,Deng_2024_P024,Copykat.pred
Deng_2024,LUAD,scRNA-seq,Deng_2024_P024,nFeature_RNA
Deng_2024,LUAD,scRNA-seq,Deng_2024_P024,MP_r_subtype
Deng_2024,LUAD,scRNA-seq,Deng_2024_P024,Malignant
Deng_2024,LUAD,scRNA-seq,Deng_2024_P024,Cell_type
Deng_2024,LUAD,scRNA-seq,Deng_2024_P024,Reads percentage of mito gene
Deng_2024,LUAD,scRNA-seq,Deng_2024_P024,Classical_subtype
Deng_2024,LUAD,scRNA-seq,Deng_2024_P025,nCount_RNA
Deng_2024,LUAD,scRNA-seq,Deng_2024_P025,Malignant
Deng_2024,LUAD,scRNA-seq,Deng_2024_P025,Copykat.pred
Deng_2024,LUAD,scRNA-seq,Deng_2024_P025,Reads percentage of mito gene
Deng_2024,LUAD,scRNA-seq,Deng_2024_P025,nFeature_RNA
Deng_2024,LUAD,scRNA-seq,Deng_2024_P025,MP_r_subtype
Deng_2024,LUAD,scRNA-seq,Deng_2024_P025,Cell_type
Deng_2024,LUAD,scRNA-seq,Deng_2024_P025,Classical_subtype
Deng_2024,LUAD,scRNA-seq,Deng_2024_P027,nCount_RNA
Deng_2024,LUAD,scRNA-seq,Deng_2024_P027,nFeature_RNA
Deng_2024,LUAD,scRNA-seq,Deng_2024_P027,MP_r_subtype
Deng_2024,LUAD,scRNA-seq,Deng_2024_P027,Malignant
Deng_2024,LUAD,scRNA-seq,Deng_2024_P027,Cell_type
Deng_2024,LUAD,scRNA-seq,Deng_2024_P027,Reads percentage of mito gene
Deng_2024,LUAD,scRNA-seq,Deng_2024_P027,Classical_subtype
Deng_2024,LUAD,scRNA-seq,Deng_2024_P027,Copykat.pred
Deng_2024,LUAD,scRNA-seq,Deng_2024_P028,nCount_RNA
Deng_2024,LUAD,scRNA-seq,Deng_2024_P028,Copykat.pred
Deng_2024,LUAD,scRNA-seq,Deng_2024_P028,Reads percentage of mito gene
Deng_2024,LUAD,scRNA-seq,Deng_2024_P028,nFeature_RNA
Deng_2024,LUAD,scRNA-seq,Deng_2024_P028,MP_r_subtype
Deng_2024,LUAD,scRNA-seq,Deng_2024_P028,Malignant
Deng_2024,LUAD,scRNA-seq,Deng_2024_P028,Cell_type
Deng_2024,LUAD,scRNA-seq,Deng_2024_P028,Classical_subtype
Deng_2024,LUAD,scRNA-seq,Deng_2024_P029,nFeature_RNA
Deng_2024,LUAD,scRNA-seq,Deng_2024_P029,nCount_RNA
Deng_2024,LUAD,scRNA-seq,Deng_2024_P029,Malignant
Deng_2024,LUAD,scRNA-seq,Deng_2024_P029,Cell_type
Deng_2024,LUAD,scRNA-seq,Deng_2024_P029,Reads percentage of mito gene
Deng_2024,LUAD,scRNA-seq,Deng_2024_P029,Classical_subtype
Deng_2024,LUAD,scRNA-seq,Deng_2024_P029,MP_r_subtype
Deng_2024,LUAD,scRNA-seq,Deng_2024_P029,Copykat.pred
Deng_2024,LUAD,scRNA-seq,Deng_2024_P031,Copykat.pred
Deng_2024,LUAD,scRNA-seq,Deng_2024_P031,Reads percentage of mito gene
Deng_2024,LUAD,scRNA-seq,Deng_2024_P031,nCount_RNA
Deng_2024,LUAD,scRNA-seq,Deng_2024_P031,MP_r_subtype
Deng_2024,LUAD,scRNA-seq,Deng_2024_P031,Malignant
Deng_2024,LUAD,scRNA-seq,Deng_2024_P031,Cell_type
Deng_2024,LUAD,scRNA-seq,Deng_2024_P031,nFeature_RNA
Deng_2024,LUAD,scRNA-seq,Deng_2024_P031,Classical_subtype
Deng_2024,LUAD,scRNA-seq,Deng_2024_P032,Classical_subtype
Deng_2024,LUAD,scRNA-seq,Deng_2024_P032,Malignant
Deng_2024,LUAD,scRNA-seq,Deng_2024_P032,Cell_type
Deng_2024,LUAD,scRNA-seq,Deng_2024_P032,nFeature_RNA
Deng_2024,LUAD,scRNA-seq,Deng_2024_P032,MP_r_subtype
Deng_2024,LUAD,scRNA-seq,Deng_2024_P032,Copykat.pred
Deng_2024,LUAD,scRNA-seq,Deng_2024_P032,Reads percentage of mito gene
Deng_2024,LUAD,scRNA-seq,Deng_2024_P032,nCount_RNA
Deng_2024,LUAD,scRNA-seq,Deng_2024_P033,nFeature_RNA
Deng_2024,LUAD,scRNA-seq,Deng_2024_P033,Reads percentage of mito gene
Deng_2024,LUAD,scRNA-seq,Deng_2024_P033,MP_r_subtype
Deng_2024,LUAD,scRNA-seq,Deng_2024_P033,nCount_RNA
Deng_2024,LUAD,scRNA-seq,Deng_2024_P033,Classical_subtype
Deng_2024,LUAD,scRNA-seq,Deng_2024_P033,Copykat.pred
Deng_2024,LUAD,scRNA-seq,Deng_2024_P033,Cell_type
Deng_2024,LUAD,scRNA-seq,Deng_2024_P033,Malignant
Deng_2024,LUAD,scRNA-seq,Deng_2024_P034,nFeature_RNA
Deng_2024,LUAD,scRNA-seq,Deng_2024_P034,Reads percentage of mito gene
Deng_2024,LUAD,scRNA-seq,Deng_2024_P034,Cell_type
Deng_2024,LUAD,scRNA-seq,Deng_2024_P034,Malignant
Deng_2024,LUAD,scRNA-seq,Deng_2024_P034,Copykat.pred
Deng_2024,LUAD,scRNA-seq,Deng_2024_P034,Classical_subtype
Deng_2024,LUAD,scRNA-seq,Deng_2024_P034,nCount_RNA
Deng_2024,LUAD,scRNA-seq,Deng_2024_P034,MP_r_subtype
Deng_2024,LUAD,scRNA-seq,Deng_2024_P035,Reads percentage of mito gene
Deng_2024,LUAD,scRNA-seq,Deng_2024_P035,Cell_type
Deng_2024,LUAD,scRNA-seq,Deng_2024_P035,nFeature_RNA
Deng_2024,LUAD,scRNA-seq,Deng_2024_P035,Copykat.pred
Deng_2024,LUAD,scRNA-seq,Deng_2024_P035,nCount_RNA
Deng_2024,LUAD,scRNA-seq,Deng_2024_P035,Malignant
Deng_2024,LUAD,scRNA-seq,Deng_2024_P035,MP_r_subtype
Deng_2024,LUAD,scRNA-seq,Deng_2024_P035,Classical_subtype
Deng_2024,LUAD,scRNA-seq,Deng_2024_P036,Cell_type
Deng_2024,LUAD,scRNA-seq,Deng_2024_P036,Copykat.pred
Deng_2024,LUAD,scRNA-seq,Deng_2024_P036,Reads percentage of mito gene
Deng_2024,LUAD,scRNA-seq,Deng_2024_P036,nFeature_RNA
Deng_2024,LUAD,scRNA-seq,Deng_2024_P036,Malignant
Deng_2024,LUAD,scRNA-seq,Deng_2024_P036,nCount_RNA
Deng_2024,LUAD,scRNA-seq,Deng_2024_P036,Classical_subtype
Deng_2024,LUAD,scRNA-seq,Deng_2024_P036,MP_r_subtype
Deng_2024,LUAD,scRNA-seq,Deng_2024_P037,Copykat.pred
Deng_2024,LUAD,scRNA-seq,Deng_2024_P037,Cell_type
Deng_2024,LUAD,scRNA-seq,Deng_2024_P037,nFeature_RNA
Deng_2024,LUAD,scRNA-seq,Deng_2024_P037,Reads percentage of mito gene
Deng_2024,LUAD,scRNA-seq,Deng_2024_P037,Malignant
Deng_2024,LUAD,scRNA-seq,Deng_2024_P037,nCount_RNA
Deng_2024,LUAD,scRNA-seq,Deng_2024_P037,MP_r_subtype
Deng_2024,LUAD,scRNA-seq,Deng_2024_P037,Classical_subtype
Deng_2024,LUAD,scRNA-seq,Deng_2024_P040,Malignant
Deng_2024,LUAD,scRNA-seq,Deng_2024_P040,nFeature_RNA
Deng_2024,LUAD,scRNA-seq,Deng_2024_P040,Reads percentage of mito gene
Deng_2024,LUAD,scRNA-seq,Deng_2024_P040,Cell_type
Deng_2024,LUAD,scRNA-seq,Deng_2024_P040,nCount_RNA
Deng_2024,LUAD,scRNA-seq,Deng_2024_P040,MP_r_subtype
Deng_2024,LUAD,scRNA-seq,Deng_2024_P040,Copykat.pred
Deng_2024,LUAD,scRNA-seq,Deng_2024_P040,Classical_subtype
Deng_2024,LUAD,scRNA-seq,Deng_2024_P041,Copykat.pred
Deng_2024,LUAD,scRNA-seq,Deng_2024_P041,nFeature_RNA
Deng_2024,LUAD,scRNA-seq,Deng_2024_P041,MP_r_subtype
Deng_2024,LUAD,scRNA-seq,Deng_2024_P041,Malignant
Deng_2024,LUAD,scRNA-seq,Deng_2024_P041,Reads percentage of mito gene
Deng_2024,LUAD,scRNA-seq,Deng_2024_P041,nCount_RNA
Deng_2024,LUAD,scRNA-seq,Deng_2024_P041,Cell_type
Deng_2024,LUAD,scRNA-seq,Deng_2024_P041,Classical_subtype
Deng_2024,LUAD,scRNA-seq,Deng_2024_P042,Copykat.pred
Deng_2024,LUAD,scRNA-seq,Deng_2024_P042,Malignant
Deng_2024,LUAD,scRNA-seq,Deng_2024_P042,nFeature_RNA
Deng_2024,LUAD,scRNA-seq,Deng_2024_P042,Cell_type
Deng_2024,LUAD,scRNA-seq,Deng_2024_P042,nCount_RNA
Deng_2024,LUAD,scRNA-seq,Deng_2024_P042,MP_r_subtype
Deng_2024,LUAD,scRNA-seq,Deng_2024_P042,Reads percentage of mito gene
Deng_2024,LUAD,scRNA-seq,Deng_2024_P042,Classical_subtype
Deng_2024,LUAD,scRNA-seq,Deng_2024_P043,Copykat.pred
Deng_2024,LUAD,scRNA-seq,Deng_2024_P043,Malignant
Deng_2024,LUAD,scRNA-seq,Deng_2024_P043,nFeature_RNA
Deng_2024,LUAD,scRNA-seq,Deng_2024_P043,nCount_RNA
Deng_2024,LUAD,scRNA-seq,Deng_2024_P043,MP_r_subtype
Deng_2024,LUAD,scRNA-seq,Deng_2024_P043,Classical_subtype
Deng_2024,LUAD,scRNA-seq,Deng_2024_P043,Reads percentage of mito gene
Deng_2024,LUAD,scRNA-seq,Deng_2024_P043,Cell_type
Deng_2024,LUAD,scRNA-seq,Deng_2024_P045,Malignant
Deng_2024,LUAD,scRNA-seq,Deng_2024_P045,Copykat.pred
Deng_2024,LUAD,scRNA-seq,Deng_2024_P045,nCount_RNA
Deng_2024,LUAD,scRNA-seq,Deng_2024_P045,MP_r_subtype
Deng_2024,LUAD,scRNA-seq,Deng_2024_P045,Cell_type
Deng_2024,LUAD,scRNA-seq,Deng_2024_P045,Reads percentage of mito gene
Deng_2024,LUAD,scRNA-seq,Deng_2024_P045,nFeature_RNA
Deng_2024,LUAD,scRNA-seq,Deng_2024_P045,Classical_subtype
Deng_2024,LUAD,scRNA-seq,Deng_2024_P047,Malignant
Deng_2024,LUAD,scRNA-seq,Deng_2024_P047,Copykat.pred
Deng_2024,LUAD,scRNA-seq,Deng_2024_P047,MP_r_subtype
Deng_2024,LUAD,scRNA-seq,Deng_2024_P047,nFeature_RNA
Deng_2024,LUAD,scRNA-seq,Deng_2024_P047,Reads percentage of mito gene
Deng_2024,LUAD,scRNA-seq,Deng_2024_P047,nCount_RNA
Deng_2024,LUAD,scRNA-seq,Deng_2024_P047,Classical_subtype
Deng_2024,LUAD,scRNA-seq,Deng_2024_P047,Cell_type
Deng_2024,LUAD,scRNA-seq,Deng_2024_P048,nCount_RNA
Deng_2024,LUAD,scRNA-seq,Deng_2024_P048,Malignant
Deng_2024,LUAD,scRNA-seq,Deng_2024_P048,Classical_subtype
Deng_2024,LUAD,scRNA-seq,Deng_2024_P048,MP_r_subtype
Deng_2024,LUAD,scRNA-seq,Deng_2024_P048,Reads percentage of mito gene
Deng_2024,LUAD,scRNA-seq,Deng_2024_P048,Cell_type
Deng_2024,LUAD,scRNA-seq,Deng_2024_P048,Copykat.pred
Deng_2024,LUAD,scRNA-seq,Deng_2024_P048,nFeature_RNA
Deng_2024,LUAD,scRNA-seq,Deng_2024_P049,MP_r_subtype
Deng_2024,LUAD,scRNA-seq,Deng_2024_P049,nCount_RNA
Deng_2024,LUAD,scRNA-seq,Deng_2024_P049,Cell_type
Deng_2024,LUAD,scRNA-seq,Deng_2024_P049,Copykat.pred
Deng_2024,LUAD,scRNA-seq,Deng_2024_P049,Reads percentage of mito gene
Deng_2024,LUAD,scRNA-seq,Deng_2024_P049,Malignant
Deng_2024,LUAD,scRNA-seq,Deng_2024_P049,nFeature_RNA
Deng_2024,LUAD,scRNA-seq,Deng_2024_P049,Classical_subtype
Dolgalev_2023,LUAD,scRNA-seq,Dolgalev_2023_NYU1057.T,nCount RNA
Dolgalev_2023,LUAD,scRNA-seq,Dolgalev_2023_NYU1057.T,CNV_chr20_Proportion
Dolgalev_2023,LUAD,scRNA-seq,Dolgalev_2023_NYU1057.T,Label_kim2020_type_infercnv
Dolgalev_2023,LUAD,scRNA-seq,Dolgalev_2023_NYU1057.T,Refined_type
Dolgalev_2023,LUAD,scRNA-seq,Dolgalev_2023_NYU1057.T,Label_Kim2020_subtypes
Dolgalev_2023,LUAD,scRNA-seq,Dolgalev_2023_NYU1057.T,Label_Zilionis2019_types
Dolgalev_2023,LUAD,scRNA-seq,Dolgalev_2023_NYU1057.T,scDblFinder cxds_score
Dolgalev_2023,LUAD,scRNA-seq,Dolgalev_2023_NYU1057.T,Label_kim2020_subtype_infercnv
Dolgalev_2023,LUAD,scRNA-seq,Dolgalev_2023_NYU1057.T,MP_r_subtype
Dolgalev_2023,LUAD,scRNA-seq,Dolgalev_2023_NYU1057.T,CNV_chr13_Proportion
Dolgalev_2023,LUAD,scRNA-seq,Dolgalev_2023_NYU1057.T,Classical_subtype
Dolgalev_2023,LUAD,scRNA-seq,Dolgalev_2023_NYU1057.T,scDblFinder score
Dolgalev_2023,LUAD,scRNA-seq,Dolgalev_2023_NYU1057.T,Refined_subtype
Dolgalev_2023,LUAD,scRNA-seq,Dolgalev_2023_NYU1057.T,CNV_chr12_Proportion
Dolgalev_2023,LUAD,scRNA-seq,Dolgalev_2023_NYU1057.T,CNV_chr14_Proportion
Dolgalev_2023,LUAD,scRNA-seq,Dolgalev_2023_NYU1057.T,Cluster
Dolgalev_2023,LUAD,scRNA-seq,Dolgalev_2023_NYU1057.T,scDblFinder weighted
Dolgalev_2023,LUAD,scRNA-seq,Dolgalev_2023_NYU1057.T,CNV_chr7_Proportion
Dolgalev_2023,LUAD,scRNA-seq,Dolgalev_2023_NYU1057.T,nFeature RNA
Dolgalev_2023,LUAD,scRNA-seq,Dolgalev_2023_NYU1057.T,CNV_chr21_Proportion
Dolgalev_2023,LUAD,scRNA-seq,Dolgalev_2023_NYU1057.T,scDblFinder type
Dolgalev_2023,LUAD,scRNA-seq,Dolgalev_2023_NYU1057.T,CNV_chr11_Proportion
Dolgalev_2023,LUAD,scRNA-seq,Dolgalev_2023_NYU1057.T,CNV_chr19_Proportion
Dolgalev_2023,LUAD,scRNA-seq,Dolgalev_2023_NYU1057.T,CNV_chr1_Proportion
Dolgalev_2023,LUAD,scRNA-seq,Dolgalev_2023_NYU1057.T,Infercnv_cell_type
Dolgalev_2023,LUAD,scRNA-seq,Dolgalev_2023_NYU1057.T,CNV_chr9_Proportion
Dolgalev_2023,LUAD,scRNA-seq,Dolgalev_2023_NYU1057.T,CNV_chr6_Proportion
Dolgalev_2023,LUAD,scRNA-seq,Dolgalev_2023_NYU1057.T,CNV_chr18_Proportion
Dolgalev_2023,LUAD,scRNA-seq,Dolgalev_2023_NYU1057.T,CNV_chr8_Proportion
Dolgalev_2023,LUAD,scRNA-seq,Dolgalev_2023_NYU1057.T,CNV_chr22_Proportion
Dolgalev_2023,LUAD,scRNA-seq,Dolgalev_2023_NYU1057.T,CNV_chr10_Proportion
Dolgalev_2023,LUAD,scRNA-seq,Dolgalev_2023_NYU1057.T,CNV_chr4_Proportion
Dolgalev_2023,LUAD,scRNA-seq,Dolgalev_2023_NYU1057.T,CNV_chr15_Proportion
Dolgalev_2023,LUAD,scRNA-seq,Dolgalev_2023_NYU1057.T,CNV_chr2_Proportion
Dolgalev_2023,LUAD,scRNA-seq,Dolgalev_2023_NYU1057.T,CNV_chr5_Proportion
Dolgalev_2023,LUAD,scRNA-seq,Dolgalev_2023_NYU1057.T,CNV_chr17_Proportion
Dolgalev_2023,LUAD,scRNA-seq,Dolgalev_2023_NYU1057.T,Reads percentage of mito gene
Dolgalev_2023,LUAD,scRNA-seq,Dolgalev_2023_NYU1057.T,CNV_chr3_Proportion
Dolgalev_2023,LUAD,scRNA-seq,Dolgalev_2023_NYU1057.T,num_genes
Dolgalev_2023,LUAD,scRNA-seq,Dolgalev_2023_NYU1057.T,Label_kim2020_type
Dolgalev_2023,LUAD,scRNA-seq,Dolgalev_2023_NYU1057.T,CNV_chr16_Proportion
Dolgalev_2023,LUAD,scRNA-seq,Dolgalev_2023_NYU1057.T,num_UMIs
Dolgalev_2023,LUAD,scRNA-seq,Dolgalev_2023_NYU1321.T,MP_r_subtype
Dolgalev_2023,LUAD,scRNA-seq,Dolgalev_2023_NYU1321.T,Refined_type
Dolgalev_2023,LUAD,scRNA-seq,Dolgalev_2023_NYU1321.T,CNV_chr13_Proportion
Dolgalev_2023,LUAD,scRNA-seq,Dolgalev_2023_NYU1321.T,Label_kim2020_type
Dolgalev_2023,LUAD,scRNA-seq,Dolgalev_2023_NYU1321.T,CNV_chr6_Proportion
Dolgalev_2023,LUAD,scRNA-seq,Dolgalev_2023_NYU1321.T,CNV_chr5_Proportion
Dolgalev_2023,LUAD,scRNA-seq,Dolgalev_2023_NYU1321.T,Label_Kim2020_subtypes
Dolgalev_2023,LUAD,scRNA-seq,Dolgalev_2023_NYU1321.T,CNV_chr19_Proportion
Dolgalev_2023,LUAD,scRNA-seq,Dolgalev_2023_NYU1321.T,CNV_chr12_Proportion
Dolgalev_2023,LUAD,scRNA-seq,Dolgalev_2023_NYU1321.T,scDblFinder type
Dolgalev_2023,LUAD,scRNA-seq,Dolgalev_2023_NYU1321.T,CNV_chr18_Proportion
Dolgalev_2023,LUAD,scRNA-seq,Dolgalev_2023_NYU1321.T,CNV_chr2_Proportion
Dolgalev_2023,LUAD,scRNA-seq,Dolgalev_2023_NYU1321.T,scDblFinder weighted
Dolgalev_2023,LUAD,scRNA-seq,Dolgalev_2023_NYU1321.T,Refined_subtype
Dolgalev_2023,LUAD,scRNA-seq,Dolgalev_2023_NYU1321.T,CNV_chr7_Proportion
Dolgalev_2023,LUAD,scRNA-seq,Dolgalev_2023_NYU1321.T,CNV_chr21_Proportion
Dolgalev_2023,LUAD,scRNA-seq,Dolgalev_2023_NYU1321.T,CNV_chr3_Proportion
Dolgalev_2023,LUAD,scRNA-seq,Dolgalev_2023_NYU1321.T,CNV_chr11_Proportion
Dolgalev_2023,LUAD,scRNA-seq,Dolgalev_2023_NYU1321.T,Cluster
Dolgalev_2023,LUAD,scRNA-seq,Dolgalev_2023_NYU1321.T,CNV_chr10_Proportion
Dolgalev_2023,LUAD,scRNA-seq,Dolgalev_2023_NYU1321.T,CNV_chr22_Proportion
Dolgalev_2023,LUAD,scRNA-seq,Dolgalev_2023_NYU1321.T,CNV_chr4_Proportion
Dolgalev_2023,LUAD,scRNA-seq,Dolgalev_2023_NYU1321.T,Label_kim2020_subtype_infercnv
Dolgalev_2023,LUAD,scRNA-seq,Dolgalev_2023_NYU1321.T,CNV_chr8_Proportion
Dolgalev_2023,LUAD,scRNA-seq,Dolgalev_2023_NYU1321.T,num_UMIs
Dolgalev_2023,LUAD,scRNA-seq,Dolgalev_2023_NYU1321.T,num_genes
Dolgalev_2023,LUAD,scRNA-seq,Dolgalev_2023_NYU1321.T,Label_kim2020_type_infercnv
Dolgalev_2023,LUAD,scRNA-seq,Dolgalev_2023_NYU1321.T,CNV_chr9_Proportion
Dolgalev_2023,LUAD,scRNA-seq,Dolgalev_2023_NYU1321.T,CNV_chr15_Proportion
Dolgalev_2023,LUAD,scRNA-seq,Dolgalev_2023_NYU1321.T,CNV_chr16_Proportion
Dolgalev_2023,LUAD,scRNA-seq,Dolgalev_2023_NYU1321.T,scDblFinder cxds_score
Dolgalev_2023,LUAD,scRNA-seq,Dolgalev_2023_NYU1321.T,scDblFinder score
Dolgalev_2023,LUAD,scRNA-seq,Dolgalev_2023_NYU1321.T,Classical_subtype
Dolgalev_2023,LUAD,scRNA-seq,Dolgalev_2023_NYU1321.T,CNV_chr17_Proportion
Dolgalev_2023,LUAD,scRNA-seq,Dolgalev_2023_NYU1321.T,CNV_chr1_Proportion
Dolgalev_2023,LUAD,scRNA-seq,Dolgalev_2023_NYU1321.T,Reads percentage of mito gene
Dolgalev_2023,LUAD,scRNA-seq,Dolgalev_2023_NYU1321.T,CNV_chr20_Proportion
Dolgalev_2023,LUAD,scRNA-seq,Dolgalev_2023_NYU1321.T,CNV_chr14_Proportion
Dolgalev_2023,LUAD,scRNA-seq,Dolgalev_2023_NYU1321.T,Label_Zilionis2019_types
Dolgalev_2023,LUAD,scRNA-seq,Dolgalev_2023_NYU1321.T,nFeature RNA
Dolgalev_2023,LUAD,scRNA-seq,Dolgalev_2023_NYU1321.T,Infercnv_cell_type
Dolgalev_2023,LUAD,scRNA-seq,Dolgalev_2023_NYU1321.T,nCount RNA
Dolgalev_2023,LUAD,scRNA-seq,Dolgalev_2023_NYU1351.T,MP_r_subtype
Dolgalev_2023,LUAD,scRNA-seq,Dolgalev_2023_NYU1351.T,Refined_type
Dolgalev_2023,LUAD,scRNA-seq,Dolgalev_2023_NYU1351.T,Label_Kim2020_subtypes
Dolgalev_2023,LUAD,scRNA-seq,Dolgalev_2023_NYU1351.T,CNV_chr2_Proportion
Dolgalev_2023,LUAD,scRNA-seq,Dolgalev_2023_NYU1351.T,CNV_chr3_Proportion
Dolgalev_2023,LUAD,scRNA-seq,Dolgalev_2023_NYU1351.T,CNV_chr4_Proportion
Dolgalev_2023,LUAD,scRNA-seq,Dolgalev_2023_NYU1351.T,scDblFinder cxds_score
Dolgalev_2023,LUAD,scRNA-seq,Dolgalev_2023_NYU1351.T,Label_kim2020_subtype_infercnv
Dolgalev_2023,LUAD,scRNA-seq,Dolgalev_2023_NYU1351.T,Cluster
Dolgalev_2023,LUAD,scRNA-seq,Dolgalev_2023_NYU1351.T,CNV_chr5_Proportion
Dolgalev_2023,LUAD,scRNA-seq,Dolgalev_2023_NYU1351.T,CNV_chr1_Proportion
Dolgalev_2023,LUAD,scRNA-seq,Dolgalev_2023_NYU1351.T,scDblFinder score
Dolgalev_2023,LUAD,scRNA-seq,Dolgalev_2023_NYU1351.T,Refined_subtype
Dolgalev_2023,LUAD,scRNA-seq,Dolgalev_2023_NYU1351.T,scDblFinder type
Dolgalev_2023,LUAD,scRNA-seq,Dolgalev_2023_NYU1351.T,num_UMIs
Dolgalev_2023,LUAD,scRNA-seq,Dolgalev_2023_NYU1351.T,CNV_chr6_Proportion
Dolgalev_2023,LUAD,scRNA-seq,Dolgalev_2023_NYU1351.T,CNV_chr9_Proportion
Dolgalev_2023,LUAD,scRNA-seq,Dolgalev_2023_NYU1351.T,CNV_chr8_Proportion
Dolgalev_2023,LUAD,scRNA-seq,Dolgalev_2023_NYU1351.T,Label_Zilionis2019_types
Dolgalev_2023,LUAD,scRNA-seq,Dolgalev_2023_NYU1351.T,CNV_chr22_Proportion
Dolgalev_2023,LUAD,scRNA-seq,Dolgalev_2023_NYU1351.T,Infercnv_cell_type
Dolgalev_2023,LUAD,scRNA-seq,Dolgalev_2023_NYU1351.T,CNV_chr7_Proportion
Dolgalev_2023,LUAD,scRNA-seq,Dolgalev_2023_NYU1351.T,CNV_chr13_Proportion
Dolgalev_2023,LUAD,scRNA-seq,Dolgalev_2023_NYU1351.T,CNV_chr17_Proportion
Dolgalev_2023,LUAD,scRNA-seq,Dolgalev_2023_NYU1351.T,Label_kim2020_type_infercnv
Dolgalev_2023,LUAD,scRNA-seq,Dolgalev_2023_NYU1351.T,scDblFinder weighted
Dolgalev_2023,LUAD,scRNA-seq,Dolgalev_2023_NYU1351.T,CNV_chr20_Proportion
Dolgalev_2023,LUAD,scRNA-seq,Dolgalev_2023_NYU1351.T,CNV_chr21_Proportion
Dolgalev_2023,LUAD,scRNA-seq,Dolgalev_2023_NYU1351.T,num_genes
Dolgalev_2023,LUAD,scRNA-seq,Dolgalev_2023_NYU1351.T,Reads percentage of mito gene
Dolgalev_2023,LUAD,scRNA-seq,Dolgalev_2023_NYU1351.T,CNV_chr12_Proportion
Dolgalev_2023,LUAD,scRNA-seq,Dolgalev_2023_NYU1351.T,Label_kim2020_type
Dolgalev_2023,LUAD,scRNA-seq,Dolgalev_2023_NYU1351.T,CNV_chr16_Proportion
Dolgalev_2023,LUAD,scRNA-seq,Dolgalev_2023_NYU1351.T,nFeature RNA
Dolgalev_2023,LUAD,scRNA-seq,Dolgalev_2023_NYU1351.T,CNV_chr10_Proportion
Dolgalev_2023,LUAD,scRNA-seq,Dolgalev_2023_NYU1351.T,CNV_chr14_Proportion
Dolgalev_2023,LUAD,scRNA-seq,Dolgalev_2023_NYU1351.T,nCount RNA
Dolgalev_2023,LUAD,scRNA-seq,Dolgalev_2023_NYU1351.T,Classical_subtype
Dolgalev_2023,LUAD,scRNA-seq,Dolgalev_2023_NYU1351.T,CNV_chr11_Proportion
Dolgalev_2023,LUAD,scRNA-seq,Dolgalev_2023_NYU1351.T,CNV_chr18_Proportion
Dolgalev_2023,LUAD,scRNA-seq,Dolgalev_2023_NYU1351.T,CNV_chr15_Proportion
Dolgalev_2023,LUAD,scRNA-seq,Dolgalev_2023_NYU1351.T,CNV_chr19_Proportion
Dolgalev_2023,LUAD,scRNA-seq,Dolgalev_2023_NYU1364.T,scDblFinder cxds_score
Dolgalev_2023,LUAD,scRNA-seq,Dolgalev_2023_NYU1364.T,CNV_chr5_Proportion
Dolgalev_2023,LUAD,scRNA-seq,Dolgalev_2023_NYU1364.T,Refined_type
Dolgalev_2023,LUAD,scRNA-seq,Dolgalev_2023_NYU1364.T,MP_r_subtype
Dolgalev_2023,LUAD,scRNA-seq,Dolgalev_2023_NYU1364.T,CNV_chr3_Proportion
Dolgalev_2023,LUAD,scRNA-seq,Dolgalev_2023_NYU1364.T,Infercnv_cell_type
Dolgalev_2023,LUAD,scRNA-seq,Dolgalev_2023_NYU1364.T,scDblFinder weighted
Dolgalev_2023,LUAD,scRNA-seq,Dolgalev_2023_NYU1364.T,CNV_chr2_Proportion
Dolgalev_2023,LUAD,scRNA-seq,Dolgalev_2023_NYU1364.T,CNV_chr13_Proportion
Dolgalev_2023,LUAD,scRNA-seq,Dolgalev_2023_NYU1364.T,CNV_chr4_Proportion
Dolgalev_2023,LUAD,scRNA-seq,Dolgalev_2023_NYU1364.T,Label_kim2020_type_infercnv
Dolgalev_2023,LUAD,scRNA-seq,Dolgalev_2023_NYU1364.T,Refined_subtype
Dolgalev_2023,LUAD,scRNA-seq,Dolgalev_2023_NYU1364.T,Cluster
Dolgalev_2023,LUAD,scRNA-seq,Dolgalev_2023_NYU1364.T,Label_Kim2020_subtypes
Dolgalev_2023,LUAD,scRNA-seq,Dolgalev_2023_NYU1364.T,CNV_chr9_Proportion
Dolgalev_2023,LUAD,scRNA-seq,Dolgalev_2023_NYU1364.T,CNV_chr11_Proportion
Dolgalev_2023,LUAD,scRNA-seq,Dolgalev_2023_NYU1364.T,CNV_chr12_Proportion
Dolgalev_2023,LUAD,scRNA-seq,Dolgalev_2023_NYU1364.T,scDblFinder type
Dolgalev_2023,LUAD,scRNA-seq,Dolgalev_2023_NYU1364.T,CNV_chr6_Proportion
Dolgalev_2023,LUAD,scRNA-seq,Dolgalev_2023_NYU1364.T,Label_kim2020_subtype_infercnv
Dolgalev_2023,LUAD,scRNA-seq,Dolgalev_2023_NYU1364.T,scDblFinder score
Dolgalev_2023,LUAD,scRNA-seq,Dolgalev_2023_NYU1364.T,CNV_chr7_Proportion
Dolgalev_2023,LUAD,scRNA-seq,Dolgalev_2023_NYU1364.T,Label_kim2020_type
Dolgalev_2023,LUAD,scRNA-seq,Dolgalev_2023_NYU1364.T,num_genes
Dolgalev_2023,LUAD,scRNA-seq,Dolgalev_2023_NYU1364.T,CNV_chr8_Proportion
Dolgalev_2023,LUAD,scRNA-seq,Dolgalev_2023_NYU1364.T,CNV_chr17_Proportion
Dolgalev_2023,LUAD,scRNA-seq,Dolgalev_2023_NYU1364.T,num_UMIs
Dolgalev_2023,LUAD,scRNA-seq,Dolgalev_2023_NYU1364.T,Reads percentage of mito gene
Dolgalev_2023,LUAD,scRNA-seq,Dolgalev_2023_NYU1364.T,CNV_chr18_Proportion
Dolgalev_2023,LUAD,scRNA-seq,Dolgalev_2023_NYU1364.T,Label_Zilionis2019_types
Dolgalev_2023,LUAD,scRNA-seq,Dolgalev_2023_NYU1364.T,nFeature RNA
Dolgalev_2023,LUAD,scRNA-seq,Dolgalev_2023_NYU1364.T,CNV_chr15_Proportion
Dolgalev_2023,LUAD,scRNA-seq,Dolgalev_2023_NYU1364.T,CNV_chr10_Proportion
Dolgalev_2023,LUAD,scRNA-seq,Dolgalev_2023_NYU1364.T,CNV_chr19_Proportion
Dolgalev_2023,LUAD,scRNA-seq,Dolgalev_2023_NYU1364.T,CNV_chr1_Proportion
Dolgalev_2023,LUAD,scRNA-seq,Dolgalev_2023_NYU1364.T,CNV_chr22_Proportion
Dolgalev_2023,LUAD,scRNA-seq,Dolgalev_2023_NYU1364.T,CNV_chr16_Proportion
Dolgalev_2023,LUAD,scRNA-seq,Dolgalev_2023_NYU1364.T,CNV_chr20_Proportion
Dolgalev_2023,LUAD,scRNA-seq,Dolgalev_2023_NYU1364.T,nCount RNA
Dolgalev_2023,LUAD,scRNA-seq,Dolgalev_2023_NYU1364.T,CNV_chr14_Proportion
Dolgalev_2023,LUAD,scRNA-seq,Dolgalev_2023_NYU1364.T,CNV_chr21_Proportion
Dolgalev_2023,LUAD,scRNA-seq,Dolgalev_2023_NYU1364.T,Classical_subtype
Dolgalev_2023,LUAD,scRNA-seq,Dolgalev_2023_NYU1368.T,CNV_chr4_Proportion
Dolgalev_2023,LUAD,scRNA-seq,Dolgalev_2023_NYU1368.T,CNV_chr11_Proportion
Dolgalev_2023,LUAD,scRNA-seq,Dolgalev_2023_NYU1368.T,CNV_chr10_Proportion
Dolgalev_2023,LUAD,scRNA-seq,Dolgalev_2023_NYU1368.T,num_UMIs
Dolgalev_2023,LUAD,scRNA-seq,Dolgalev_2023_NYU1368.T,CNV_chr9_Proportion
Dolgalev_2023,LUAD,scRNA-seq,Dolgalev_2023_NYU1368.T,CNV_chr8_Proportion
Dolgalev_2023,LUAD,scRNA-seq,Dolgalev_2023_NYU1368.T,CNV_chr3_Proportion
Dolgalev_2023,LUAD,scRNA-seq,Dolgalev_2023_NYU1368.T,Label_kim2020_type
Dolgalev_2023,LUAD,scRNA-seq,Dolgalev_2023_NYU1368.T,Classical_subtype
Dolgalev_2023,LUAD,scRNA-seq,Dolgalev_2023_NYU1368.T,CNV_chr2_Proportion
Dolgalev_2023,LUAD,scRNA-seq,Dolgalev_2023_NYU1368.T,CNV_chr7_Proportion
Dolgalev_2023,LUAD,scRNA-seq,Dolgalev_2023_NYU1368.T,scDblFinder score
Dolgalev_2023,LUAD,scRNA-seq,Dolgalev_2023_NYU1368.T,CNV_chr5_Proportion
Dolgalev_2023,LUAD,scRNA-seq,Dolgalev_2023_NYU1368.T,Label_kim2020_type_infercnv
Dolgalev_2023,LUAD,scRNA-seq,Dolgalev_2023_NYU1368.T,nCount RNA
Dolgalev_2023,LUAD,scRNA-seq,Dolgalev_2023_NYU1368.T,nFeature RNA
Dolgalev_2023,LUAD,scRNA-seq,Dolgalev_2023_NYU1368.T,num_genes
Dolgalev_2023,LUAD,scRNA-seq,Dolgalev_2023_NYU1368.T,CNV_chr12_Proportion
Dolgalev_2023,LUAD,scRNA-seq,Dolgalev_2023_NYU1368.T,Label_Zilionis2019_types
Dolgalev_2023,LUAD,scRNA-seq,Dolgalev_2023_NYU1368.T,CNV_chr1_Proportion
Dolgalev_2023,LUAD,scRNA-seq,Dolgalev_2023_NYU1368.T,Reads percentage of mito gene
Dolgalev_2023,LUAD,scRNA-seq,Dolgalev_2023_NYU1368.T,scDblFinder type
Dolgalev_2023,LUAD,scRNA-seq,Dolgalev_2023_NYU1368.T,Infercnv_cell_type
Dolgalev_2023,LUAD,scRNA-seq,Dolgalev_2023_NYU1368.T,CNV_chr19_Proportion
Dolgalev_2023,LUAD,scRNA-seq,Dolgalev_2023_NYU1368.T,CNV_chr22_Proportion
Dolgalev_2023,LUAD,scRNA-seq,Dolgalev_2023_NYU1368.T,Label_Kim2020_subtypes
Dolgalev_2023,LUAD,scRNA-seq,Dolgalev_2023_NYU1368.T,CNV_chr6_Proportion
Dolgalev_2023,LUAD,scRNA-seq,Dolgalev_2023_NYU1368.T,CNV_chr20_Proportion
Dolgalev_2023,LUAD,scRNA-seq,Dolgalev_2023_NYU1368.T,Refined_type
Dolgalev_2023,LUAD,scRNA-seq,Dolgalev_2023_NYU1368.T,scDblFinder weighted
Dolgalev_2023,LUAD,scRNA-seq,Dolgalev_2023_NYU1368.T,Cluster
Dolgalev_2023,LUAD,scRNA-seq,Dolgalev_2023_NYU1368.T,Label_kim2020_subtype_infercnv
Dolgalev_2023,LUAD,scRNA-seq,Dolgalev_2023_NYU1368.T,scDblFinder cxds_score
Dolgalev_2023,LUAD,scRNA-seq,Dolgalev_2023_NYU1368.T,MP_r_subtype
Dolgalev_2023,LUAD,scRNA-seq,Dolgalev_2023_NYU1368.T,CNV_chr18_Proportion
Dolgalev_2023,LUAD,scRNA-seq,Dolgalev_2023_NYU1368.T,CNV_chr13_Proportion
Dolgalev_2023,LUAD,scRNA-seq,Dolgalev_2023_NYU1368.T,Refined_subtype
Dolgalev_2023,LUAD,scRNA-seq,Dolgalev_2023_NYU1368.T,CNV_chr17_Proportion
Dolgalev_2023,LUAD,scRNA-seq,Dolgalev_2023_NYU1368.T,CNV_chr15_Proportion
Dolgalev_2023,LUAD,scRNA-seq,Dolgalev_2023_NYU1368.T,CNV_chr14_Proportion
Dolgalev_2023,LUAD,scRNA-seq,Dolgalev_2023_NYU1368.T,CNV_chr21_Proportion
Dolgalev_2023,LUAD,scRNA-seq,Dolgalev_2023_NYU1368.T,CNV_chr16_Proportion
Dolgalev_2023,LUAD,scRNA-seq,Dolgalev_2023_NYU1534.T,CNV_chr2_Proportion
Dolgalev_2023,LUAD,scRNA-seq,Dolgalev_2023_NYU1534.T,CNV_chr8_Proportion
Dolgalev_2023,LUAD,scRNA-seq,Dolgalev_2023_NYU1534.T,scDblFinder weighted
Dolgalev_2023,LUAD,scRNA-seq,Dolgalev_2023_NYU1534.T,CNV_chr9_Proportion
Dolgalev_2023,LUAD,scRNA-seq,Dolgalev_2023_NYU1534.T,CNV_chr1_Proportion
Dolgalev_2023,LUAD,scRNA-seq,Dolgalev_2023_NYU1534.T,Reads percentage of mito gene
Dolgalev_2023,LUAD,scRNA-seq,Dolgalev_2023_NYU1534.T,Label_kim2020_type
Dolgalev_2023,LUAD,scRNA-seq,Dolgalev_2023_NYU1534.T,nCount RNA
Dolgalev_2023,LUAD,scRNA-seq,Dolgalev_2023_NYU1534.T,scDblFinder score
Dolgalev_2023,LUAD,scRNA-seq,Dolgalev_2023_NYU1534.T,CNV_chr22_Proportion
Dolgalev_2023,LUAD,scRNA-seq,Dolgalev_2023_NYU1534.T,num_UMIs
Dolgalev_2023,LUAD,scRNA-seq,Dolgalev_2023_NYU1534.T,Label_kim2020_type_infercnv
Dolgalev_2023,LUAD,scRNA-seq,Dolgalev_2023_NYU1534.T,CNV_chr19_Proportion
Dolgalev_2023,LUAD,scRNA-seq,Dolgalev_2023_NYU1534.T,nFeature RNA
Dolgalev_2023,LUAD,scRNA-seq,Dolgalev_2023_NYU1534.T,Cluster
Dolgalev_2023,LUAD,scRNA-seq,Dolgalev_2023_NYU1534.T,CNV_chr3_Proportion
Dolgalev_2023,LUAD,scRNA-seq,Dolgalev_2023_NYU1534.T,CNV_chr20_Proportion
Dolgalev_2023,LUAD,scRNA-seq,Dolgalev_2023_NYU1534.T,scDblFinder cxds_score
Dolgalev_2023,LUAD,scRNA-seq,Dolgalev_2023_NYU1534.T,MP_r_subtype
Dolgalev_2023,LUAD,scRNA-seq,Dolgalev_2023_NYU1534.T,scDblFinder type
Dolgalev_2023,LUAD,scRNA-seq,Dolgalev_2023_NYU1534.T,CNV_chr10_Proportion
Dolgalev_2023,LUAD,scRNA-seq,Dolgalev_2023_NYU1534.T,Refined_subtype
Dolgalev_2023,LUAD,scRNA-seq,Dolgalev_2023_NYU1534.T,CNV_chr16_Proportion
Dolgalev_2023,LUAD,scRNA-seq,Dolgalev_2023_NYU1534.T,CNV_chr17_Proportion
Dolgalev_2023,LUAD,scRNA-seq,Dolgalev_2023_NYU1534.T,Label_Kim2020_subtypes
Dolgalev_2023,LUAD,scRNA-seq,Dolgalev_2023_NYU1534.T,CNV_chr11_Proportion
Dolgalev_2023,LUAD,scRNA-seq,Dolgalev_2023_NYU1534.T,Refined_type
Dolgalev_2023,LUAD,scRNA-seq,Dolgalev_2023_NYU1534.T,CNV_chr18_Proportion
Dolgalev_2023,LUAD,scRNA-seq,Dolgalev_2023_NYU1534.T,num_genes
Dolgalev_2023,LUAD,scRNA-seq,Dolgalev_2023_NYU1534.T,Label_kim2020_subtype_infercnv
Dolgalev_2023,LUAD,scRNA-seq,Dolgalev_2023_NYU1534.T,CNV_chr21_Proportion
Dolgalev_2023,LUAD,scRNA-seq,Dolgalev_2023_NYU1534.T,CNV_chr13_Proportion
Dolgalev_2023,LUAD,scRNA-seq,Dolgalev_2023_NYU1534.T,CNV_chr15_Proportion
Dolgalev_2023,LUAD,scRNA-seq,Dolgalev_2023_NYU1534.T,CNV_chr4_Proportion
Dolgalev_2023,LUAD,scRNA-seq,Dolgalev_2023_NYU1534.T,Infercnv_cell_type
Dolgalev_2023,LUAD,scRNA-seq,Dolgalev_2023_NYU1534.T,CNV_chr12_Proportion
Dolgalev_2023,LUAD,scRNA-seq,Dolgalev_2023_NYU1534.T,CNV_chr14_Proportion
Dolgalev_2023,LUAD,scRNA-seq,Dolgalev_2023_NYU1534.T,CNV_chr5_Proportion
Dolgalev_2023,LUAD,scRNA-seq,Dolgalev_2023_NYU1534.T,Classical_subtype
Dolgalev_2023,LUAD,scRNA-seq,Dolgalev_2023_NYU1534.T,CNV_chr7_Proportion
Dolgalev_2023,LUAD,scRNA-seq,Dolgalev_2023_NYU1534.T,Label_Zilionis2019_types
Dolgalev_2023,LUAD,scRNA-seq,Dolgalev_2023_NYU1534.T,CNV_chr6_Proportion
Dolgalev_2023,LUAD,scRNA-seq,Dolgalev_2023_NYU1555.T,scDblFinder score
Dolgalev_2023,LUAD,scRNA-seq,Dolgalev_2023_NYU1555.T,Cluster
Dolgalev_2023,LUAD,scRNA-seq,Dolgalev_2023_NYU1555.T,CNV_chr19_Proportion
Dolgalev_2023,LUAD,scRNA-seq,Dolgalev_2023_NYU1555.T,MP_r_subtype
Dolgalev_2023,LUAD,scRNA-seq,Dolgalev_2023_NYU1555.T,scDblFinder type
Dolgalev_2023,LUAD,scRNA-seq,Dolgalev_2023_NYU1555.T,CNV_chr20_Proportion
Dolgalev_2023,LUAD,scRNA-seq,Dolgalev_2023_NYU1555.T,CNV_chr22_Proportion
Dolgalev_2023,LUAD,scRNA-seq,Dolgalev_2023_NYU1555.T,CNV_chr16_Proportion
Dolgalev_2023,LUAD,scRNA-seq,Dolgalev_2023_NYU1555.T,Label_kim2020_type
Dolgalev_2023,LUAD,scRNA-seq,Dolgalev_2023_NYU1555.T,Label_kim2020_type_infercnv
Dolgalev_2023,LUAD,scRNA-seq,Dolgalev_2023_NYU1555.T,scDblFinder cxds_score
Dolgalev_2023,LUAD,scRNA-seq,Dolgalev_2023_NYU1555.T,Refined_type
Dolgalev_2023,LUAD,scRNA-seq,Dolgalev_2023_NYU1555.T,CNV_chr17_Proportion
Dolgalev_2023,LUAD,scRNA-seq,Dolgalev_2023_NYU1555.T,scDblFinder weighted
Dolgalev_2023,LUAD,scRNA-seq,Dolgalev_2023_NYU1555.T,CNV_chr11_Proportion
Dolgalev_2023,LUAD,scRNA-seq,Dolgalev_2023_NYU1555.T,CNV_chr21_Proportion
Dolgalev_2023,LUAD,scRNA-seq,Dolgalev_2023_NYU1555.T,CNV_chr18_Proportion
Dolgalev_2023,LUAD,scRNA-seq,Dolgalev_2023_NYU1555.T,CNV_chr15_Proportion
Dolgalev_2023,LUAD,scRNA-seq,Dolgalev_2023_NYU1555.T,CNV_chr6_Proportion
Dolgalev_2023,LUAD,scRNA-seq,Dolgalev_2023_NYU1555.T,Refined_subtype
Dolgalev_2023,LUAD,scRNA-seq,Dolgalev_2023_NYU1555.T,CNV_chr13_Proportion
Dolgalev_2023,LUAD,scRNA-seq,Dolgalev_2023_NYU1555.T,CNV_chr4_Proportion
Dolgalev_2023,LUAD,scRNA-seq,Dolgalev_2023_NYU1555.T,Reads percentage of mito gene
Dolgalev_2023,LUAD,scRNA-seq,Dolgalev_2023_NYU1555.T,CNV_chr8_Proportion
Dolgalev_2023,LUAD,scRNA-seq,Dolgalev_2023_NYU1555.T,CNV_chr2_Proportion
Dolgalev_2023,LUAD,scRNA-seq,Dolgalev_2023_NYU1555.T,CNV_chr14_Proportion
Dolgalev_2023,LUAD,scRNA-seq,Dolgalev_2023_NYU1555.T,Label_Kim2020_subtypes
Dolgalev_2023,LUAD,scRNA-seq,Dolgalev_2023_NYU1555.T,Label_kim2020_subtype_infercnv
Dolgalev_2023,LUAD,scRNA-seq,Dolgalev_2023_NYU1555.T,CNV_chr12_Proportion
Dolgalev_2023,LUAD,scRNA-seq,Dolgalev_2023_NYU1555.T,Label_Zilionis2019_types
Dolgalev_2023,LUAD,scRNA-seq,Dolgalev_2023_NYU1555.T,nFeature RNA
Dolgalev_2023,LUAD,scRNA-seq,Dolgalev_2023_NYU1555.T,CNV_chr5_Proportion
Dolgalev_2023,LUAD,scRNA-seq,Dolgalev_2023_NYU1555.T,Infercnv_cell_type
Dolgalev_2023,LUAD,scRNA-seq,Dolgalev_2023_NYU1555.T,Classical_subtype
Dolgalev_2023,LUAD,scRNA-seq,Dolgalev_2023_NYU1555.T,CNV_chr7_Proportion
Dolgalev_2023,LUAD,scRNA-seq,Dolgalev_2023_NYU1555.T,num_UMIs
Dolgalev_2023,LUAD,scRNA-seq,Dolgalev_2023_NYU1555.T,CNV_chr9_Proportion
Dolgalev_2023,LUAD,scRNA-seq,Dolgalev_2023_NYU1555.T,nCount RNA
Dolgalev_2023,LUAD,scRNA-seq,Dolgalev_2023_NYU1555.T,CNV_chr10_Proportion
Dolgalev_2023,LUAD,scRNA-seq,Dolgalev_2023_NYU1555.T,CNV_chr3_Proportion
Dolgalev_2023,LUAD,scRNA-seq,Dolgalev_2023_NYU1555.T,CNV_chr1_Proportion
Dolgalev_2023,LUAD,scRNA-seq,Dolgalev_2023_NYU1555.T,num_genes
Dolgalev_2023,LUAD,scRNA-seq,Dolgalev_2023_NYU1562.T,Label_kim2020_subtype_infercnv
Dolgalev_2023,LUAD,scRNA-seq,Dolgalev_2023_NYU1562.T,Infercnv_cell_type
Dolgalev_2023,LUAD,scRNA-seq,Dolgalev_2023_NYU1562.T,Refined_subtype
Dolgalev_2023,LUAD,scRNA-seq,Dolgalev_2023_NYU1562.T,scDblFinder cxds_score
Dolgalev_2023,LUAD,scRNA-seq,Dolgalev_2023_NYU1562.T,scDblFinder type
Dolgalev_2023,LUAD,scRNA-seq,Dolgalev_2023_NYU1562.T,CNV_chr20_Proportion
Dolgalev_2023,LUAD,scRNA-seq,Dolgalev_2023_NYU1562.T,CNV_chr22_Proportion
Dolgalev_2023,LUAD,scRNA-seq,Dolgalev_2023_NYU1562.T,CNV_chr16_Proportion
Dolgalev_2023,LUAD,scRNA-seq,Dolgalev_2023_NYU1562.T,scDblFinder score
Dolgalev_2023,LUAD,scRNA-seq,Dolgalev_2023_NYU1562.T,CNV_chr2_Proportion
Dolgalev_2023,LUAD,scRNA-seq,Dolgalev_2023_NYU1562.T,Cluster
Dolgalev_2023,LUAD,scRNA-seq,Dolgalev_2023_NYU1562.T,Label_kim2020_type_infercnv
Dolgalev_2023,LUAD,scRNA-seq,Dolgalev_2023_NYU1562.T,CNV_chr11_Proportion
Dolgalev_2023,LUAD,scRNA-seq,Dolgalev_2023_NYU1562.T,CNV_chr21_Proportion
Dolgalev_2023,LUAD,scRNA-seq,Dolgalev_2023_NYU1562.T,Label_Zilionis2019_types
Dolgalev_2023,LUAD,scRNA-seq,Dolgalev_2023_NYU1562.T,CNV_chr18_Proportion
Dolgalev_2023,LUAD,scRNA-seq,Dolgalev_2023_NYU1562.T,Refined_type
Dolgalev_2023,LUAD,scRNA-seq,Dolgalev_2023_NYU1562.T,CNV_chr10_Proportion
Dolgalev_2023,LUAD,scRNA-seq,Dolgalev_2023_NYU1562.T,CNV_chr13_Proportion
Dolgalev_2023,LUAD,scRNA-seq,Dolgalev_2023_NYU1562.T,CNV_chr4_Proportion
Dolgalev_2023,LUAD,scRNA-seq,Dolgalev_2023_NYU1562.T,CNV_chr19_Proportion
Dolgalev_2023,LUAD,scRNA-seq,Dolgalev_2023_NYU1562.T,scDblFinder weighted
Dolgalev_2023,LUAD,scRNA-seq,Dolgalev_2023_NYU1562.T,CNV_chr8_Proportion
Dolgalev_2023,LUAD,scRNA-seq,Dolgalev_2023_NYU1562.T,CNV_chr14_Proportion
Dolgalev_2023,LUAD,scRNA-seq,Dolgalev_2023_NYU1562.T,CNV_chr17_Proportion
Dolgalev_2023,LUAD,scRNA-seq,Dolgalev_2023_NYU1562.T,CNV_chr6_Proportion
Dolgalev_2023,LUAD,scRNA-seq,Dolgalev_2023_NYU1562.T,CNV_chr12_Proportion
Dolgalev_2023,LUAD,scRNA-seq,Dolgalev_2023_NYU1562.T,CNV_chr3_Proportion
Dolgalev_2023,LUAD,scRNA-seq,Dolgalev_2023_NYU1562.T,CNV_chr15_Proportion
Dolgalev_2023,LUAD,scRNA-seq,Dolgalev_2023_NYU1562.T,Label_kim2020_type
Dolgalev_2023,LUAD,scRNA-seq,Dolgalev_2023_NYU1562.T,MP_r_subtype
Dolgalev_2023,LUAD,scRNA-seq,Dolgalev_2023_NYU1562.T,CNV_chr1_Proportion
Dolgalev_2023,LUAD,scRNA-seq,Dolgalev_2023_NYU1562.T,Classical_subtype
Dolgalev_2023,LUAD,scRNA-seq,Dolgalev_2023_NYU1562.T,CNV_chr5_Proportion
Dolgalev_2023,LUAD,scRNA-seq,Dolgalev_2023_NYU1562.T,Label_Kim2020_subtypes
Dolgalev_2023,LUAD,scRNA-seq,Dolgalev_2023_NYU1562.T,num_genes
Dolgalev_2023,LUAD,scRNA-seq,Dolgalev_2023_NYU1562.T,nCount RNA
Dolgalev_2023,LUAD,scRNA-seq,Dolgalev_2023_NYU1562.T,nFeature RNA
Dolgalev_2023,LUAD,scRNA-seq,Dolgalev_2023_NYU1562.T,Reads percentage of mito gene
Dolgalev_2023,LUAD,scRNA-seq,Dolgalev_2023_NYU1562.T,num_UMIs
Dolgalev_2023,LUAD,scRNA-seq,Dolgalev_2023_NYU1562.T,CNV_chr9_Proportion
Dolgalev_2023,LUAD,scRNA-seq,Dolgalev_2023_NYU1562.T,CNV_chr7_Proportion
Dolgalev_2023,LUAD,scRNA-seq,Dolgalev_2023_NYU1630.T,Infercnv_cell_type
Dolgalev_2023,LUAD,scRNA-seq,Dolgalev_2023_NYU1630.T,CNV_chr22_Proportion
Dolgalev_2023,LUAD,scRNA-seq,Dolgalev_2023_NYU1630.T,CNV_chr10_Proportion
Dolgalev_2023,LUAD,scRNA-seq,Dolgalev_2023_NYU1630.T,CNV_chr13_Proportion
Dolgalev_2023,LUAD,scRNA-seq,Dolgalev_2023_NYU1630.T,CNV_chr21_Proportion
Dolgalev_2023,LUAD,scRNA-seq,Dolgalev_2023_NYU1630.T,CNV_chr11_Proportion
Dolgalev_2023,LUAD,scRNA-seq,Dolgalev_2023_NYU1630.T,scDblFinder score
Dolgalev_2023,LUAD,scRNA-seq,Dolgalev_2023_NYU1630.T,CNV_chr2_Proportion
Dolgalev_2023,LUAD,scRNA-seq,Dolgalev_2023_NYU1630.T,CNV_chr14_Proportion
Dolgalev_2023,LUAD,scRNA-seq,Dolgalev_2023_NYU1630.T,Label_kim2020_type_infercnv
Dolgalev_2023,LUAD,scRNA-seq,Dolgalev_2023_NYU1630.T,Cluster
Dolgalev_2023,LUAD,scRNA-seq,Dolgalev_2023_NYU1630.T,CNV_chr12_Proportion
Dolgalev_2023,LUAD,scRNA-seq,Dolgalev_2023_NYU1630.T,CNV_chr3_Proportion
Dolgalev_2023,LUAD,scRNA-seq,Dolgalev_2023_NYU1630.T,CNV_chr16_Proportion
Dolgalev_2023,LUAD,scRNA-seq,Dolgalev_2023_NYU1630.T,CNV_chr18_Proportion
Dolgalev_2023,LUAD,scRNA-seq,Dolgalev_2023_NYU1630.T,Label_kim2020_subtype_infercnv
Dolgalev_2023,LUAD,scRNA-seq,Dolgalev_2023_NYU1630.T,CNV_chr1_Proportion
Dolgalev_2023,LUAD,scRNA-seq,Dolgalev_2023_NYU1630.T,CNV_chr15_Proportion
Dolgalev_2023,LUAD,scRNA-seq,Dolgalev_2023_NYU1630.T,Reads percentage of mito gene
Dolgalev_2023,LUAD,scRNA-seq,Dolgalev_2023_NYU1630.T,CNV_chr19_Proportion
Dolgalev_2023,LUAD,scRNA-seq,Dolgalev_2023_NYU1630.T,Refined_subtype
Dolgalev_2023,LUAD,scRNA-seq,Dolgalev_2023_NYU1630.T,nCount RNA
Dolgalev_2023,LUAD,scRNA-seq,Dolgalev_2023_NYU1630.T,CNV_chr5_Proportion
Dolgalev_2023,LUAD,scRNA-seq,Dolgalev_2023_NYU1630.T,CNV_chr17_Proportion
Dolgalev_2023,LUAD,scRNA-seq,Dolgalev_2023_NYU1630.T,scDblFinder weighted
Dolgalev_2023,LUAD,scRNA-seq,Dolgalev_2023_NYU1630.T,CNV_chr9_Proportion
Dolgalev_2023,LUAD,scRNA-seq,Dolgalev_2023_NYU1630.T,Label_Zilionis2019_types
Dolgalev_2023,LUAD,scRNA-seq,Dolgalev_2023_NYU1630.T,CNV_chr6_Proportion
Dolgalev_2023,LUAD,scRNA-seq,Dolgalev_2023_NYU1630.T,scDblFinder type
Dolgalev_2023,LUAD,scRNA-seq,Dolgalev_2023_NYU1630.T,scDblFinder cxds_score
Dolgalev_2023,LUAD,scRNA-seq,Dolgalev_2023_NYU1630.T,CNV_chr4_Proportion
Dolgalev_2023,LUAD,scRNA-seq,Dolgalev_2023_NYU1630.T,CNV_chr7_Proportion
Dolgalev_2023,LUAD,scRNA-seq,Dolgalev_2023_NYU1630.T,Label_kim2020_type
Dolgalev_2023,LUAD,scRNA-seq,Dolgalev_2023_NYU1630.T,CNV_chr20_Proportion
Dolgalev_2023,LUAD,scRNA-seq,Dolgalev_2023_NYU1630.T,CNV_chr8_Proportion
Dolgalev_2023,LUAD,scRNA-seq,Dolgalev_2023_NYU1630.T,Classical_subtype
Dolgalev_2023,LUAD,scRNA-seq,Dolgalev_2023_NYU1630.T,num_UMIs
Dolgalev_2023,LUAD,scRNA-seq,Dolgalev_2023_NYU1630.T,num_genes
Dolgalev_2023,LUAD,scRNA-seq,Dolgalev_2023_NYU1630.T,Refined_type
Dolgalev_2023,LUAD,scRNA-seq,Dolgalev_2023_NYU1630.T,nFeature RNA
Dolgalev_2023,LUAD,scRNA-seq,Dolgalev_2023_NYU1630.T,Label_Kim2020_subtypes
Dolgalev_2023,LUAD,scRNA-seq,Dolgalev_2023_NYU1630.T,MP_r_subtype
Dolgalev_2023,LUAD,scRNA-seq,Dolgalev_2023_NYU1636.T,nFeature RNA
Dolgalev_2023,LUAD,scRNA-seq,Dolgalev_2023_NYU1636.T,Infercnv_cell_type
Dolgalev_2023,LUAD,scRNA-seq,Dolgalev_2023_NYU1636.T,MP_r_subtype
Dolgalev_2023,LUAD,scRNA-seq,Dolgalev_2023_NYU1636.T,Reads percentage of mito gene
Dolgalev_2023,LUAD,scRNA-seq,Dolgalev_2023_NYU1636.T,Label_kim2020_subtype_infercnv
Dolgalev_2023,LUAD,scRNA-seq,Dolgalev_2023_NYU1636.T,Refined_subtype
Dolgalev_2023,LUAD,scRNA-seq,Dolgalev_2023_NYU1636.T,nCount RNA
Dolgalev_2023,LUAD,scRNA-seq,Dolgalev_2023_NYU1636.T,CNV_chr19_Proportion
Dolgalev_2023,LUAD,scRNA-seq,Dolgalev_2023_NYU1636.T,CNV_chr7_Proportion
Dolgalev_2023,LUAD,scRNA-seq,Dolgalev_2023_NYU1636.T,Label_kim2020_type_infercnv
Dolgalev_2023,LUAD,scRNA-seq,Dolgalev_2023_NYU1636.T,CNV_chr20_Proportion
Dolgalev_2023,LUAD,scRNA-seq,Dolgalev_2023_NYU1636.T,Cluster
Dolgalev_2023,LUAD,scRNA-seq,Dolgalev_2023_NYU1636.T,Label_Zilionis2019_types
Dolgalev_2023,LUAD,scRNA-seq,Dolgalev_2023_NYU1636.T,CNV_chr3_Proportion
Dolgalev_2023,LUAD,scRNA-seq,Dolgalev_2023_NYU1636.T,CNV_chr21_Proportion
Dolgalev_2023,LUAD,scRNA-seq,Dolgalev_2023_NYU1636.T,scDblFinder cxds_score
Dolgalev_2023,LUAD,scRNA-seq,Dolgalev_2023_NYU1636.T,CNV_chr18_Proportion
Dolgalev_2023,LUAD,scRNA-seq,Dolgalev_2023_NYU1636.T,CNV_chr1_Proportion
Dolgalev_2023,LUAD,scRNA-seq,Dolgalev_2023_NYU1636.T,CNV_chr10_Proportion
Dolgalev_2023,LUAD,scRNA-seq,Dolgalev_2023_NYU1636.T,CNV_chr22_Proportion
Dolgalev_2023,LUAD,scRNA-seq,Dolgalev_2023_NYU1636.T,Classical_subtype
Dolgalev_2023,LUAD,scRNA-seq,Dolgalev_2023_NYU1636.T,num_UMIs
Dolgalev_2023,LUAD,scRNA-seq,Dolgalev_2023_NYU1636.T,CNV_chr8_Proportion
Dolgalev_2023,LUAD,scRNA-seq,Dolgalev_2023_NYU1636.T,Refined_type
Dolgalev_2023,LUAD,scRNA-seq,Dolgalev_2023_NYU1636.T,CNV_chr12_Proportion
Dolgalev_2023,LUAD,scRNA-seq,Dolgalev_2023_NYU1636.T,scDblFinder weighted
Dolgalev_2023,LUAD,scRNA-seq,Dolgalev_2023_NYU1636.T,num_genes
Dolgalev_2023,LUAD,scRNA-seq,Dolgalev_2023_NYU1636.T,CNV_chr9_Proportion
Dolgalev_2023,LUAD,scRNA-seq,Dolgalev_2023_NYU1636.T,CNV_chr11_Proportion
Dolgalev_2023,LUAD,scRNA-seq,Dolgalev_2023_NYU1636.T,scDblFinder type
Dolgalev_2023,LUAD,scRNA-seq,Dolgalev_2023_NYU1636.T,CNV_chr15_Proportion
Dolgalev_2023,LUAD,scRNA-seq,Dolgalev_2023_NYU1636.T,CNV_chr4_Proportion
Dolgalev_2023,LUAD,scRNA-seq,Dolgalev_2023_NYU1636.T,Label_kim2020_type
Dolgalev_2023,LUAD,scRNA-seq,Dolgalev_2023_NYU1636.T,CNV_chr13_Proportion
Dolgalev_2023,LUAD,scRNA-seq,Dolgalev_2023_NYU1636.T,scDblFinder score
Dolgalev_2023,LUAD,scRNA-seq,Dolgalev_2023_NYU1636.T,CNV_chr2_Proportion
Dolgalev_2023,LUAD,scRNA-seq,Dolgalev_2023_NYU1636.T,CNV_chr16_Proportion
Dolgalev_2023,LUAD,scRNA-seq,Dolgalev_2023_NYU1636.T,CNV_chr6_Proportion
Dolgalev_2023,LUAD,scRNA-seq,Dolgalev_2023_NYU1636.T,CNV_chr14_Proportion
Dolgalev_2023,LUAD,scRNA-seq,Dolgalev_2023_NYU1636.T,CNV_chr17_Proportion
Dolgalev_2023,LUAD,scRNA-seq,Dolgalev_2023_NYU1636.T,CNV_chr5_Proportion
Dolgalev_2023,LUAD,scRNA-seq,Dolgalev_2023_NYU1636.T,Label_Kim2020_subtypes
Dolgalev_2023,LUAD,scRNA-seq,Dolgalev_2023_NYU178.T,CNV_chr20_Proportion
Dolgalev_2023,LUAD,scRNA-seq,Dolgalev_2023_NYU178.T,CNV_chr18_Proportion
Dolgalev_2023,LUAD,scRNA-seq,Dolgalev_2023_NYU178.T,Refined_subtype
Dolgalev_2023,LUAD,scRNA-seq,Dolgalev_2023_NYU178.T,Refined_type
Dolgalev_2023,LUAD,scRNA-seq,Dolgalev_2023_NYU178.T,MP_r_subtype
Dolgalev_2023,LUAD,scRNA-seq,Dolgalev_2023_NYU178.T,Classical_subtype
Dolgalev_2023,LUAD,scRNA-seq,Dolgalev_2023_NYU178.T,Label_kim2020_subtype_infercnv
Dolgalev_2023,LUAD,scRNA-seq,Dolgalev_2023_NYU178.T,Infercnv_cell_type
Dolgalev_2023,LUAD,scRNA-seq,Dolgalev_2023_NYU178.T,CNV_chr22_Proportion
Dolgalev_2023,LUAD,scRNA-seq,Dolgalev_2023_NYU178.T,nCount RNA
Dolgalev_2023,LUAD,scRNA-seq,Dolgalev_2023_NYU178.T,scDblFinder weighted
Dolgalev_2023,LUAD,scRNA-seq,Dolgalev_2023_NYU178.T,nFeature RNA
Dolgalev_2023,LUAD,scRNA-seq,Dolgalev_2023_NYU178.T,Label_kim2020_type_infercnv
Dolgalev_2023,LUAD,scRNA-seq,Dolgalev_2023_NYU178.T,CNV_chr12_Proportion
Dolgalev_2023,LUAD,scRNA-seq,Dolgalev_2023_NYU178.T,scDblFinder type
Dolgalev_2023,LUAD,scRNA-seq,Dolgalev_2023_NYU178.T,CNV_chr15_Proportion
Dolgalev_2023,LUAD,scRNA-seq,Dolgalev_2023_NYU178.T,CNV_chr21_Proportion
Dolgalev_2023,LUAD,scRNA-seq,Dolgalev_2023_NYU178.T,CNV_chr10_Proportion
Dolgalev_2023,LUAD,scRNA-seq,Dolgalev_2023_NYU178.T,CNV_chr13_Proportion
Dolgalev_2023,LUAD,scRNA-seq,Dolgalev_2023_NYU178.T,CNV_chr19_Proportion
Dolgalev_2023,LUAD,scRNA-seq,Dolgalev_2023_NYU178.T,CNV_chr1_Proportion
Dolgalev_2023,LUAD,scRNA-seq,Dolgalev_2023_NYU178.T,CNV_chr8_Proportion
Dolgalev_2023,LUAD,scRNA-seq,Dolgalev_2023_NYU178.T,Cluster
Dolgalev_2023,LUAD,scRNA-seq,Dolgalev_2023_NYU178.T,CNV_chr14_Proportion
Dolgalev_2023,LUAD,scRNA-seq,Dolgalev_2023_NYU178.T,CNV_chr17_Proportion
Dolgalev_2023,LUAD,scRNA-seq,Dolgalev_2023_NYU178.T,Reads percentage of mito gene
Dolgalev_2023,LUAD,scRNA-seq,Dolgalev_2023_NYU178.T,CNV_chr9_Proportion
Dolgalev_2023,LUAD,scRNA-seq,Dolgalev_2023_NYU178.T,scDblFinder cxds_score
Dolgalev_2023,LUAD,scRNA-seq,Dolgalev_2023_NYU178.T,CNV_chr6_Proportion
Dolgalev_2023,LUAD,scRNA-seq,Dolgalev_2023_NYU178.T,CNV_chr16_Proportion
Dolgalev_2023,LUAD,scRNA-seq,Dolgalev_2023_NYU178.T,Label_kim2020_type
Dolgalev_2023,LUAD,scRNA-seq,Dolgalev_2023_NYU178.T,CNV_chr4_Proportion
Dolgalev_2023,LUAD,scRNA-seq,Dolgalev_2023_NYU178.T,scDblFinder score
Dolgalev_2023,LUAD,scRNA-seq,Dolgalev_2023_NYU178.T,CNV_chr2_Proportion
Dolgalev_2023,LUAD,scRNA-seq,Dolgalev_2023_NYU178.T,CNV_chr11_Proportion
Dolgalev_2023,LUAD,scRNA-seq,Dolgalev_2023_NYU178.T,CNV_chr5_Proportion
Dolgalev_2023,LUAD,scRNA-seq,Dolgalev_2023_NYU178.T,CNV_chr7_Proportion
Dolgalev_2023,LUAD,scRNA-seq,Dolgalev_2023_NYU178.T,CNV_chr3_Proportion
Dolgalev_2023,LUAD,scRNA-seq,Dolgalev_2023_NYU178.T,Label_Zilionis2019_types
Dolgalev_2023,LUAD,scRNA-seq,Dolgalev_2023_NYU178.T,num_UMIs
Dolgalev_2023,LUAD,scRNA-seq,Dolgalev_2023_NYU178.T,Label_Kim2020_subtypes
Dolgalev_2023,LUAD,scRNA-seq,Dolgalev_2023_NYU178.T,num_genes
Dolgalev_2023,LUAD,scRNA-seq,Dolgalev_2023_NYU1845.T,Label_kim2020_subtype_infercnv
Dolgalev_2023,LUAD,scRNA-seq,Dolgalev_2023_NYU1845.T,scDblFinder weighted
Dolgalev_2023,LUAD,scRNA-seq,Dolgalev_2023_NYU1845.T,scDblFinder type
Dolgalev_2023,LUAD,scRNA-seq,Dolgalev_2023_NYU1845.T,CNV_chr17_Proportion
Dolgalev_2023,LUAD,scRNA-seq,Dolgalev_2023_NYU1845.T,Classical_subtype
Dolgalev_2023,LUAD,scRNA-seq,Dolgalev_2023_NYU1845.T,CNV_chr18_Proportion
Dolgalev_2023,LUAD,scRNA-seq,Dolgalev_2023_NYU1845.T,Refined_subtype
Dolgalev_2023,LUAD,scRNA-seq,Dolgalev_2023_NYU1845.T,CNV_chr20_Proportion
Dolgalev_2023,LUAD,scRNA-seq,Dolgalev_2023_NYU1845.T,nCount RNA
Dolgalev_2023,LUAD,scRNA-seq,Dolgalev_2023_NYU1845.T,Label_Kim2020_subtypes
Dolgalev_2023,LUAD,scRNA-seq,Dolgalev_2023_NYU1845.T,CNV_chr22_Proportion
Dolgalev_2023,LUAD,scRNA-seq,Dolgalev_2023_NYU1845.T,MP_r_subtype
Dolgalev_2023,LUAD,scRNA-seq,Dolgalev_2023_NYU1845.T,scDblFinder cxds_score
Dolgalev_2023,LUAD,scRNA-seq,Dolgalev_2023_NYU1845.T,CNV_chr15_Proportion
Dolgalev_2023,LUAD,scRNA-seq,Dolgalev_2023_NYU1845.T,num_genes
Dolgalev_2023,LUAD,scRNA-seq,Dolgalev_2023_NYU1845.T,Infercnv_cell_type
Dolgalev_2023,LUAD,scRNA-seq,Dolgalev_2023_NYU1845.T,CNV_chr13_Proportion
Dolgalev_2023,LUAD,scRNA-seq,Dolgalev_2023_NYU1845.T,scDblFinder score
Dolgalev_2023,LUAD,scRNA-seq,Dolgalev_2023_NYU1845.T,CNV_chr19_Proportion
Dolgalev_2023,LUAD,scRNA-seq,Dolgalev_2023_NYU1845.T,Refined_type
Dolgalev_2023,LUAD,scRNA-seq,Dolgalev_2023_NYU1845.T,Cluster
Dolgalev_2023,LUAD,scRNA-seq,Dolgalev_2023_NYU1845.T,CNV_chr14_Proportion
Dolgalev_2023,LUAD,scRNA-seq,Dolgalev_2023_NYU1845.T,num_UMIs
Dolgalev_2023,LUAD,scRNA-seq,Dolgalev_2023_NYU1845.T,CNV_chr21_Proportion
Dolgalev_2023,LUAD,scRNA-seq,Dolgalev_2023_NYU1845.T,CNV_chr12_Proportion
Dolgalev_2023,LUAD,scRNA-seq,Dolgalev_2023_NYU1845.T,CNV_chr9_Proportion
Dolgalev_2023,LUAD,scRNA-seq,Dolgalev_2023_NYU1845.T,CNV_chr6_Proportion
Dolgalev_2023,LUAD,scRNA-seq,Dolgalev_2023_NYU1845.T,CNV_chr16_Proportion
Dolgalev_2023,LUAD,scRNA-seq,Dolgalev_2023_NYU1845.T,CNV_chr1_Proportion
Dolgalev_2023,LUAD,scRNA-seq,Dolgalev_2023_NYU1845.T,CNV_chr10_Proportion
Dolgalev_2023,LUAD,scRNA-seq,Dolgalev_2023_NYU1845.T,Reads percentage of mito gene
Dolgalev_2023,LUAD,scRNA-seq,Dolgalev_2023_NYU1845.T,Label_Zilionis2019_types
Dolgalev_2023,LUAD,scRNA-seq,Dolgalev_2023_NYU1845.T,Label_kim2020_type
Dolgalev_2023,LUAD,scRNA-seq,Dolgalev_2023_NYU1845.T,Label_kim2020_type_infercnv
Dolgalev_2023,LUAD,scRNA-seq,Dolgalev_2023_NYU1845.T,CNV_chr11_Proportion
Dolgalev_2023,LUAD,scRNA-seq,Dolgalev_2023_NYU1845.T,CNV_chr5_Proportion
Dolgalev_2023,LUAD,scRNA-seq,Dolgalev_2023_NYU1845.T,CNV_chr7_Proportion
Dolgalev_2023,LUAD,scRNA-seq,Dolgalev_2023_NYU1845.T,CNV_chr3_Proportion
Dolgalev_2023,LUAD,scRNA-seq,Dolgalev_2023_NYU1845.T,nFeature RNA
Dolgalev_2023,LUAD,scRNA-seq,Dolgalev_2023_NYU1845.T,CNV_chr8_Proportion
Dolgalev_2023,LUAD,scRNA-seq,Dolgalev_2023_NYU1845.T,CNV_chr4_Proportion
Dolgalev_2023,LUAD,scRNA-seq,Dolgalev_2023_NYU1845.T,CNV_chr2_Proportion
Dolgalev_2023,LUAD,scRNA-seq,Dolgalev_2023_NYU318.T,CNV_chr21_Proportion
Dolgalev_2023,LUAD,scRNA-seq,Dolgalev_2023_NYU318.T,scDblFinder cxds_score
Dolgalev_2023,LUAD,scRNA-seq,Dolgalev_2023_NYU318.T,CNV_chr20_Proportion
Dolgalev_2023,LUAD,scRNA-seq,Dolgalev_2023_NYU318.T,nCount RNA
Dolgalev_2023,LUAD,scRNA-seq,Dolgalev_2023_NYU318.T,CNV_chr22_Proportion
Dolgalev_2023,LUAD,scRNA-seq,Dolgalev_2023_NYU318.T,CNV_chr13_Proportion
Dolgalev_2023,LUAD,scRNA-seq,Dolgalev_2023_NYU318.T,CNV_chr15_Proportion
Dolgalev_2023,LUAD,scRNA-seq,Dolgalev_2023_NYU318.T,Label_Kim2020_subtypes
Dolgalev_2023,LUAD,scRNA-seq,Dolgalev_2023_NYU318.T,Cluster
Dolgalev_2023,LUAD,scRNA-seq,Dolgalev_2023_NYU318.T,CNV_chr12_Proportion
Dolgalev_2023,LUAD,scRNA-seq,Dolgalev_2023_NYU318.T,CNV_chr14_Proportion
Dolgalev_2023,LUAD,scRNA-seq,Dolgalev_2023_NYU318.T,CNV_chr6_Proportion
Dolgalev_2023,LUAD,scRNA-seq,Dolgalev_2023_NYU318.T,num_genes
Dolgalev_2023,LUAD,scRNA-seq,Dolgalev_2023_NYU318.T,Label_kim2020_subtype_infercnv
Dolgalev_2023,LUAD,scRNA-seq,Dolgalev_2023_NYU318.T,CNV_chr9_Proportion
Dolgalev_2023,LUAD,scRNA-seq,Dolgalev_2023_NYU318.T,Reads percentage of mito gene
Dolgalev_2023,LUAD,scRNA-seq,Dolgalev_2023_NYU318.T,CNV_chr16_Proportion
Dolgalev_2023,LUAD,scRNA-seq,Dolgalev_2023_NYU318.T,Infercnv_cell_type
Dolgalev_2023,LUAD,scRNA-seq,Dolgalev_2023_NYU318.T,CNV_chr10_Proportion
Dolgalev_2023,LUAD,scRNA-seq,Dolgalev_2023_NYU318.T,CNV_chr11_Proportion
Dolgalev_2023,LUAD,scRNA-seq,Dolgalev_2023_NYU318.T,num_UMIs
Dolgalev_2023,LUAD,scRNA-seq,Dolgalev_2023_NYU318.T,CNV_chr17_Proportion
Dolgalev_2023,LUAD,scRNA-seq,Dolgalev_2023_NYU318.T,CNV_chr3_Proportion
Dolgalev_2023,LUAD,scRNA-seq,Dolgalev_2023_NYU318.T,nFeature RNA
Dolgalev_2023,LUAD,scRNA-seq,Dolgalev_2023_NYU318.T,Label_Zilionis2019_types
Dolgalev_2023,LUAD,scRNA-seq,Dolgalev_2023_NYU318.T,CNV_chr7_Proportion
Dolgalev_2023,LUAD,scRNA-seq,Dolgalev_2023_NYU318.T,scDblFinder type
Dolgalev_2023,LUAD,scRNA-seq,Dolgalev_2023_NYU318.T,CNV_chr4_Proportion
Dolgalev_2023,LUAD,scRNA-seq,Dolgalev_2023_NYU318.T,MP_r_subtype
Dolgalev_2023,LUAD,scRNA-seq,Dolgalev_2023_NYU318.T,CNV_chr8_Proportion
Dolgalev_2023,LUAD,scRNA-seq,Dolgalev_2023_NYU318.T,Label_kim2020_type
Dolgalev_2023,LUAD,scRNA-seq,Dolgalev_2023_NYU318.T,Refined_subtype
Dolgalev_2023,LUAD,scRNA-seq,Dolgalev_2023_NYU318.T,CNV_chr5_Proportion
Dolgalev_2023,LUAD,scRNA-seq,Dolgalev_2023_NYU318.T,CNV_chr2_Proportion
Dolgalev_2023,LUAD,scRNA-seq,Dolgalev_2023_NYU318.T,Classical_subtype
Dolgalev_2023,LUAD,scRNA-seq,Dolgalev_2023_NYU318.T,Label_kim2020_type_infercnv
Dolgalev_2023,LUAD,scRNA-seq,Dolgalev_2023_NYU318.T,Refined_type
Dolgalev_2023,LUAD,scRNA-seq,Dolgalev_2023_NYU318.T,scDblFinder weighted
Dolgalev_2023,LUAD,scRNA-seq,Dolgalev_2023_NYU318.T,CNV_chr18_Proportion
Dolgalev_2023,LUAD,scRNA-seq,Dolgalev_2023_NYU318.T,CNV_chr1_Proportion
Dolgalev_2023,LUAD,scRNA-seq,Dolgalev_2023_NYU318.T,CNV_chr19_Proportion
Dolgalev_2023,LUAD,scRNA-seq,Dolgalev_2023_NYU318.T,scDblFinder score
Dolgalev_2023,LUAD,scRNA-seq,Dolgalev_2023_NYU32.T,CNV_chr11_Proportion
Dolgalev_2023,LUAD,scRNA-seq,Dolgalev_2023_NYU32.T,CNV_chr6_Proportion
Dolgalev_2023,LUAD,scRNA-seq,Dolgalev_2023_NYU32.T,CNV_chr13_Proportion
Dolgalev_2023,LUAD,scRNA-seq,Dolgalev_2023_NYU32.T,CNV_chr12_Proportion
Dolgalev_2023,LUAD,scRNA-seq,Dolgalev_2023_NYU32.T,CNV_chr10_Proportion
Dolgalev_2023,LUAD,scRNA-seq,Dolgalev_2023_NYU32.T,num_UMIs
Dolgalev_2023,LUAD,scRNA-seq,Dolgalev_2023_NYU32.T,CNV_chr14_Proportion
Dolgalev_2023,LUAD,scRNA-seq,Dolgalev_2023_NYU32.T,CNV_chr9_Proportion
Dolgalev_2023,LUAD,scRNA-seq,Dolgalev_2023_NYU32.T,nFeature RNA
Dolgalev_2023,LUAD,scRNA-seq,Dolgalev_2023_NYU32.T,Label_Zilionis2019_types
Dolgalev_2023,LUAD,scRNA-seq,Dolgalev_2023_NYU32.T,num_genes
Dolgalev_2023,LUAD,scRNA-seq,Dolgalev_2023_NYU32.T,CNV_chr4_Proportion
Dolgalev_2023,LUAD,scRNA-seq,Dolgalev_2023_NYU32.T,CNV_chr1_Proportion
Dolgalev_2023,LUAD,scRNA-seq,Dolgalev_2023_NYU32.T,Reads percentage of mito gene
Dolgalev_2023,LUAD,scRNA-seq,Dolgalev_2023_NYU32.T,CNV_chr7_Proportion
Dolgalev_2023,LUAD,scRNA-seq,Dolgalev_2023_NYU32.T,CNV_chr21_Proportion
Dolgalev_2023,LUAD,scRNA-seq,Dolgalev_2023_NYU32.T,Infercnv_cell_type
Dolgalev_2023,LUAD,scRNA-seq,Dolgalev_2023_NYU32.T,CNV_chr5_Proportion
Dolgalev_2023,LUAD,scRNA-seq,Dolgalev_2023_NYU32.T,CNV_chr8_Proportion
Dolgalev_2023,LUAD,scRNA-seq,Dolgalev_2023_NYU32.T,Label_Kim2020_subtypes
Dolgalev_2023,LUAD,scRNA-seq,Dolgalev_2023_NYU32.T,CNV_chr3_Proportion
Dolgalev_2023,LUAD,scRNA-seq,Dolgalev_2023_NYU32.T,Refined_type
Dolgalev_2023,LUAD,scRNA-seq,Dolgalev_2023_NYU32.T,scDblFinder weighted
Dolgalev_2023,LUAD,scRNA-seq,Dolgalev_2023_NYU32.T,scDblFinder cxds_score
Dolgalev_2023,LUAD,scRNA-seq,Dolgalev_2023_NYU32.T,CNV_chr15_Proportion
Dolgalev_2023,LUAD,scRNA-seq,Dolgalev_2023_NYU32.T,Label_kim2020_subtype_infercnv
Dolgalev_2023,LUAD,scRNA-seq,Dolgalev_2023_NYU32.T,MP_r_subtype
Dolgalev_2023,LUAD,scRNA-seq,Dolgalev_2023_NYU32.T,Classical_subtype
Dolgalev_2023,LUAD,scRNA-seq,Dolgalev_2023_NYU32.T,Label_kim2020_type
Dolgalev_2023,LUAD,scRNA-seq,Dolgalev_2023_NYU32.T,CNV_chr22_Proportion
Dolgalev_2023,LUAD,scRNA-seq,Dolgalev_2023_NYU32.T,CNV_chr2_Proportion
Dolgalev_2023,LUAD,scRNA-seq,Dolgalev_2023_NYU32.T,CNV_chr20_Proportion
Dolgalev_2023,LUAD,scRNA-seq,Dolgalev_2023_NYU32.T,scDblFinder score
Dolgalev_2023,LUAD,scRNA-seq,Dolgalev_2023_NYU32.T,nCount RNA
Dolgalev_2023,LUAD,scRNA-seq,Dolgalev_2023_NYU32.T,Label_kim2020_type_infercnv
Dolgalev_2023,LUAD,scRNA-seq,Dolgalev_2023_NYU32.T,scDblFinder type
Dolgalev_2023,LUAD,scRNA-seq,Dolgalev_2023_NYU32.T,CNV_chr19_Proportion
Dolgalev_2023,LUAD,scRNA-seq,Dolgalev_2023_NYU32.T,CNV_chr18_Proportion
Dolgalev_2023,LUAD,scRNA-seq,Dolgalev_2023_NYU32.T,Refined_subtype
Dolgalev_2023,LUAD,scRNA-seq,Dolgalev_2023_NYU32.T,CNV_chr17_Proportion
Dolgalev_2023,LUAD,scRNA-seq,Dolgalev_2023_NYU32.T,CNV_chr16_Proportion
Dolgalev_2023,LUAD,scRNA-seq,Dolgalev_2023_NYU32.T,Cluster
Dolgalev_2023,LUAD,scRNA-seq,Dolgalev_2023_NYU608.T,nCount RNA
Dolgalev_2023,LUAD,scRNA-seq,Dolgalev_2023_NYU608.T,CNV_chr6_Proportion
Dolgalev_2023,LUAD,scRNA-seq,Dolgalev_2023_NYU608.T,CNV_chr13_Proportion
Dolgalev_2023,LUAD,scRNA-seq,Dolgalev_2023_NYU608.T,Classical_subtype
Dolgalev_2023,LUAD,scRNA-seq,Dolgalev_2023_NYU608.T,CNV_chr7_Proportion
Dolgalev_2023,LUAD,scRNA-seq,Dolgalev_2023_NYU608.T,CNV_chr11_Proportion
Dolgalev_2023,LUAD,scRNA-seq,Dolgalev_2023_NYU608.T,CNV_chr5_Proportion
Dolgalev_2023,LUAD,scRNA-seq,Dolgalev_2023_NYU608.T,scDblFinder weighted
Dolgalev_2023,LUAD,scRNA-seq,Dolgalev_2023_NYU608.T,CNV_chr8_Proportion
Dolgalev_2023,LUAD,scRNA-seq,Dolgalev_2023_NYU608.T,CNV_chr17_Proportion
Dolgalev_2023,LUAD,scRNA-seq,Dolgalev_2023_NYU608.T,CNV_chr12_Proportion
Dolgalev_2023,LUAD,scRNA-seq,Dolgalev_2023_NYU608.T,MP_r_subtype
Dolgalev_2023,LUAD,scRNA-seq,Dolgalev_2023_NYU608.T,scDblFinder cxds_score
Dolgalev_2023,LUAD,scRNA-seq,Dolgalev_2023_NYU608.T,CNV_chr9_Proportion
Dolgalev_2023,LUAD,scRNA-seq,Dolgalev_2023_NYU608.T,Refined_type
Dolgalev_2023,LUAD,scRNA-seq,Dolgalev_2023_NYU608.T,Refined_subtype
Dolgalev_2023,LUAD,scRNA-seq,Dolgalev_2023_NYU608.T,CNV_chr10_Proportion
Dolgalev_2023,LUAD,scRNA-seq,Dolgalev_2023_NYU608.T,CNV_chr19_Proportion
Dolgalev_2023,LUAD,scRNA-seq,Dolgalev_2023_NYU608.T,Label_kim2020_subtype_infercnv
Dolgalev_2023,LUAD,scRNA-seq,Dolgalev_2023_NYU608.T,Label_kim2020_type_infercnv
Dolgalev_2023,LUAD,scRNA-seq,Dolgalev_2023_NYU608.T,CNV_chr20_Proportion
Dolgalev_2023,LUAD,scRNA-seq,Dolgalev_2023_NYU608.T,CNV_chr2_Proportion
Dolgalev_2023,LUAD,scRNA-seq,Dolgalev_2023_NYU608.T,num_genes
Dolgalev_2023,LUAD,scRNA-seq,Dolgalev_2023_NYU608.T,CNV_chr21_Proportion
Dolgalev_2023,LUAD,scRNA-seq,Dolgalev_2023_NYU608.T,CNV_chr3_Proportion
Dolgalev_2023,LUAD,scRNA-seq,Dolgalev_2023_NYU608.T,CNV_chr15_Proportion
Dolgalev_2023,LUAD,scRNA-seq,Dolgalev_2023_NYU608.T,CNV_chr16_Proportion
Dolgalev_2023,LUAD,scRNA-seq,Dolgalev_2023_NYU608.T,CNV_chr18_Proportion
Dolgalev_2023,LUAD,scRNA-seq,Dolgalev_2023_NYU608.T,Infercnv_cell_type
Dolgalev_2023,LUAD,scRNA-seq,Dolgalev_2023_NYU608.T,CNV_chr4_Proportion
Dolgalev_2023,LUAD,scRNA-seq,Dolgalev_2023_NYU608.T,num_UMIs
Dolgalev_2023,LUAD,scRNA-seq,Dolgalev_2023_NYU608.T,Label_kim2020_type
Dolgalev_2023,LUAD,scRNA-seq,Dolgalev_2023_NYU608.T,Cluster
Dolgalev_2023,LUAD,scRNA-seq,Dolgalev_2023_NYU608.T,CNV_chr14_Proportion
Dolgalev_2023,LUAD,scRNA-seq,Dolgalev_2023_NYU608.T,scDblFinder score
Dolgalev_2023,LUAD,scRNA-seq,Dolgalev_2023_NYU608.T,CNV_chr1_Proportion
Dolgalev_2023,LUAD,scRNA-seq,Dolgalev_2023_NYU608.T,Label_Kim2020_subtypes
Dolgalev_2023,LUAD,scRNA-seq,Dolgalev_2023_NYU608.T,scDblFinder type
Dolgalev_2023,LUAD,scRNA-seq,Dolgalev_2023_NYU608.T,nFeature RNA
Dolgalev_2023,LUAD,scRNA-seq,Dolgalev_2023_NYU608.T,Reads percentage of mito gene
Dolgalev_2023,LUAD,scRNA-seq,Dolgalev_2023_NYU608.T,CNV_chr22_Proportion
Dolgalev_2023,LUAD,scRNA-seq,Dolgalev_2023_NYU608.T,Label_Zilionis2019_types
Dolgalev_2023,LUAD,scRNA-seq,Dolgalev_2023_NYU689.T,CNV_chr8_Proportion
Dolgalev_2023,LUAD,scRNA-seq,Dolgalev_2023_NYU689.T,CNV_chr12_Proportion
Dolgalev_2023,LUAD,scRNA-seq,Dolgalev_2023_NYU689.T,CNV_chr9_Proportion
Dolgalev_2023,LUAD,scRNA-seq,Dolgalev_2023_NYU689.T,CNV_chr16_Proportion
Dolgalev_2023,LUAD,scRNA-seq,Dolgalev_2023_NYU689.T,nCount RNA
Dolgalev_2023,LUAD,scRNA-seq,Dolgalev_2023_NYU689.T,Classical_subtype
Dolgalev_2023,LUAD,scRNA-seq,Dolgalev_2023_NYU689.T,CNV_chr13_Proportion
Dolgalev_2023,LUAD,scRNA-seq,Dolgalev_2023_NYU689.T,CNV_chr17_Proportion
Dolgalev_2023,LUAD,scRNA-seq,Dolgalev_2023_NYU689.T,MP_r_subtype
Dolgalev_2023,LUAD,scRNA-seq,Dolgalev_2023_NYU689.T,CNV_chr11_Proportion
Dolgalev_2023,LUAD,scRNA-seq,Dolgalev_2023_NYU689.T,Label_kim2020_type_infercnv
Dolgalev_2023,LUAD,scRNA-seq,Dolgalev_2023_NYU689.T,CNV_chr15_Proportion
Dolgalev_2023,LUAD,scRNA-seq,Dolgalev_2023_NYU689.T,Refined_type
Dolgalev_2023,LUAD,scRNA-seq,Dolgalev_2023_NYU689.T,Label_kim2020_subtype_infercnv
Dolgalev_2023,LUAD,scRNA-seq,Dolgalev_2023_NYU689.T,CNV_chr6_Proportion
Dolgalev_2023,LUAD,scRNA-seq,Dolgalev_2023_NYU689.T,CNV_chr7_Proportion
Dolgalev_2023,LUAD,scRNA-seq,Dolgalev_2023_NYU689.T,CNV_chr1_Proportion
Dolgalev_2023,LUAD,scRNA-seq,Dolgalev_2023_NYU689.T,Label_kim2020_type
Dolgalev_2023,LUAD,scRNA-seq,Dolgalev_2023_NYU689.T,CNV_chr10_Proportion
Dolgalev_2023,LUAD,scRNA-seq,Dolgalev_2023_NYU689.T,CNV_chr14_Proportion
Dolgalev_2023,LUAD,scRNA-seq,Dolgalev_2023_NYU689.T,CNV_chr20_Proportion
Dolgalev_2023,LUAD,scRNA-seq,Dolgalev_2023_NYU689.T,Label_Kim2020_subtypes
Dolgalev_2023,LUAD,scRNA-seq,Dolgalev_2023_NYU689.T,CNV_chr5_Proportion
Dolgalev_2023,LUAD,scRNA-seq,Dolgalev_2023_NYU689.T,scDblFinder cxds_score
Dolgalev_2023,LUAD,scRNA-seq,Dolgalev_2023_NYU689.T,CNV_chr19_Proportion
Dolgalev_2023,LUAD,scRNA-seq,Dolgalev_2023_NYU689.T,CNV_chr18_Proportion
Dolgalev_2023,LUAD,scRNA-seq,Dolgalev_2023_NYU689.T,CNV_chr21_Proportion
Dolgalev_2023,LUAD,scRNA-seq,Dolgalev_2023_NYU689.T,Refined_subtype
Dolgalev_2023,LUAD,scRNA-seq,Dolgalev_2023_NYU689.T,CNV_chr3_Proportion
Dolgalev_2023,LUAD,scRNA-seq,Dolgalev_2023_NYU689.T,num_UMIs
Dolgalev_2023,LUAD,scRNA-seq,Dolgalev_2023_NYU689.T,CNV_chr2_Proportion
Dolgalev_2023,LUAD,scRNA-seq,Dolgalev_2023_NYU689.T,scDblFinder weighted
Dolgalev_2023,LUAD,scRNA-seq,Dolgalev_2023_NYU689.T,CNV_chr22_Proportion
Dolgalev_2023,LUAD,scRNA-seq,Dolgalev_2023_NYU689.T,CNV_chr4_Proportion
Dolgalev_2023,LUAD,scRNA-seq,Dolgalev_2023_NYU689.T,num_genes
Dolgalev_2023,LUAD,scRNA-seq,Dolgalev_2023_NYU689.T,Label_Zilionis2019_types
Dolgalev_2023,LUAD,scRNA-seq,Dolgalev_2023_NYU689.T,Cluster
Dolgalev_2023,LUAD,scRNA-seq,Dolgalev_2023_NYU689.T,scDblFinder type
Dolgalev_2023,LUAD,scRNA-seq,Dolgalev_2023_NYU689.T,scDblFinder score
Dolgalev_2023,LUAD,scRNA-seq,Dolgalev_2023_NYU689.T,Infercnv_cell_type
Dolgalev_2023,LUAD,scRNA-seq,Dolgalev_2023_NYU689.T,Reads percentage of mito gene
Dolgalev_2023,LUAD,scRNA-seq,Dolgalev_2023_NYU689.T,nFeature RNA
Dolgalev_2023,LUAD,scRNA-seq,Dolgalev_2023_NYU706.T,Classical_subtype
Dolgalev_2023,LUAD,scRNA-seq,Dolgalev_2023_NYU706.T,Label_Kim2020_subtypes
Dolgalev_2023,LUAD,scRNA-seq,Dolgalev_2023_NYU706.T,MP_r_subtype
Dolgalev_2023,LUAD,scRNA-seq,Dolgalev_2023_NYU706.T,scDblFinder cxds_score
Dolgalev_2023,LUAD,scRNA-seq,Dolgalev_2023_NYU706.T,CNV_chr13_Proportion
Dolgalev_2023,LUAD,scRNA-seq,Dolgalev_2023_NYU706.T,CNV_chr7_Proportion
Dolgalev_2023,LUAD,scRNA-seq,Dolgalev_2023_NYU706.T,Refined_type
Dolgalev_2023,LUAD,scRNA-seq,Dolgalev_2023_NYU706.T,scDblFinder weighted
Dolgalev_2023,LUAD,scRNA-seq,Dolgalev_2023_NYU706.T,CNV_chr10_Proportion
Dolgalev_2023,LUAD,scRNA-seq,Dolgalev_2023_NYU706.T,nCount RNA
Dolgalev_2023,LUAD,scRNA-seq,Dolgalev_2023_NYU706.T,CNV_chr2_Proportion
Dolgalev_2023,LUAD,scRNA-seq,Dolgalev_2023_NYU706.T,Label_Zilionis2019_types
Dolgalev_2023,LUAD,scRNA-seq,Dolgalev_2023_NYU706.T,CNV_chr11_Proportion
Dolgalev_2023,LUAD,scRNA-seq,Dolgalev_2023_NYU706.T,CNV_chr12_Proportion
Dolgalev_2023,LUAD,scRNA-seq,Dolgalev_2023_NYU706.T,CNV_chr18_Proportion
Dolgalev_2023,LUAD,scRNA-seq,Dolgalev_2023_NYU706.T,Label_kim2020_type
Dolgalev_2023,LUAD,scRNA-seq,Dolgalev_2023_NYU706.T,Label_kim2020_subtype_infercnv
Dolgalev_2023,LUAD,scRNA-seq,Dolgalev_2023_NYU706.T,Refined_subtype
Dolgalev_2023,LUAD,scRNA-seq,Dolgalev_2023_NYU706.T,CNV_chr19_Proportion
Dolgalev_2023,LUAD,scRNA-seq,Dolgalev_2023_NYU706.T,num_genes
Dolgalev_2023,LUAD,scRNA-seq,Dolgalev_2023_NYU706.T,Cluster
Dolgalev_2023,LUAD,scRNA-seq,Dolgalev_2023_NYU706.T,CNV_chr5_Proportion
Dolgalev_2023,LUAD,scRNA-seq,Dolgalev_2023_NYU706.T,CNV_chr17_Proportion
Dolgalev_2023,LUAD,scRNA-seq,Dolgalev_2023_NYU706.T,CNV_chr4_Proportion
Dolgalev_2023,LUAD,scRNA-seq,Dolgalev_2023_NYU706.T,CNV_chr16_Proportion
Dolgalev_2023,LUAD,scRNA-seq,Dolgalev_2023_NYU706.T,scDblFinder type
Dolgalev_2023,LUAD,scRNA-seq,Dolgalev_2023_NYU706.T,CNV_chr6_Proportion
Dolgalev_2023,LUAD,scRNA-seq,Dolgalev_2023_NYU706.T,CNV_chr20_Proportion
Dolgalev_2023,LUAD,scRNA-seq,Dolgalev_2023_NYU706.T,num_UMIs
Dolgalev_2023,LUAD,scRNA-seq,Dolgalev_2023_NYU706.T,CNV_chr1_Proportion
Dolgalev_2023,LUAD,scRNA-seq,Dolgalev_2023_NYU706.T,scDblFinder score
Dolgalev_2023,LUAD,scRNA-seq,Dolgalev_2023_NYU706.T,CNV_chr9_Proportion
Dolgalev_2023,LUAD,scRNA-seq,Dolgalev_2023_NYU706.T,CNV_chr3_Proportion
Dolgalev_2023,LUAD,scRNA-seq,Dolgalev_2023_NYU706.T,CNV_chr15_Proportion
Dolgalev_2023,LUAD,scRNA-seq,Dolgalev_2023_NYU706.T,CNV_chr8_Proportion
Dolgalev_2023,LUAD,scRNA-seq,Dolgalev_2023_NYU706.T,Infercnv_cell_type
Dolgalev_2023,LUAD,scRNA-seq,Dolgalev_2023_NYU706.T,CNV_chr22_Proportion
Dolgalev_2023,LUAD,scRNA-seq,Dolgalev_2023_NYU706.T,CNV_chr21_Proportion
Dolgalev_2023,LUAD,scRNA-seq,Dolgalev_2023_NYU706.T,Label_kim2020_type_infercnv
Dolgalev_2023,LUAD,scRNA-seq,Dolgalev_2023_NYU706.T,CNV_chr14_Proportion
Dolgalev_2023,LUAD,scRNA-seq,Dolgalev_2023_NYU706.T,Reads percentage of mito gene
Dolgalev_2023,LUAD,scRNA-seq,Dolgalev_2023_NYU706.T,nFeature RNA
Dolgalev_2023,LUAD,scRNA-seq,Dolgalev_2023_NYU965.T,Refined_subtype
Dolgalev_2023,LUAD,scRNA-seq,Dolgalev_2023_NYU965.T,CNV_chr11_Proportion
Dolgalev_2023,LUAD,scRNA-seq,Dolgalev_2023_NYU965.T,Label_kim2020_type_infercnv
Dolgalev_2023,LUAD,scRNA-seq,Dolgalev_2023_NYU965.T,Label_kim2020_subtype_infercnv
Dolgalev_2023,LUAD,scRNA-seq,Dolgalev_2023_NYU965.T,scDblFinder type
Dolgalev_2023,LUAD,scRNA-seq,Dolgalev_2023_NYU965.T,Refined_type
Dolgalev_2023,LUAD,scRNA-seq,Dolgalev_2023_NYU965.T,CNV_chr10_Proportion
Dolgalev_2023,LUAD,scRNA-seq,Dolgalev_2023_NYU965.T,CNV_chr22_Proportion
Dolgalev_2023,LUAD,scRNA-seq,Dolgalev_2023_NYU965.T,scDblFinder score
Dolgalev_2023,LUAD,scRNA-seq,Dolgalev_2023_NYU965.T,CNV_chr12_Proportion
Dolgalev_2023,LUAD,scRNA-seq,Dolgalev_2023_NYU965.T,Cluster
Dolgalev_2023,LUAD,scRNA-seq,Dolgalev_2023_NYU965.T,CNV_chr17_Proportion
Dolgalev_2023,LUAD,scRNA-seq,Dolgalev_2023_NYU965.T,CNV_chr5_Proportion
Dolgalev_2023,LUAD,scRNA-seq,Dolgalev_2023_NYU965.T,CNV_chr19_Proportion
Dolgalev_2023,LUAD,scRNA-seq,Dolgalev_2023_NYU965.T,CNV_chr9_Proportion
Dolgalev_2023,LUAD,scRNA-seq,Dolgalev_2023_NYU965.T,CNV_chr21_Proportion
Dolgalev_2023,LUAD,scRNA-seq,Dolgalev_2023_NYU965.T,CNV_chr18_Proportion
Dolgalev_2023,LUAD,scRNA-seq,Dolgalev_2023_NYU965.T,Label_Kim2020_subtypes
Dolgalev_2023,LUAD,scRNA-seq,Dolgalev_2023_NYU965.T,scDblFinder weighted
Dolgalev_2023,LUAD,scRNA-seq,Dolgalev_2023_NYU965.T,CNV_chr8_Proportion
Dolgalev_2023,LUAD,scRNA-seq,Dolgalev_2023_NYU965.T,CNV_chr16_Proportion
Dolgalev_2023,LUAD,scRNA-seq,Dolgalev_2023_NYU965.T,CNV_chr3_Proportion
Dolgalev_2023,LUAD,scRNA-seq,Dolgalev_2023_NYU965.T,CNV_chr6_Proportion
Dolgalev_2023,LUAD,scRNA-seq,Dolgalev_2023_NYU965.T,MP_r_subtype
Dolgalev_2023,LUAD,scRNA-seq,Dolgalev_2023_NYU965.T,CNV_chr20_Proportion
Dolgalev_2023,LUAD,scRNA-seq,Dolgalev_2023_NYU965.T,CNV_chr1_Proportion
Dolgalev_2023,LUAD,scRNA-seq,Dolgalev_2023_NYU965.T,CNV_chr4_Proportion
Dolgalev_2023,LUAD,scRNA-seq,Dolgalev_2023_NYU965.T,CNV_chr13_Proportion
Dolgalev_2023,LUAD,scRNA-seq,Dolgalev_2023_NYU965.T,CNV_chr15_Proportion
Dolgalev_2023,LUAD,scRNA-seq,Dolgalev_2023_NYU965.T,num_UMIs
Dolgalev_2023,LUAD,scRNA-seq,Dolgalev_2023_NYU965.T,CNV_chr2_Proportion
Dolgalev_2023,LUAD,scRNA-seq,Dolgalev_2023_NYU965.T,nCount RNA
Dolgalev_2023,LUAD,scRNA-seq,Dolgalev_2023_NYU965.T,CNV_chr14_Proportion
Dolgalev_2023,LUAD,scRNA-seq,Dolgalev_2023_NYU965.T,nFeature RNA
Dolgalev_2023,LUAD,scRNA-seq,Dolgalev_2023_NYU965.T,num_genes
Dolgalev_2023,LUAD,scRNA-seq,Dolgalev_2023_NYU965.T,Label_Zilionis2019_types
Dolgalev_2023,LUAD,scRNA-seq,Dolgalev_2023_NYU965.T,scDblFinder cxds_score
Dolgalev_2023,LUAD,scRNA-seq,Dolgalev_2023_NYU965.T,Infercnv_cell_type
Dolgalev_2023,LUAD,scRNA-seq,Dolgalev_2023_NYU965.T,Reads percentage of mito gene
Dolgalev_2023,LUAD,scRNA-seq,Dolgalev_2023_NYU965.T,Label_kim2020_type
Dolgalev_2023,LUAD,scRNA-seq,Dolgalev_2023_NYU965.T,CNV_chr7_Proportion
Dolgalev_2023,LUAD,scRNA-seq,Dolgalev_2023_NYU965.T,Classical_subtype
He_2022,LUAD,scRNA-seq,He_2022_P01_GG,nCount_RNA
He_2022,LUAD,scRNA-seq,He_2022_P01_GG,Copykat.pred
He_2022,LUAD,scRNA-seq,He_2022_P01_GG,Classical_subtype
He_2022,LUAD,scRNA-seq,He_2022_P01_GG,Cell_type
He_2022,LUAD,scRNA-seq,He_2022_P01_GG,Malignant
He_2022,LUAD,scRNA-seq,He_2022_P01_GG,nFeature_RNA
He_2022,LUAD,scRNA-seq,He_2022_P01_GG,Reads percentage of mito gene
He_2022,LUAD,scRNA-seq,He_2022_P01_GG,MP_r_subtype
He_2022,LUAD,scRNA-seq,He_2022_P01_S,nCount_RNA
He_2022,LUAD,scRNA-seq,He_2022_P01_S,Classical_subtype
He_2022,LUAD,scRNA-seq,He_2022_P01_S,Reads percentage of mito gene
He_2022,LUAD,scRNA-seq,He_2022_P01_S,nFeature_RNA
He_2022,LUAD,scRNA-seq,He_2022_P01_S,MP_r_subtype
He_2022,LUAD,scRNA-seq,He_2022_P01_S,Cell_type
He_2022,LUAD,scRNA-seq,He_2022_P01_S,Malignant
He_2022,LUAD,scRNA-seq,He_2022_P01_S,Copykat.pred
He_2022,LUAD,scRNA-seq,He_2022_P02_GG,nFeature_RNA
He_2022,LUAD,scRNA-seq,He_2022_P02_GG,Classical_subtype
He_2022,LUAD,scRNA-seq,He_2022_P02_GG,Reads percentage of mito gene
He_2022,LUAD,scRNA-seq,He_2022_P02_GG,nCount_RNA
He_2022,LUAD,scRNA-seq,He_2022_P02_GG,Cell_type
He_2022,LUAD,scRNA-seq,He_2022_P02_GG,Copykat.pred
He_2022,LUAD,scRNA-seq,He_2022_P02_GG,MP_r_subtype
He_2022,LUAD,scRNA-seq,He_2022_P02_GG,Malignant
He_2022,LUAD,scRNA-seq,He_2022_P02_S,Reads percentage of mito gene
He_2022,LUAD,scRNA-seq,He_2022_P02_S,nFeature_RNA
He_2022,LUAD,scRNA-seq,He_2022_P02_S,Cell_type
He_2022,LUAD,scRNA-seq,He_2022_P02_S,Copykat.pred
He_2022,LUAD,scRNA-seq,He_2022_P02_S,Classical_subtype
He_2022,LUAD,scRNA-seq,He_2022_P02_S,Malignant
He_2022,LUAD,scRNA-seq,He_2022_P02_S,nCount_RNA
He_2022,LUAD,scRNA-seq,He_2022_P02_S,MP_r_subtype
He_2022,LUAD,scRNA-seq,He_2022_P03_GG,Cell_type
He_2022,LUAD,scRNA-seq,He_2022_P03_GG,Reads percentage of mito gene
He_2022,LUAD,scRNA-seq,He_2022_P03_GG,Copykat.pred
He_2022,LUAD,scRNA-seq,He_2022_P03_GG,nFeature_RNA
He_2022,LUAD,scRNA-seq,He_2022_P03_GG,MP_r_subtype
He_2022,LUAD,scRNA-seq,He_2022_P03_GG,Malignant
He_2022,LUAD,scRNA-seq,He_2022_P03_GG,nCount_RNA
He_2022,LUAD,scRNA-seq,He_2022_P03_GG,Classical_subtype
He_2022,LUAD,scRNA-seq,He_2022_P03_S,nFeature_RNA
He_2022,LUAD,scRNA-seq,He_2022_P03_S,Malignant
He_2022,LUAD,scRNA-seq,He_2022_P03_S,MP_r_subtype
He_2022,LUAD,scRNA-seq,He_2022_P03_S,Reads percentage of mito gene
He_2022,LUAD,scRNA-seq,He_2022_P03_S,Copykat.pred
He_2022,LUAD,scRNA-seq,He_2022_P03_S,nCount_RNA
He_2022,LUAD,scRNA-seq,He_2022_P03_S,Cell_type
He_2022,LUAD,scRNA-seq,He_2022_P03_S,Classical_subtype
Hu_2023,LUAD,scRNA-seq,Hu_2023_BD_immune02,nCount_RNA
Hu_2023,LUAD,scRNA-seq,Hu_2023_BD_immune02,nFeature_RNA
Hu_2023,LUAD,scRNA-seq,Hu_2023_BD_immune02,Copykat.pred
Hu_2023,LUAD,scRNA-seq,Hu_2023_BD_immune02,Cell_type
Hu_2023,LUAD,scRNA-seq,Hu_2023_BD_immune02,MP_r_subtype
Hu_2023,LUAD,scRNA-seq,Hu_2023_BD_immune02,Classical_subtype
Hu_2023,LUAD,scRNA-seq,Hu_2023_BD_immune02,Reads percentage of mito gene
Hu_2023,LUAD,scRNA-seq,Hu_2023_BD_immune02,Malignant
Hu_2023,LUAD,scRNA-seq,Hu_2023_BD_immune05,Copykat.pred
Hu_2023,LUAD,scRNA-seq,Hu_2023_BD_immune05,nCount_RNA
Hu_2023,LUAD,scRNA-seq,Hu_2023_BD_immune05,nFeature_RNA
Hu_2023,LUAD,scRNA-seq,Hu_2023_BD_immune05,Reads percentage of mito gene
Hu_2023,LUAD,scRNA-seq,Hu_2023_BD_immune05,Cell_type
Hu_2023,LUAD,scRNA-seq,Hu_2023_BD_immune05,Malignant
Hu_2023,LUAD,scRNA-seq,Hu_2023_BD_immune05,MP_r_subtype
Hu_2023,LUAD,scRNA-seq,Hu_2023_BD_immune05,Classical_subtype
Hu_2023,LUAD,scRNA-seq,Hu_2023_BD_immune08,nFeature_RNA
Hu_2023,LUAD,scRNA-seq,Hu_2023_BD_immune08,Copykat.pred
Hu_2023,LUAD,scRNA-seq,Hu_2023_BD_immune08,Malignant
Hu_2023,LUAD,scRNA-seq,Hu_2023_BD_immune08,nCount_RNA
Hu_2023,LUAD,scRNA-seq,Hu_2023_BD_immune08,Classical_subtype
Hu_2023,LUAD,scRNA-seq,Hu_2023_BD_immune08,Reads percentage of mito gene
Hu_2023,LUAD,scRNA-seq,Hu_2023_BD_immune08,Cell_type
Hu_2023,LUAD,scRNA-seq,Hu_2023_BD_immune08,MP_r_subtype
Hu_2023,LUAD,scRNA-seq,Hu_2023_BD_immune11,nCount_RNA
Hu_2023,LUAD,scRNA-seq,Hu_2023_BD_immune11,nFeature_RNA
Hu_2023,LUAD,scRNA-seq,Hu_2023_BD_immune11,Reads percentage of mito gene
Hu_2023,LUAD,scRNA-seq,Hu_2023_BD_immune11,Copykat.pred
Hu_2023,LUAD,scRNA-seq,Hu_2023_BD_immune11,Malignant
Hu_2023,LUAD,scRNA-seq,Hu_2023_BD_immune11,MP_r_subtype
Hu_2023,LUAD,scRNA-seq,Hu_2023_BD_immune11,Classical_subtype
Hu_2023,LUAD,scRNA-seq,Hu_2023_BD_immune11,Cell_type
Hu_2023,LUAD,scRNA-seq,Hu_2023_BD_immune12,Reads percentage of mito gene
Hu_2023,LUAD,scRNA-seq,Hu_2023_BD_immune12,Malignant
Hu_2023,LUAD,scRNA-seq,Hu_2023_BD_immune12,nCount_RNA
Hu_2023,LUAD,scRNA-seq,Hu_2023_BD_immune12,nFeature_RNA
Hu_2023,LUAD,scRNA-seq,Hu_2023_BD_immune12,Copykat.pred
Hu_2023,LUAD,scRNA-seq,Hu_2023_BD_immune12,Cell_type
Hu_2023,LUAD,scRNA-seq,Hu_2023_BD_immune12,MP_r_subtype
Hu_2023,LUAD,scRNA-seq,Hu_2023_BD_immune12,Classical_subtype
Hu_2023,LUSC,scRNA-seq,Hu_2023_BD_immune01,nCount_RNA
Hu_2023,LUSC,scRNA-seq,Hu_2023_BD_immune01,nFeature_RNA
Hu_2023,LUSC,scRNA-seq,Hu_2023_BD_immune01,Copykat.pred
Hu_2023,LUSC,scRNA-seq,Hu_2023_BD_immune01,Cell_type
Hu_2023,LUSC,scRNA-seq,Hu_2023_BD_immune01,MP_r_subtype
Hu_2023,LUSC,scRNA-seq,Hu_2023_BD_immune01,Classical_subtype
Hu_2023,LUSC,scRNA-seq,Hu_2023_BD_immune01,Reads percentage of mito gene
Hu_2023,LUSC,scRNA-seq,Hu_2023_BD_immune01,Malignant
Hu_2023,LUSC,scRNA-seq,Hu_2023_BD_immune03,Copykat.pred
Hu_2023,LUSC,scRNA-seq,Hu_2023_BD_immune03,nCount_RNA
Hu_2023,LUSC,scRNA-seq,Hu_2023_BD_immune03,nFeature_RNA
Hu_2023,LUSC,scRNA-seq,Hu_2023_BD_immune03,Reads percentage of mito gene
Hu_2023,LUSC,scRNA-seq,Hu_2023_BD_immune03,Cell_type
Hu_2023,LUSC,scRNA-seq,Hu_2023_BD_immune03,Malignant
Hu_2023,LUSC,scRNA-seq,Hu_2023_BD_immune03,MP_r_subtype
Hu_2023,LUSC,scRNA-seq,Hu_2023_BD_immune03,Classical_subtype
Hu_2023,LUSC,scRNA-seq,Hu_2023_BD_immune07,nFeature_RNA
Hu_2023,LUSC,scRNA-seq,Hu_2023_BD_immune07,Copykat.pred
Hu_2023,LUSC,scRNA-seq,Hu_2023_BD_immune07,Malignant
Hu_2023,LUSC,scRNA-seq,Hu_2023_BD_immune07,nCount_RNA
Hu_2023,LUSC,scRNA-seq,Hu_2023_BD_immune07,Classical_subtype
Hu_2023,LUSC,scRNA-seq,Hu_2023_BD_immune07,Reads percentage of mito gene
Hu_2023,LUSC,scRNA-seq,Hu_2023_BD_immune07,Cell_type
Hu_2023,LUSC,scRNA-seq,Hu_2023_BD_immune07,MP_r_subtype
Hu_2023,LUSC,scRNA-seq,Hu_2023_BD_immune09,nCount_RNA
Hu_2023,LUSC,scRNA-seq,Hu_2023_BD_immune09,nFeature_RNA
Hu_2023,LUSC,scRNA-seq,Hu_2023_BD_immune09,Reads percentage of mito gene
Hu_2023,LUSC,scRNA-seq,Hu_2023_BD_immune09,Copykat.pred
Hu_2023,LUSC,scRNA-seq,Hu_2023_BD_immune09,Malignant
Hu_2023,LUSC,scRNA-seq,Hu_2023_BD_immune09,MP_r_subtype
Hu_2023,LUSC,scRNA-seq,Hu_2023_BD_immune09,Classical_subtype
Hu_2023,LUSC,scRNA-seq,Hu_2023_BD_immune09,Cell_type
Hu_2023,LUSC,scRNA-seq,Hu_2023_BD_immune10,Reads percentage of mito gene
Hu_2023,LUSC,scRNA-seq,Hu_2023_BD_immune10,Malignant
Hu_2023,LUSC,scRNA-seq,Hu_2023_BD_immune10,nCount_RNA
Hu_2023,LUSC,scRNA-seq,Hu_2023_BD_immune10,nFeature_RNA
Hu_2023,LUSC,scRNA-seq,Hu_2023_BD_immune10,Copykat.pred
Hu_2023,LUSC,scRNA-seq,Hu_2023_BD_immune10,Cell_type
Hu_2023,LUSC,scRNA-seq,Hu_2023_BD_immune10,MP_r_subtype
Hu_2023,LUSC,scRNA-seq,Hu_2023_BD_immune10,Classical_subtype
Ireland_2020,SCLC,scRNA-seq,Ireland_2020_S1,nCount_RNA
Ireland_2020,SCLC,scRNA-seq,Ireland_2020_S1,nFeature_RNA
Ireland_2020,SCLC,scRNA-seq,Ireland_2020_S1,Reads percentage of mito gene
Ireland_2020,SCLC,scRNA-seq,Ireland_2020_S1,Cell_type
Ireland_2020,SCLC,scRNA-seq,Ireland_2020_S1,Copykat.pred
Ireland_2020,SCLC,scRNA-seq,Ireland_2020_S1,Malignant
Ireland_2020,SCLC,scRNA-seq,Ireland_2020_S1,MP_r_subtype
Ireland_2020,SCLC,scRNA-seq,Ireland_2020_S1,Classical_subtype
Kim_2020,LUAD,scRNA-seq,Kim_2020_BRONCHO_11,nCount_RNA
Kim_2020,LUAD,scRNA-seq,Kim_2020_BRONCHO_11,Reads percentage of mito gene
Kim_2020,LUAD,scRNA-seq,Kim_2020_BRONCHO_11,Classical_subtype
Kim_2020,LUAD,scRNA-seq,Kim_2020_BRONCHO_11,MP_r_subtype
Kim_2020,LUAD,scRNA-seq,Kim_2020_BRONCHO_11,nFeature_RNA
Kim_2020,LUAD,scRNA-seq,Kim_2020_BRONCHO_11,Cell_subtype
Kim_2020,LUAD,scRNA-seq,Kim_2020_BRONCHO_11,Cell_type
Kim_2020,LUAD,scRNA-seq,Kim_2020_BRONCHO_58,nFeature_RNA
Kim_2020,LUAD,scRNA-seq,Kim_2020_BRONCHO_58,Cell_type
Kim_2020,LUAD,scRNA-seq,Kim_2020_BRONCHO_58,Classical_subtype
Kim_2020,LUAD,scRNA-seq,Kim_2020_BRONCHO_58,Reads percentage of mito gene
Kim_2020,LUAD,scRNA-seq,Kim_2020_BRONCHO_58,Cell_subtype
Kim_2020,LUAD,scRNA-seq,Kim_2020_BRONCHO_58,nCount_RNA
Kim_2020,LUAD,scRNA-seq,Kim_2020_BRONCHO_58,MP_r_subtype
Kim_2020,LUAD,scRNA-seq,Kim_2020_EBUS_06,Cell_subtype
Kim_2020,LUAD,scRNA-seq,Kim_2020_EBUS_06,Reads percentage of mito gene
Kim_2020,LUAD,scRNA-seq,Kim_2020_EBUS_06,Cell_type
Kim_2020,LUAD,scRNA-seq,Kim_2020_EBUS_06,nCount_RNA
Kim_2020,LUAD,scRNA-seq,Kim_2020_EBUS_06,MP_r_subtype
Kim_2020,LUAD,scRNA-seq,Kim_2020_EBUS_06,Classical_subtype
Kim_2020,LUAD,scRNA-seq,Kim_2020_EBUS_06,nFeature_RNA
Kim_2020,LUAD,scRNA-seq,Kim_2020_EBUS_10,Cell_subtype
Kim_2020,LUAD,scRNA-seq,Kim_2020_EBUS_10,Reads percentage of mito gene
Kim_2020,LUAD,scRNA-seq,Kim_2020_EBUS_10,MP_r_subtype
Kim_2020,LUAD,scRNA-seq,Kim_2020_EBUS_10,nCount_RNA
Kim_2020,LUAD,scRNA-seq,Kim_2020_EBUS_10,Classical_subtype
Kim_2020,LUAD,scRNA-seq,Kim_2020_EBUS_10,nFeature_RNA
Kim_2020,LUAD,scRNA-seq,Kim_2020_EBUS_10,Cell_type
Kim_2020,LUAD,scRNA-seq,Kim_2020_EBUS_12,Reads percentage of mito gene
Kim_2020,LUAD,scRNA-seq,Kim_2020_EBUS_12,nCount_RNA
Kim_2020,LUAD,scRNA-seq,Kim_2020_EBUS_12,Cell_subtype
Kim_2020,LUAD,scRNA-seq,Kim_2020_EBUS_12,nFeature_RNA
Kim_2020,LUAD,scRNA-seq,Kim_2020_EBUS_12,MP_r_subtype
Kim_2020,LUAD,scRNA-seq,Kim_2020_EBUS_12,Classical_subtype
Kim_2020,LUAD,scRNA-seq,Kim_2020_EBUS_12,Cell_type
Kim_2020,LUAD,scRNA-seq,Kim_2020_EBUS_13,Classical_subtype
Kim_2020,LUAD,scRNA-seq,Kim_2020_EBUS_13,nCount_RNA
Kim_2020,LUAD,scRNA-seq,Kim_2020_EBUS_13,Cell_subtype
Kim_2020,LUAD,scRNA-seq,Kim_2020_EBUS_13,Cell_type
Kim_2020,LUAD,scRNA-seq,Kim_2020_EBUS_13,nFeature_RNA
Kim_2020,LUAD,scRNA-seq,Kim_2020_EBUS_13,Reads percentage of mito gene
Kim_2020,LUAD,scRNA-seq,Kim_2020_EBUS_13,MP_r_subtype
Kim_2020,LUAD,scRNA-seq,Kim_2020_EBUS_15,Cell_type
Kim_2020,LUAD,scRNA-seq,Kim_2020_EBUS_15,Cell_subtype
Kim_2020,LUAD,scRNA-seq,Kim_2020_EBUS_15,Classical_subtype
Kim_2020,LUAD,scRNA-seq,Kim_2020_EBUS_15,Reads percentage of mito gene
Kim_2020,LUAD,scRNA-seq,Kim_2020_EBUS_15,MP_r_subtype
Kim_2020,LUAD,scRNA-seq,Kim_2020_EBUS_15,nCount_RNA
Kim_2020,LUAD,scRNA-seq,Kim_2020_EBUS_15,nFeature_RNA
Kim_2020,LUAD,scRNA-seq,Kim_2020_EBUS_19,Cell_subtype
Kim_2020,LUAD,scRNA-seq,Kim_2020_EBUS_19,Reads percentage of mito gene
Kim_2020,LUAD,scRNA-seq,Kim_2020_EBUS_19,Classical_subtype
Kim_2020,LUAD,scRNA-seq,Kim_2020_EBUS_19,MP_r_subtype
Kim_2020,LUAD,scRNA-seq,Kim_2020_EBUS_19,Cell_type
Kim_2020,LUAD,scRNA-seq,Kim_2020_EBUS_19,nCount_RNA
Kim_2020,LUAD,scRNA-seq,Kim_2020_EBUS_19,nFeature_RNA
Kim_2020,LUAD,scRNA-seq,Kim_2020_EBUS_28,Cell_subtype
Kim_2020,LUAD,scRNA-seq,Kim_2020_EBUS_28,MP_r_subtype
Kim_2020,LUAD,scRNA-seq,Kim_2020_EBUS_28,nCount_RNA
Kim_2020,LUAD,scRNA-seq,Kim_2020_EBUS_28,Reads percentage of mito gene
Kim_2020,LUAD,scRNA-seq,Kim_2020_EBUS_28,nFeature_RNA
Kim_2020,LUAD,scRNA-seq,Kim_2020_EBUS_28,Cell_type
Kim_2020,LUAD,scRNA-seq,Kim_2020_EBUS_28,Classical_subtype
Kim_2020,LUAD,scRNA-seq,Kim_2020_EBUS_49,Classical_subtype
Kim_2020,LUAD,scRNA-seq,Kim_2020_EBUS_49,Cell_type
Kim_2020,LUAD,scRNA-seq,Kim_2020_EBUS_49,nFeature_RNA
Kim_2020,LUAD,scRNA-seq,Kim_2020_EBUS_49,MP_r_subtype
Kim_2020,LUAD,scRNA-seq,Kim_2020_EBUS_49,Reads percentage of mito gene
Kim_2020,LUAD,scRNA-seq,Kim_2020_EBUS_49,Cell_subtype
Kim_2020,LUAD,scRNA-seq,Kim_2020_EBUS_49,nCount_RNA
Kim_2020,LUAD,scRNA-seq,Kim_2020_EBUS_51,Cell_subtype
Kim_2020,LUAD,scRNA-seq,Kim_2020_EBUS_51,nFeature_RNA
Kim_2020,LUAD,scRNA-seq,Kim_2020_EBUS_51,MP_r_subtype
Kim_2020,LUAD,scRNA-seq,Kim_2020_EBUS_51,Reads percentage of mito gene
Kim_2020,LUAD,scRNA-seq,Kim_2020_EBUS_51,Cell_type
Kim_2020,LUAD,scRNA-seq,Kim_2020_EBUS_51,Classical_subtype
Kim_2020,LUAD,scRNA-seq,Kim_2020_EBUS_51,nCount_RNA
Kim_2020,LUAD,scRNA-seq,Kim_2020_LUNG_T06,MP_r_subtype
Kim_2020,LUAD,scRNA-seq,Kim_2020_LUNG_T06,Reads percentage of mito gene
Kim_2020,LUAD,scRNA-seq,Kim_2020_LUNG_T06,Cell_subtype
Kim_2020,LUAD,scRNA-seq,Kim_2020_LUNG_T06,nFeature_RNA
Kim_2020,LUAD,scRNA-seq,Kim_2020_LUNG_T06,Classical_subtype
Kim_2020,LUAD,scRNA-seq,Kim_2020_LUNG_T06,Cell_type
Kim_2020,LUAD,scRNA-seq,Kim_2020_LUNG_T06,nCount_RNA
Kim_2020,LUAD,scRNA-seq,Kim_2020_LUNG_T18,Reads percentage of mito gene
Kim_2020,LUAD,scRNA-seq,Kim_2020_LUNG_T18,MP_r_subtype
Kim_2020,LUAD,scRNA-seq,Kim_2020_LUNG_T18,Classical_subtype
Kim_2020,LUAD,scRNA-seq,Kim_2020_LUNG_T18,Cell_subtype
Kim_2020,LUAD,scRNA-seq,Kim_2020_LUNG_T18,nFeature_RNA
Kim_2020,LUAD,scRNA-seq,Kim_2020_LUNG_T18,nCount_RNA
Kim_2020,LUAD,scRNA-seq,Kim_2020_LUNG_T18,Cell_type
Kim_2020,LUAD,scRNA-seq,Kim_2020_LUNG_T19,Reads percentage of mito gene
Kim_2020,LUAD,scRNA-seq,Kim_2020_LUNG_T19,MP_r_subtype
Kim_2020,LUAD,scRNA-seq,Kim_2020_LUNG_T19,nCount_RNA
Kim_2020,LUAD,scRNA-seq,Kim_2020_LUNG_T19,Classical_subtype
Kim_2020,LUAD,scRNA-seq,Kim_2020_LUNG_T19,nFeature_RNA
Kim_2020,LUAD,scRNA-seq,Kim_2020_LUNG_T19,Cell_subtype
Kim_2020,LUAD,scRNA-seq,Kim_2020_LUNG_T19,Cell_type
Kim_2020,LUAD,scRNA-seq,Kim_2020_LUNG_T20,Reads percentage of mito gene
Kim_2020,LUAD,scRNA-seq,Kim_2020_LUNG_T20,nCount_RNA
Kim_2020,LUAD,scRNA-seq,Kim_2020_LUNG_T20,MP_r_subtype
Kim_2020,LUAD,scRNA-seq,Kim_2020_LUNG_T20,nFeature_RNA
Kim_2020,LUAD,scRNA-seq,Kim_2020_LUNG_T20,Classical_subtype
Kim_2020,LUAD,scRNA-seq,Kim_2020_LUNG_T20,Cell_subtype
Kim_2020,LUAD,scRNA-seq,Kim_2020_LUNG_T20,Cell_type
Kim_2020,LUAD,scRNA-seq,Kim_2020_LUNG_T25,Reads percentage of mito gene
Kim_2020,LUAD,scRNA-seq,Kim_2020_LUNG_T25,Cell_subtype
Kim_2020,LUAD,scRNA-seq,Kim_2020_LUNG_T25,nCount_RNA
Kim_2020,LUAD,scRNA-seq,Kim_2020_LUNG_T25,MP_r_subtype
Kim_2020,LUAD,scRNA-seq,Kim_2020_LUNG_T25,nFeature_RNA
Kim_2020,LUAD,scRNA-seq,Kim_2020_LUNG_T25,Classical_subtype
Kim_2020,LUAD,scRNA-seq,Kim_2020_LUNG_T25,Cell_type
Kim_2020,LUAD,scRNA-seq,Kim_2020_LUNG_T28,Reads percentage of mito gene
Kim_2020,LUAD,scRNA-seq,Kim_2020_LUNG_T28,Cell_subtype
Kim_2020,LUAD,scRNA-seq,Kim_2020_LUNG_T28,MP_r_subtype
Kim_2020,LUAD,scRNA-seq,Kim_2020_LUNG_T28,nCount_RNA
Kim_2020,LUAD,scRNA-seq,Kim_2020_LUNG_T28,Classical_subtype
Kim_2020,LUAD,scRNA-seq,Kim_2020_LUNG_T28,nFeature_RNA
Kim_2020,LUAD,scRNA-seq,Kim_2020_LUNG_T28,Cell_type
Kim_2020,LUAD,scRNA-seq,Kim_2020_LUNG_T30,Reads percentage of mito gene
Kim_2020,LUAD,scRNA-seq,Kim_2020_LUNG_T30,Classical_subtype
Kim_2020,LUAD,scRNA-seq,Kim_2020_LUNG_T30,MP_r_subtype
Kim_2020,LUAD,scRNA-seq,Kim_2020_LUNG_T30,Cell_subtype
Kim_2020,LUAD,scRNA-seq,Kim_2020_LUNG_T30,nCount_RNA
Kim_2020,LUAD,scRNA-seq,Kim_2020_LUNG_T30,nFeature_RNA
Kim_2020,LUAD,scRNA-seq,Kim_2020_LUNG_T30,Cell_type
Kim_2020,LUAD,scRNA-seq,Kim_2020_LUNG_T31,Classical_subtype
Kim_2020,LUAD,scRNA-seq,Kim_2020_LUNG_T31,Reads percentage of mito gene
Kim_2020,LUAD,scRNA-seq,Kim_2020_LUNG_T31,nCount_RNA
Kim_2020,LUAD,scRNA-seq,Kim_2020_LUNG_T31,MP_r_subtype
Kim_2020,LUAD,scRNA-seq,Kim_2020_LUNG_T31,Cell_subtype
Kim_2020,LUAD,scRNA-seq,Kim_2020_LUNG_T31,Cell_type
Kim_2020,LUAD,scRNA-seq,Kim_2020_LUNG_T31,nFeature_RNA
Kim_2020,LUAD,scRNA-seq,Kim_2020_LUNG_T34,Classical_subtype
Kim_2020,LUAD,scRNA-seq,Kim_2020_LUNG_T34,nCount_RNA
Kim_2020,LUAD,scRNA-seq,Kim_2020_LUNG_T34,Reads percentage of mito gene
Kim_2020,LUAD,scRNA-seq,Kim_2020_LUNG_T34,Cell_type
Kim_2020,LUAD,scRNA-seq,Kim_2020_LUNG_T34,nFeature_RNA
Kim_2020,LUAD,scRNA-seq,Kim_2020_LUNG_T34,MP_r_subtype
Kim_2020,LUAD,scRNA-seq,Kim_2020_LUNG_T34,Cell_subtype
Kim_2020,LUAD,scRNA-seq,Kim_2020_NS_02,Classical_subtype
Kim_2020,LUAD,scRNA-seq,Kim_2020_NS_02,Cell_subtype
Kim_2020,LUAD,scRNA-seq,Kim_2020_NS_02,Cell_type
Kim_2020,LUAD,scRNA-seq,Kim_2020_NS_02,nFeature_RNA
Kim_2020,LUAD,scRNA-seq,Kim_2020_NS_02,MP_r_subtype
Kim_2020,LUAD,scRNA-seq,Kim_2020_NS_02,Reads percentage of mito gene
Kim_2020,LUAD,scRNA-seq,Kim_2020_NS_02,nCount_RNA
Kim_2020,LUAD,scRNA-seq,Kim_2020_NS_03,nCount_RNA
Kim_2020,LUAD,scRNA-seq,Kim_2020_NS_03,Reads percentage of mito gene
Kim_2020,LUAD,scRNA-seq,Kim_2020_NS_03,MP_r_subtype
Kim_2020,LUAD,scRNA-seq,Kim_2020_NS_03,Cell_type
Kim_2020,LUAD,scRNA-seq,Kim_2020_NS_03,Classical_subtype
Kim_2020,LUAD,scRNA-seq,Kim_2020_NS_03,nFeature_RNA
Kim_2020,LUAD,scRNA-seq,Kim_2020_NS_03,Cell_subtype
Kim_2020,LUAD,scRNA-seq,Kim_2020_NS_04,MP_r_subtype
Kim_2020,LUAD,scRNA-seq,Kim_2020_NS_04,Classical_subtype
Kim_2020,LUAD,scRNA-seq,Kim_2020_NS_04,Reads percentage of mito gene
Kim_2020,LUAD,scRNA-seq,Kim_2020_NS_04,nFeature_RNA
Kim_2020,LUAD,scRNA-seq,Kim_2020_NS_04,nCount_RNA
Kim_2020,LUAD,scRNA-seq,Kim_2020_NS_04,Cell_type
Kim_2020,LUAD,scRNA-seq,Kim_2020_NS_04,Cell_subtype
Kim_2020,LUAD,scRNA-seq,Kim_2020_NS_06,MP_r_subtype
Kim_2020,LUAD,scRNA-seq,Kim_2020_NS_06,Classical_subtype
Kim_2020,LUAD,scRNA-seq,Kim_2020_NS_06,nFeature_RNA
Kim_2020,LUAD,scRNA-seq,Kim_2020_NS_06,Cell_type
Kim_2020,LUAD,scRNA-seq,Kim_2020_NS_06,nCount_RNA
Kim_2020,LUAD,scRNA-seq,Kim_2020_NS_06,Cell_subtype
Kim_2020,LUAD,scRNA-seq,Kim_2020_NS_06,Reads percentage of mito gene
Kim_2020,LUAD,scRNA-seq,Kim_2020_NS_07,nFeature_RNA
Kim_2020,LUAD,scRNA-seq,Kim_2020_NS_07,Cell_type
Kim_2020,LUAD,scRNA-seq,Kim_2020_NS_07,MP_r_subtype
Kim_2020,LUAD,scRNA-seq,Kim_2020_NS_07,Reads percentage of mito gene
Kim_2020,LUAD,scRNA-seq,Kim_2020_NS_07,Cell_subtype
Kim_2020,LUAD,scRNA-seq,Kim_2020_NS_07,Classical_subtype
Kim_2020,LUAD,scRNA-seq,Kim_2020_NS_07,nCount_RNA
Kim_2020,LUAD,scRNA-seq,Kim_2020_NS_12,Reads percentage of mito gene
Kim_2020,LUAD,scRNA-seq,Kim_2020_NS_12,nCount_RNA
Kim_2020,LUAD,scRNA-seq,Kim_2020_NS_12,nFeature_RNA
Kim_2020,LUAD,scRNA-seq,Kim_2020_NS_12,MP_r_subtype
Kim_2020,LUAD,scRNA-seq,Kim_2020_NS_12,Cell_subtype
Kim_2020,LUAD,scRNA-seq,Kim_2020_NS_12,Classical_subtype
Kim_2020,LUAD,scRNA-seq,Kim_2020_NS_12,Cell_type
Kim_2020,LUAD,scRNA-seq,Kim_2020_NS_13,Reads percentage of mito gene
Kim_2020,LUAD,scRNA-seq,Kim_2020_NS_13,MP_r_subtype
Kim_2020,LUAD,scRNA-seq,Kim_2020_NS_13,nCount_RNA
Kim_2020,LUAD,scRNA-seq,Kim_2020_NS_13,Classical_subtype
Kim_2020,LUAD,scRNA-seq,Kim_2020_NS_13,nFeature_RNA
Kim_2020,LUAD,scRNA-seq,Kim_2020_NS_13,Cell_type
Kim_2020,LUAD,scRNA-seq,Kim_2020_NS_13,Cell_subtype
Kim_2020,LUAD,scRNA-seq,Kim_2020_NS_16,MP_r_subtype
Kim_2020,LUAD,scRNA-seq,Kim_2020_NS_16,nCount_RNA
Kim_2020,LUAD,scRNA-seq,Kim_2020_NS_16,nFeature_RNA
Kim_2020,LUAD,scRNA-seq,Kim_2020_NS_16,Classical_subtype
Kim_2020,LUAD,scRNA-seq,Kim_2020_NS_16,Reads percentage of mito gene
Kim_2020,LUAD,scRNA-seq,Kim_2020_NS_16,Cell_type
Kim_2020,LUAD,scRNA-seq,Kim_2020_NS_16,Cell_subtype
Kim_2020,LUAD,scRNA-seq,Kim_2020_NS_17,nFeature_RNA
Kim_2020,LUAD,scRNA-seq,Kim_2020_NS_17,Classical_subtype
Kim_2020,LUAD,scRNA-seq,Kim_2020_NS_17,Cell_subtype
Kim_2020,LUAD,scRNA-seq,Kim_2020_NS_17,Cell_type
Kim_2020,LUAD,scRNA-seq,Kim_2020_NS_17,nCount_RNA
Kim_2020,LUAD,scRNA-seq,Kim_2020_NS_17,Reads percentage of mito gene
Kim_2020,LUAD,scRNA-seq,Kim_2020_NS_17,MP_r_subtype
Kim_2020,LUAD,scRNA-seq,Kim_2020_NS_19,Reads percentage of mito gene
Kim_2020,LUAD,scRNA-seq,Kim_2020_NS_19,Cell_subtype
Kim_2020,LUAD,scRNA-seq,Kim_2020_NS_19,MP_r_subtype
Kim_2020,LUAD,scRNA-seq,Kim_2020_NS_19,nFeature_RNA
Kim_2020,LUAD,scRNA-seq,Kim_2020_NS_19,nCount_RNA
Kim_2020,LUAD,scRNA-seq,Kim_2020_NS_19,Cell_type
Kim_2020,LUAD,scRNA-seq,Kim_2020_NS_19,Classical_subtype
Kinker_2020,LUAD,scRNA-seq,Kinker_2020_ABC1_LUNG,nCount_RNA
Kinker_2020,LUAD,scRNA-seq,Kinker_2020_ABC1_LUNG,MP_r_subtype
Kinker_2020,LUAD,scRNA-seq,Kinker_2020_ABC1_LUNG,Classical_subtype
Kinker_2020,LUAD,scRNA-seq,Kinker_2020_ABC1_LUNG,nFeature_RNA
Kinker_2020,LUAD,scRNA-seq,Kinker_2020_ABC1_LUNG,Reads percentage of mito gene
Kinker_2020,LUAD,scRNA-seq,Kinker_2020_CALU6_LUNG,Classical_subtype
Kinker_2020,LUAD,scRNA-seq,Kinker_2020_CALU6_LUNG,Reads percentage of mito gene
Kinker_2020,LUAD,scRNA-seq,Kinker_2020_CALU6_LUNG,MP_r_subtype
Kinker_2020,LUAD,scRNA-seq,Kinker_2020_CALU6_LUNG,nFeature_RNA
Kinker_2020,LUAD,scRNA-seq,Kinker_2020_CALU6_LUNG,nCount_RNA
Kinker_2020,LUAD,scRNA-seq,Kinker_2020_EKVX_LUNG,Classical_subtype
Kinker_2020,LUAD,scRNA-seq,Kinker_2020_EKVX_LUNG,Reads percentage of mito gene
Kinker_2020,LUAD,scRNA-seq,Kinker_2020_EKVX_LUNG,nFeature_RNA
Kinker_2020,LUAD,scRNA-seq,Kinker_2020_EKVX_LUNG,MP_r_subtype
Kinker_2020,LUAD,scRNA-seq,Kinker_2020_EKVX_LUNG,nCount_RNA
Kinker_2020,LUAD,scRNA-seq,Kinker_2020_NCIH1373_LUNG,Classical_subtype
Kinker_2020,LUAD,scRNA-seq,Kinker_2020_NCIH1373_LUNG,Reads percentage of mito gene
Kinker_2020,LUAD,scRNA-seq,Kinker_2020_NCIH1373_LUNG,MP_r_subtype
Kinker_2020,LUAD,scRNA-seq,Kinker_2020_NCIH1373_LUNG,nFeature_RNA
Kinker_2020,LUAD,scRNA-seq,Kinker_2020_NCIH1373_LUNG,nCount_RNA
Kinker_2020,LUAD,scRNA-seq,Kinker_2020_NCIH1435_LUNG,nFeature_RNA
Kinker_2020,LUAD,scRNA-seq,Kinker_2020_NCIH1435_LUNG,nCount_RNA
Kinker_2020,LUAD,scRNA-seq,Kinker_2020_NCIH1435_LUNG,Reads percentage of mito gene
Kinker_2020,LUAD,scRNA-seq,Kinker_2020_NCIH1435_LUNG,Classical_subtype
Kinker_2020,LUAD,scRNA-seq,Kinker_2020_NCIH1435_LUNG,MP_r_subtype
Kinker_2020,LUAD,scRNA-seq,Kinker_2020_NCIH1568_LUNG,nCount_RNA
Kinker_2020,LUAD,scRNA-seq,Kinker_2020_NCIH1568_LUNG,Classical_subtype
Kinker_2020,LUAD,scRNA-seq,Kinker_2020_NCIH1568_LUNG,nFeature_RNA
Kinker_2020,LUAD,scRNA-seq,Kinker_2020_NCIH1568_LUNG,MP_r_subtype
Kinker_2020,LUAD,scRNA-seq,Kinker_2020_NCIH1568_LUNG,Reads percentage of mito gene
Kinker_2020,LUAD,scRNA-seq,Kinker_2020_NCIH1792_LUNG,Classical_subtype
Kinker_2020,LUAD,scRNA-seq,Kinker_2020_NCIH1792_LUNG,MP_r_subtype
Kinker_2020,LUAD,scRNA-seq,Kinker_2020_NCIH1792_LUNG,Reads percentage of mito gene
Kinker_2020,LUAD,scRNA-seq,Kinker_2020_NCIH1792_LUNG,nFeature_RNA
Kinker_2020,LUAD,scRNA-seq,Kinker_2020_NCIH1792_LUNG,nCount_RNA
Kinker_2020,LUAD,scRNA-seq,Kinker_2020_NCIH1944_LUNG,MP_r_subtype
Kinker_2020,LUAD,scRNA-seq,Kinker_2020_NCIH1944_LUNG,Reads percentage of mito gene
Kinker_2020,LUAD,scRNA-seq,Kinker_2020_NCIH1944_LUNG,Classical_subtype
Kinker_2020,LUAD,scRNA-seq,Kinker_2020_NCIH1944_LUNG,nFeature_RNA
Kinker_2020,LUAD,scRNA-seq,Kinker_2020_NCIH1944_LUNG,nCount_RNA
Kinker_2020,LUAD,scRNA-seq,Kinker_2020_NCIH2073_LUNG,Reads percentage of mito gene
Kinker_2020,LUAD,scRNA-seq,Kinker_2020_NCIH2073_LUNG,nFeature_RNA
Kinker_2020,LUAD,scRNA-seq,Kinker_2020_NCIH2073_LUNG,MP_r_subtype
Kinker_2020,LUAD,scRNA-seq,Kinker_2020_NCIH2073_LUNG,nCount_RNA
Kinker_2020,LUAD,scRNA-seq,Kinker_2020_NCIH2073_LUNG,Classical_subtype
Kinker_2020,LUAD,scRNA-seq,Kinker_2020_NCIH2087_LUNG,nCount_RNA
Kinker_2020,LUAD,scRNA-seq,Kinker_2020_NCIH2087_LUNG,Classical_subtype
Kinker_2020,LUAD,scRNA-seq,Kinker_2020_NCIH2087_LUNG,nFeature_RNA
Kinker_2020,LUAD,scRNA-seq,Kinker_2020_NCIH2087_LUNG,MP_r_subtype
Kinker_2020,LUAD,scRNA-seq,Kinker_2020_NCIH2087_LUNG,Reads percentage of mito gene
Kinker_2020,LUAD,scRNA-seq,Kinker_2020_NCIH2126_LUNG,Classical_subtype
Kinker_2020,LUAD,scRNA-seq,Kinker_2020_NCIH2126_LUNG,MP_r_subtype
Kinker_2020,LUAD,scRNA-seq,Kinker_2020_NCIH2126_LUNG,nCount_RNA
Kinker_2020,LUAD,scRNA-seq,Kinker_2020_NCIH2126_LUNG,Reads percentage of mito gene
Kinker_2020,LUAD,scRNA-seq,Kinker_2020_NCIH2126_LUNG,nFeature_RNA
Kinker_2020,LUAD,scRNA-seq,Kinker_2020_NCIH2228_LUNG,Classical_subtype
Kinker_2020,LUAD,scRNA-seq,Kinker_2020_NCIH2228_LUNG,MP_r_subtype
Kinker_2020,LUAD,scRNA-seq,Kinker_2020_NCIH2228_LUNG,Reads percentage of mito gene
Kinker_2020,LUAD,scRNA-seq,Kinker_2020_NCIH2228_LUNG,nFeature_RNA
Kinker_2020,LUAD,scRNA-seq,Kinker_2020_NCIH2228_LUNG,nCount_RNA
Kinker_2020,LUAD,scRNA-seq,Kinker_2020_NCIH2347_LUNG,Reads percentage of mito gene
Kinker_2020,LUAD,scRNA-seq,Kinker_2020_NCIH2347_LUNG,nFeature_RNA
Kinker_2020,LUAD,scRNA-seq,Kinker_2020_NCIH2347_LUNG,MP_r_subtype
Kinker_2020,LUAD,scRNA-seq,Kinker_2020_NCIH2347_LUNG,nCount_RNA
Kinker_2020,LUAD,scRNA-seq,Kinker_2020_NCIH2347_LUNG,Classical_subtype
Kinker_2020,LUAD,scRNA-seq,Kinker_2020_NCIH358_LUNG,nFeature_RNA
Kinker_2020,LUAD,scRNA-seq,Kinker_2020_NCIH358_LUNG,nCount_RNA
Kinker_2020,LUAD,scRNA-seq,Kinker_2020_NCIH358_LUNG,Reads percentage of mito gene
Kinker_2020,LUAD,scRNA-seq,Kinker_2020_NCIH358_LUNG,Classical_subtype
Kinker_2020,LUAD,scRNA-seq,Kinker_2020_NCIH358_LUNG,MP_r_subtype
Kinker_2020,LUAD,scRNA-seq,Kinker_2020_NCIH522_LUNG,Classical_subtype
Kinker_2020,LUAD,scRNA-seq,Kinker_2020_NCIH522_LUNG,MP_r_subtype
Kinker_2020,LUAD,scRNA-seq,Kinker_2020_NCIH522_LUNG,nFeature_RNA
Kinker_2020,LUAD,scRNA-seq,Kinker_2020_NCIH522_LUNG,Reads percentage of mito gene
Kinker_2020,LUAD,scRNA-seq,Kinker_2020_NCIH522_LUNG,nCount_RNA
Kinker_2020,LUAD,scRNA-seq,Kinker_2020_NCIH650_LUNG,Classical_subtype
Kinker_2020,LUAD,scRNA-seq,Kinker_2020_NCIH650_LUNG,nFeature_RNA
Kinker_2020,LUAD,scRNA-seq,Kinker_2020_NCIH650_LUNG,MP_r_subtype
Kinker_2020,LUAD,scRNA-seq,Kinker_2020_NCIH650_LUNG,Reads percentage of mito gene
Kinker_2020,LUAD,scRNA-seq,Kinker_2020_NCIH650_LUNG,nCount_RNA
Kinker_2020,LUAD,scRNA-seq,Kinker_2020_RERFLCAD1_LUNG,Classical_subtype
Kinker_2020,LUAD,scRNA-seq,Kinker_2020_RERFLCAD1_LUNG,MP_r_subtype
Kinker_2020,LUAD,scRNA-seq,Kinker_2020_RERFLCAD1_LUNG,nFeature_RNA
Kinker_2020,LUAD,scRNA-seq,Kinker_2020_RERFLCAD1_LUNG,Reads percentage of mito gene
Kinker_2020,LUAD,scRNA-seq,Kinker_2020_RERFLCAD1_LUNG,nCount_RNA
Kinker_2020,LUAD,scRNA-seq,Kinker_2020_RERFLCKJ_LUNG,Reads percentage of mito gene
Kinker_2020,LUAD,scRNA-seq,Kinker_2020_RERFLCKJ_LUNG,MP_r_subtype
Kinker_2020,LUAD,scRNA-seq,Kinker_2020_RERFLCKJ_LUNG,nCount_RNA
Kinker_2020,LUAD,scRNA-seq,Kinker_2020_RERFLCKJ_LUNG,nFeature_RNA
Kinker_2020,LUAD,scRNA-seq,Kinker_2020_RERFLCKJ_LUNG,Classical_subtype
Kinker_2020,LUSC,scRNA-seq,Kinker_2020_EBC1_LUNG,nCount_RNA
Kinker_2020,LUSC,scRNA-seq,Kinker_2020_EBC1_LUNG,nFeature_RNA
Kinker_2020,LUSC,scRNA-seq,Kinker_2020_EBC1_LUNG,MP_r_subtype
Kinker_2020,LUSC,scRNA-seq,Kinker_2020_EBC1_LUNG,Reads percentage of mito gene
Kinker_2020,LUSC,scRNA-seq,Kinker_2020_NCIH2170_LUNG,MP_r_subtype
Kinker_2020,LUSC,scRNA-seq,Kinker_2020_NCIH2170_LUNG,nCount_RNA
Kinker_2020,LUSC,scRNA-seq,Kinker_2020_NCIH2170_LUNG,Reads percentage of mito gene
Kinker_2020,LUSC,scRNA-seq,Kinker_2020_NCIH2170_LUNG,nFeature_RNA
Kinker_2020,LUSC,scRNA-seq,Kinker_2020_RERFLCAI_LUNG,MP_r_subtype
Kinker_2020,LUSC,scRNA-seq,Kinker_2020_RERFLCAI_LUNG,Reads percentage of mito gene
Kinker_2020,LUSC,scRNA-seq,Kinker_2020_RERFLCAI_LUNG,nFeature_RNA
Kinker_2020,LUSC,scRNA-seq,Kinker_2020_RERFLCAI_LUNG,nCount_RNA
Kinker_2020,LUSC,scRNA-seq,Kinker_2020_SKMES1_LUNG,Reads percentage of mito gene
Kinker_2020,LUSC,scRNA-seq,Kinker_2020_SKMES1_LUNG,nFeature_RNA
Kinker_2020,LUSC,scRNA-seq,Kinker_2020_SKMES1_LUNG,MP_r_subtype
Kinker_2020,LUSC,scRNA-seq,Kinker_2020_SKMES1_LUNG,nCount_RNA
Kinker_2020,LUSC,scRNA-seq,Kinker_2020_SQ1_LUNG,nFeature_RNA
Kinker_2020,LUSC,scRNA-seq,Kinker_2020_SQ1_LUNG,nCount_RNA
Kinker_2020,LUSC,scRNA-seq,Kinker_2020_SQ1_LUNG,Reads percentage of mito gene
Kinker_2020,LUSC,scRNA-seq,Kinker_2020_SQ1_LUNG,MP_r_subtype
Kinker_2020,SCLC,scRNA-seq,Kinker_2020_NCIH1048_LUNG,nCount_RNA
Kinker_2020,SCLC,scRNA-seq,Kinker_2020_NCIH1048_LUNG,Classical_subtype
Kinker_2020,SCLC,scRNA-seq,Kinker_2020_NCIH1048_LUNG,nFeature_RNA
Kinker_2020,SCLC,scRNA-seq,Kinker_2020_NCIH1048_LUNG,Reads percentage of mito gene
Kinker_2020,SCLC,scRNA-seq,Kinker_2020_NCIH1048_LUNG,MP_r_subtype
Kinker_2020,SCLC,scRNA-seq,Kinker_2020_NCIH446_LUNG,nCount_RNA
Kinker_2020,SCLC,scRNA-seq,Kinker_2020_NCIH446_LUNG,nFeature_RNA
Kinker_2020,SCLC,scRNA-seq,Kinker_2020_NCIH446_LUNG,Reads percentage of mito gene
Kinker_2020,SCLC,scRNA-seq,Kinker_2020_NCIH446_LUNG,MP_r_subtype
Kinker_2020,SCLC,scRNA-seq,Kinker_2020_NCIH446_LUNG,Classical_subtype
Kinker_2020,SCLC,scRNA-seq,Kinker_2020_SBC5_LUNG,nCount_RNA
Kinker_2020,SCLC,scRNA-seq,Kinker_2020_SBC5_LUNG,nFeature_RNA
Kinker_2020,SCLC,scRNA-seq,Kinker_2020_SBC5_LUNG,Reads percentage of mito gene
Kinker_2020,SCLC,scRNA-seq,Kinker_2020_SBC5_LUNG,MP_r_subtype
Kinker_2020,SCLC,scRNA-seq,Kinker_2020_SBC5_LUNG,Classical_subtype
Kinker_2020,SCLC,scRNA-seq,Kinker_2020_SW1271_LUNG,nFeature_RNA
Kinker_2020,SCLC,scRNA-seq,Kinker_2020_SW1271_LUNG,Reads percentage of mito gene
Kinker_2020,SCLC,scRNA-seq,Kinker_2020_SW1271_LUNG,MP_r_subtype
Kinker_2020,SCLC,scRNA-seq,Kinker_2020_SW1271_LUNG,nCount_RNA
Kinker_2020,SCLC,scRNA-seq,Kinker_2020_SW1271_LUNG,Classical_subtype
Lambrechts_2018,LUAD,scRNA-seq,Lambrechts_2018_S3,nCount_RNA
Lambrechts_2018,LUAD,scRNA-seq,Lambrechts_2018_S3,Reads percentage of mito gene
Lambrechts_2018,LUAD,scRNA-seq,Lambrechts_2018_S3,nFeature_RNA
Lambrechts_2018,LUAD,scRNA-seq,Lambrechts_2018_S3,Copykat.pred
Lambrechts_2018,LUAD,scRNA-seq,Lambrechts_2018_S3,Cluster name
Lambrechts_2018,LUAD,scRNA-seq,Lambrechts_2018_S3,Malignant
Lambrechts_2018,LUAD,scRNA-seq,Lambrechts_2018_S3,Refer_sample
Lambrechts_2018,LUAD,scRNA-seq,Lambrechts_2018_S3,MP_r_subtype
Lambrechts_2018,LUAD,scRNA-seq,Lambrechts_2018_S3,nGene
Lambrechts_2018,LUAD,scRNA-seq,Lambrechts_2018_S3,Classical_subtype
Lambrechts_2018,LUAD,scRNA-seq,Lambrechts_2018_S3,nUMI
Lambrechts_2018,LUAD,scRNA-seq,Lambrechts_2018_S3,Cell type
Lambrechts_2018,LUAD,scRNA-seq,Lambrechts_2018_S4,nUMI
Lambrechts_2018,LUAD,scRNA-seq,Lambrechts_2018_S4,Cell type
Lambrechts_2018,LUAD,scRNA-seq,Lambrechts_2018_S4,nCount_RNA
Lambrechts_2018,LUAD,scRNA-seq,Lambrechts_2018_S4,Reads percentage of mito gene
Lambrechts_2018,LUAD,scRNA-seq,Lambrechts_2018_S4,nFeature_RNA
Lambrechts_2018,LUAD,scRNA-seq,Lambrechts_2018_S4,Copykat.pred
Lambrechts_2018,LUAD,scRNA-seq,Lambrechts_2018_S4,Cluster name
Lambrechts_2018,LUAD,scRNA-seq,Lambrechts_2018_S4,Malignant
Lambrechts_2018,LUAD,scRNA-seq,Lambrechts_2018_S4,Refer_sample
Lambrechts_2018,LUAD,scRNA-seq,Lambrechts_2018_S4,MP_r_subtype
Lambrechts_2018,LUAD,scRNA-seq,Lambrechts_2018_S4,nGene
Lambrechts_2018,LUAD,scRNA-seq,Lambrechts_2018_S4,Classical_subtype
Lambrechts_2018,LUSC,scRNA-seq,Lambrechts_2018_S1,nCount_RNA
Lambrechts_2018,LUSC,scRNA-seq,Lambrechts_2018_S1,Reads percentage of mito gene
Lambrechts_2018,LUSC,scRNA-seq,Lambrechts_2018_S1,nFeature_RNA
Lambrechts_2018,LUSC,scRNA-seq,Lambrechts_2018_S1,Copykat.pred
Lambrechts_2018,LUSC,scRNA-seq,Lambrechts_2018_S1,ClusterName
Lambrechts_2018,LUSC,scRNA-seq,Lambrechts_2018_S1,Malignant
Lambrechts_2018,LUSC,scRNA-seq,Lambrechts_2018_S1,Refer_sample
Lambrechts_2018,LUSC,scRNA-seq,Lambrechts_2018_S1,MP_r_subtype
Lambrechts_2018,LUSC,scRNA-seq,Lambrechts_2018_S1,nGene
Lambrechts_2018,LUSC,scRNA-seq,Lambrechts_2018_S1,Classical_subtype
Lambrechts_2018,LUSC,scRNA-seq,Lambrechts_2018_S1,nUMI
Lambrechts_2018,LUSC,scRNA-seq,Lambrechts_2018_S1,Cell_type
Lambrechts_2018,LUSC,scRNA-seq,Lambrechts_2018_S2,nUMI
Lambrechts_2018,LUSC,scRNA-seq,Lambrechts_2018_S2,Cell_type
Lambrechts_2018,LUSC,scRNA-seq,Lambrechts_2018_S2,nCount_RNA
Lambrechts_2018,LUSC,scRNA-seq,Lambrechts_2018_S2,Reads percentage of mito gene
Lambrechts_2018,LUSC,scRNA-seq,Lambrechts_2018_S2,nFeature_RNA
Lambrechts_2018,LUSC,scRNA-seq,Lambrechts_2018_S2,Copykat.pred
Lambrechts_2018,LUSC,scRNA-seq,Lambrechts_2018_S2,ClusterName
Lambrechts_2018,LUSC,scRNA-seq,Lambrechts_2018_S2,Malignant
Lambrechts_2018,LUSC,scRNA-seq,Lambrechts_2018_S2,Refer_sample
Lambrechts_2018,LUSC,scRNA-seq,Lambrechts_2018_S2,MP_r_subtype
Lambrechts_2018,LUSC,scRNA-seq,Lambrechts_2018_S2,nGene
Lambrechts_2018,LUSC,scRNA-seq,Lambrechts_2018_S2,Classical_subtype
Laughney_2020,LUAD,scRNA-seq,Laughney_2020_RU255B,nCount_RNA
Laughney_2020,LUAD,scRNA-seq,Laughney_2020_RU255B,Cell_subtype
Laughney_2020,LUAD,scRNA-seq,Laughney_2020_RU255B,Classical_subtype
Laughney_2020,LUAD,scRNA-seq,Laughney_2020_RU255B,Cell_type
Laughney_2020,LUAD,scRNA-seq,Laughney_2020_RU255B,Malignant
Laughney_2020,LUAD,scRNA-seq,Laughney_2020_RU255B,MP_r_subtype
Laughney_2020,LUAD,scRNA-seq,Laughney_2020_RU255B,nFeature_RNA
Laughney_2020,LUAD,scRNA-seq,Laughney_2020_RU255B,complexity
Laughney_2020,LUAD,scRNA-seq,Laughney_2020_RU255B,Reads percentage of mito gene
Laughney_2020,LUAD,scRNA-seq,Laughney_2020_RU653,Reads percentage of mito gene
Laughney_2020,LUAD,scRNA-seq,Laughney_2020_RU653,MP_r_subtype
Laughney_2020,LUAD,scRNA-seq,Laughney_2020_RU653,Classical_subtype
Laughney_2020,LUAD,scRNA-seq,Laughney_2020_RU653,complexity
Laughney_2020,LUAD,scRNA-seq,Laughney_2020_RU653,Cell_type
Laughney_2020,LUAD,scRNA-seq,Laughney_2020_RU653,nCount_RNA
Laughney_2020,LUAD,scRNA-seq,Laughney_2020_RU653,Cell_subtype
Laughney_2020,LUAD,scRNA-seq,Laughney_2020_RU653,nFeature_RNA
Laughney_2020,LUAD,scRNA-seq,Laughney_2020_RU653,Malignant
Laughney_2020,LUAD,scRNA-seq,Laughney_2020_RU661,complexity
Laughney_2020,LUAD,scRNA-seq,Laughney_2020_RU661,Malignant
Laughney_2020,LUAD,scRNA-seq,Laughney_2020_RU661,Cell_subtype
Laughney_2020,LUAD,scRNA-seq,Laughney_2020_RU661,Classical_subtype
Laughney_2020,LUAD,scRNA-seq,Laughney_2020_RU661,Cell_type
Laughney_2020,LUAD,scRNA-seq,Laughney_2020_RU661,Reads percentage of mito gene
Laughney_2020,LUAD,scRNA-seq,Laughney_2020_RU661,MP_r_subtype
Laughney_2020,LUAD,scRNA-seq,Laughney_2020_RU661,nFeature_RNA
Laughney_2020,LUAD,scRNA-seq,Laughney_2020_RU661,nCount_RNA
Laughney_2020,LUAD,scRNA-seq,Laughney_2020_RU666,nFeature_RNA
Laughney_2020,LUAD,scRNA-seq,Laughney_2020_RU666,complexity
Laughney_2020,LUAD,scRNA-seq,Laughney_2020_RU666,nCount_RNA
Laughney_2020,LUAD,scRNA-seq,Laughney_2020_RU666,Cell_subtype
Laughney_2020,LUAD,scRNA-seq,Laughney_2020_RU666,Classical_subtype
Laughney_2020,LUAD,scRNA-seq,Laughney_2020_RU666,Cell_type
Laughney_2020,LUAD,scRNA-seq,Laughney_2020_RU666,Malignant
Laughney_2020,LUAD,scRNA-seq,Laughney_2020_RU666,MP_r_subtype
Laughney_2020,LUAD,scRNA-seq,Laughney_2020_RU666,Reads percentage of mito gene
Laughney_2020,LUAD,scRNA-seq,Laughney_2020_RU675Tum,MP_r_subtype
Laughney_2020,LUAD,scRNA-seq,Laughney_2020_RU675Tum,Classical_subtype
Laughney_2020,LUAD,scRNA-seq,Laughney_2020_RU675Tum,Reads percentage of mito gene
Laughney_2020,LUAD,scRNA-seq,Laughney_2020_RU675Tum,nCount_RNA
Laughney_2020,LUAD,scRNA-seq,Laughney_2020_RU675Tum,nFeature_RNA
Laughney_2020,LUAD,scRNA-seq,Laughney_2020_RU675Tum,complexity
Laughney_2020,LUAD,scRNA-seq,Laughney_2020_RU675Tum,Cell_type
Laughney_2020,LUAD,scRNA-seq,Laughney_2020_RU675Tum,Malignant
Laughney_2020,LUAD,scRNA-seq,Laughney_2020_RU675Tum,Cell_subtype
Laughney_2020,LUAD,scRNA-seq,Laughney_2020_RU676,Cell_subtype
Laughney_2020,LUAD,scRNA-seq,Laughney_2020_RU676,complexity
Laughney_2020,LUAD,scRNA-seq,Laughney_2020_RU676,Reads percentage of mito gene
Laughney_2020,LUAD,scRNA-seq,Laughney_2020_RU676,Malignant
Laughney_2020,LUAD,scRNA-seq,Laughney_2020_RU676,MP_r_subtype
Laughney_2020,LUAD,scRNA-seq,Laughney_2020_RU676,Classical_subtype
Laughney_2020,LUAD,scRNA-seq,Laughney_2020_RU676,Cell_type
Laughney_2020,LUAD,scRNA-seq,Laughney_2020_RU676,nCount_RNA
Laughney_2020,LUAD,scRNA-seq,Laughney_2020_RU676,nFeature_RNA
Laughney_2020,LUAD,scRNA-seq,Laughney_2020_RU679,Cell_type
Laughney_2020,LUAD,scRNA-seq,Laughney_2020_RU679,nFeature_RNA
Laughney_2020,LUAD,scRNA-seq,Laughney_2020_RU679,complexity
Laughney_2020,LUAD,scRNA-seq,Laughney_2020_RU679,Reads percentage of mito gene
Laughney_2020,LUAD,scRNA-seq,Laughney_2020_RU679,nCount_RNA
Laughney_2020,LUAD,scRNA-seq,Laughney_2020_RU679,Cell_subtype
Laughney_2020,LUAD,scRNA-seq,Laughney_2020_RU679,Classical_subtype
Laughney_2020,LUAD,scRNA-seq,Laughney_2020_RU679,Malignant
Laughney_2020,LUAD,scRNA-seq,Laughney_2020_RU679,MP_r_subtype
Laughney_2020,LUAD,scRNA-seq,Laughney_2020_RU680,Classical_subtype
Laughney_2020,LUAD,scRNA-seq,Laughney_2020_RU680,MP_r_subtype
Laughney_2020,LUAD,scRNA-seq,Laughney_2020_RU680,nFeature_RNA
Laughney_2020,LUAD,scRNA-seq,Laughney_2020_RU680,Cell_type
Laughney_2020,LUAD,scRNA-seq,Laughney_2020_RU680,Reads percentage of mito gene
Laughney_2020,LUAD,scRNA-seq,Laughney_2020_RU680,nCount_RNA
Laughney_2020,LUAD,scRNA-seq,Laughney_2020_RU680,Cell_subtype
Laughney_2020,LUAD,scRNA-seq,Laughney_2020_RU680,complexity
Laughney_2020,LUAD,scRNA-seq,Laughney_2020_RU680,Malignant
Laughney_2020,LUAD,scRNA-seq,Laughney_2020_RU681,complexity
Laughney_2020,LUAD,scRNA-seq,Laughney_2020_RU681,MP_r_subtype
Laughney_2020,LUAD,scRNA-seq,Laughney_2020_RU681,Cell_subtype
Laughney_2020,LUAD,scRNA-seq,Laughney_2020_RU681,Classical_subtype
Laughney_2020,LUAD,scRNA-seq,Laughney_2020_RU681,Reads percentage of mito gene
Laughney_2020,LUAD,scRNA-seq,Laughney_2020_RU681,Malignant
Laughney_2020,LUAD,scRNA-seq,Laughney_2020_RU681,nCount_RNA
Laughney_2020,LUAD,scRNA-seq,Laughney_2020_RU681,nFeature_RNA
Laughney_2020,LUAD,scRNA-seq,Laughney_2020_RU681,Cell_type
Laughney_2020,LUAD,scRNA-seq,Laughney_2020_RU684Tum,Cell_type
Laughney_2020,LUAD,scRNA-seq,Laughney_2020_RU684Tum,Malignant
Laughney_2020,LUAD,scRNA-seq,Laughney_2020_RU684Tum,MP_r_subtype
Laughney_2020,LUAD,scRNA-seq,Laughney_2020_RU684Tum,nFeature_RNA
Laughney_2020,LUAD,scRNA-seq,Laughney_2020_RU684Tum,complexity
Laughney_2020,LUAD,scRNA-seq,Laughney_2020_RU684Tum,Reads percentage of mito gene
Laughney_2020,LUAD,scRNA-seq,Laughney_2020_RU684Tum,nCount_RNA
Laughney_2020,LUAD,scRNA-seq,Laughney_2020_RU684Tum,Cell_subtype
Laughney_2020,LUAD,scRNA-seq,Laughney_2020_RU684Tum,Classical_subtype
Li_2022,LUAD,scRNA-seq,Li_2022_P10,nCount_RNA
Li_2022,LUAD,scRNA-seq,Li_2022_P10,Copykat.pred
Li_2022,LUAD,scRNA-seq,Li_2022_P10,MP_r_subtype
Li_2022,LUAD,scRNA-seq,Li_2022_P10,Cell_type
Li_2022,LUAD,scRNA-seq,Li_2022_P10,Malignant
Li_2022,LUAD,scRNA-seq,Li_2022_P10,Classical_subtype
Li_2022,LUAD,scRNA-seq,Li_2022_P10,nFeature_RNA
Li_2022,LUAD,scRNA-seq,Li_2022_P11,Copykat.pred
Li_2022,LUAD,scRNA-seq,Li_2022_P11,Cell_type
Li_2022,LUAD,scRNA-seq,Li_2022_P11,nCount_RNA
Li_2022,LUAD,scRNA-seq,Li_2022_P11,Classical_subtype
Li_2022,LUAD,scRNA-seq,Li_2022_P11,MP_r_subtype
Li_2022,LUAD,scRNA-seq,Li_2022_P11,nFeature_RNA
Li_2022,LUAD,scRNA-seq,Li_2022_P11,Malignant
Li_2022,LUAD,scRNA-seq,Li_2022_P13,Malignant
Li_2022,LUAD,scRNA-seq,Li_2022_P13,nCount_RNA
Li_2022,LUAD,scRNA-seq,Li_2022_P13,Copykat.pred
Li_2022,LUAD,scRNA-seq,Li_2022_P13,MP_r_subtype
Li_2022,LUAD,scRNA-seq,Li_2022_P13,Cell_type
Li_2022,LUAD,scRNA-seq,Li_2022_P13,Classical_subtype
Li_2022,LUAD,scRNA-seq,Li_2022_P13,nFeature_RNA
Li_2022,LUAD,scRNA-seq,Li_2022_P15_LN,Cell_type
Li_2022,LUAD,scRNA-seq,Li_2022_P15_LN,Copykat.pred
Li_2022,LUAD,scRNA-seq,Li_2022_P15_LN,nFeature_RNA
Li_2022,LUAD,scRNA-seq,Li_2022_P15_LN,nCount_RNA
Li_2022,LUAD,scRNA-seq,Li_2022_P15_LN,Classical_subtype
Li_2022,LUAD,scRNA-seq,Li_2022_P15_LN,MP_r_subtype
Li_2022,LUAD,scRNA-seq,Li_2022_P15_LN,Malignant
Li_2022,LUAD,scRNA-seq,Li_2022_P15_T,MP_r_subtype
Li_2022,LUAD,scRNA-seq,Li_2022_P15_T,Malignant
Li_2022,LUAD,scRNA-seq,Li_2022_P15_T,Classical_subtype
Li_2022,LUAD,scRNA-seq,Li_2022_P15_T,nCount_RNA
Li_2022,LUAD,scRNA-seq,Li_2022_P15_T,Copykat.pred
Li_2022,LUAD,scRNA-seq,Li_2022_P15_T,Cell_type
Li_2022,LUAD,scRNA-seq,Li_2022_P15_T,nFeature_RNA
Li_2022,LUAD,scRNA-seq,Li_2022_P17,Malignant
Li_2022,LUAD,scRNA-seq,Li_2022_P17,nCount_RNA
Li_2022,LUAD,scRNA-seq,Li_2022_P17,MP_r_subtype
Li_2022,LUAD,scRNA-seq,Li_2022_P17,Cell_type
Li_2022,LUAD,scRNA-seq,Li_2022_P17,nFeature_RNA
Li_2022,LUAD,scRNA-seq,Li_2022_P17,Classical_subtype
Li_2022,LUAD,scRNA-seq,Li_2022_P17,Copykat.pred
Li_2022,LUAD,scRNA-seq,Li_2022_P20,MP_r_subtype
Li_2022,LUAD,scRNA-seq,Li_2022_P20,Cell_type
Li_2022,LUAD,scRNA-seq,Li_2022_P20,Malignant
Li_2022,LUAD,scRNA-seq,Li_2022_P20,Classical_subtype
Li_2022,LUAD,scRNA-seq,Li_2022_P20,nCount_RNA
Li_2022,LUAD,scRNA-seq,Li_2022_P20,Copykat.pred
Li_2022,LUAD,scRNA-seq,Li_2022_P20,nFeature_RNA
Li_2022,LUAD,scRNA-seq,Li_2022_P3,Copykat.pred
Li_2022,LUAD,scRNA-seq,Li_2022_P3,nFeature_RNA
Li_2022,LUAD,scRNA-seq,Li_2022_P3,nCount_RNA
Li_2022,LUAD,scRNA-seq,Li_2022_P3,Classical_subtype
Li_2022,LUAD,scRNA-seq,Li_2022_P3,MP_r_subtype
Li_2022,LUAD,scRNA-seq,Li_2022_P3,Malignant
Li_2022,LUAD,scRNA-seq,Li_2022_P3,Cell_type
Li_2022,LUAD,scRNA-seq,Li_2022_P5,MP_r_subtype
Li_2022,LUAD,scRNA-seq,Li_2022_P5,nCount_RNA
Li_2022,LUAD,scRNA-seq,Li_2022_P5,Cell_type
Li_2022,LUAD,scRNA-seq,Li_2022_P5,nFeature_RNA
Li_2022,LUAD,scRNA-seq,Li_2022_P5,Malignant
Li_2022,LUAD,scRNA-seq,Li_2022_P5,Classical_subtype
Li_2022,LUAD,scRNA-seq,Li_2022_P5,Copykat.pred
Li_2022,LUAD,scRNA-seq,Li_2022_P6,Copykat.pred
Li_2022,LUAD,scRNA-seq,Li_2022_P6,MP_r_subtype
Li_2022,LUAD,scRNA-seq,Li_2022_P6,nFeature_RNA
Li_2022,LUAD,scRNA-seq,Li_2022_P6,nCount_RNA
Li_2022,LUAD,scRNA-seq,Li_2022_P6,Classical_subtype
Li_2022,LUAD,scRNA-seq,Li_2022_P6,Cell_type
Li_2022,LUAD,scRNA-seq,Li_2022_P6,Malignant
Li_2022,LUAD,scRNA-seq,Li_2022_P9_LN,MP_r_subtype
Li_2022,LUAD,scRNA-seq,Li_2022_P9_LN,nCount_RNA
Li_2022,LUAD,scRNA-seq,Li_2022_P9_LN,Copykat.pred
Li_2022,LUAD,scRNA-seq,Li_2022_P9_LN,Cell_type
Li_2022,LUAD,scRNA-seq,Li_2022_P9_LN,nFeature_RNA
Li_2022,LUAD,scRNA-seq,Li_2022_P9_LN,Malignant
Li_2022,LUAD,scRNA-seq,Li_2022_P9_LN,Classical_subtype
Li_2022,LUSC,scRNA-seq,Li_2022_P12_T,nCount_RNA
Li_2022,LUSC,scRNA-seq,Li_2022_P12_T,nFeature_RNA
Li_2022,LUSC,scRNA-seq,Li_2022_P12_T,Copykat.pred
Li_2022,LUSC,scRNA-seq,Li_2022_P12_T,Cell_type
Li_2022,LUSC,scRNA-seq,Li_2022_P12_T,Malignant
Li_2022,LUSC,scRNA-seq,Li_2022_P12_T,Refer_sample
Li_2022,LUSC,scRNA-seq,Li_2022_P12_T,MP_r_subtype
Li_2022,LUSC,scRNA-seq,Li_2022_P12_T,Classical_subtype
Maynard_2020,LUAD,scRNA-seq,Maynard_2020_LT_S08,nCount_RNA
Maynard_2020,LUAD,scRNA-seq,Maynard_2020_LT_S08,Complexity
Maynard_2020,LUAD,scRNA-seq,Maynard_2020_LT_S08,nFeature_RNA
Maynard_2020,LUAD,scRNA-seq,Maynard_2020_LT_S08,Cell_type
Maynard_2020,LUAD,scRNA-seq,Maynard_2020_LT_S08,Malignant
Maynard_2020,LUAD,scRNA-seq,Maynard_2020_LT_S08,MP_r_subtype
Maynard_2020,LUAD,scRNA-seq,Maynard_2020_LT_S08,Classical_subtype
Maynard_2020,LUAD,scRNA-seq,Maynard_2020_LT_S21,Malignant
Maynard_2020,LUAD,scRNA-seq,Maynard_2020_LT_S21,Complexity
Maynard_2020,LUAD,scRNA-seq,Maynard_2020_LT_S21,Classical_subtype
Maynard_2020,LUAD,scRNA-seq,Maynard_2020_LT_S21,nCount_RNA
Maynard_2020,LUAD,scRNA-seq,Maynard_2020_LT_S21,MP_r_subtype
Maynard_2020,LUAD,scRNA-seq,Maynard_2020_LT_S21,Cell_type
Maynard_2020,LUAD,scRNA-seq,Maynard_2020_LT_S21,nFeature_RNA
Maynard_2020,LUAD,scRNA-seq,Maynard_2020_LT_S47,Complexity
Maynard_2020,LUAD,scRNA-seq,Maynard_2020_LT_S47,Malignant
Maynard_2020,LUAD,scRNA-seq,Maynard_2020_LT_S47,nCount_RNA
Maynard_2020,LUAD,scRNA-seq,Maynard_2020_LT_S47,MP_r_subtype
Maynard_2020,LUAD,scRNA-seq,Maynard_2020_LT_S47,Cell_type
Maynard_2020,LUAD,scRNA-seq,Maynard_2020_LT_S47,Classical_subtype
Maynard_2020,LUAD,scRNA-seq,Maynard_2020_LT_S47,nFeature_RNA
Maynard_2020,LUAD,scRNA-seq,Maynard_2020_LT_S53,nCount_RNA
Maynard_2020,LUAD,scRNA-seq,Maynard_2020_LT_S53,nFeature_RNA
Maynard_2020,LUAD,scRNA-seq,Maynard_2020_LT_S53,MP_r_subtype
Maynard_2020,LUAD,scRNA-seq,Maynard_2020_LT_S53,Malignant
Maynard_2020,LUAD,scRNA-seq,Maynard_2020_LT_S53,Complexity
Maynard_2020,LUAD,scRNA-seq,Maynard_2020_LT_S53,Cell_type
Maynard_2020,LUAD,scRNA-seq,Maynard_2020_LT_S53,Classical_subtype
Maynard_2020,LUAD,scRNA-seq,Maynard_2020_LT_S56,Complexity
Maynard_2020,LUAD,scRNA-seq,Maynard_2020_LT_S56,nCount_RNA
Maynard_2020,LUAD,scRNA-seq,Maynard_2020_LT_S56,MP_r_subtype
Maynard_2020,LUAD,scRNA-seq,Maynard_2020_LT_S56,Malignant
Maynard_2020,LUAD,scRNA-seq,Maynard_2020_LT_S56,nFeature_RNA
Maynard_2020,LUAD,scRNA-seq,Maynard_2020_LT_S56,Classical_subtype
Maynard_2020,LUAD,scRNA-seq,Maynard_2020_LT_S56,Cell_type
Maynard_2020,LUAD,scRNA-seq,Maynard_2020_LT_S57,Complexity
Maynard_2020,LUAD,scRNA-seq,Maynard_2020_LT_S57,nCount_RNA
Maynard_2020,LUAD,scRNA-seq,Maynard_2020_LT_S57,MP_r_subtype
Maynard_2020,LUAD,scRNA-seq,Maynard_2020_LT_S57,Malignant
Maynard_2020,LUAD,scRNA-seq,Maynard_2020_LT_S57,nFeature_RNA
Maynard_2020,LUAD,scRNA-seq,Maynard_2020_LT_S57,Classical_subtype
Maynard_2020,LUAD,scRNA-seq,Maynard_2020_LT_S57,Cell_type
Maynard_2020,LUAD,scRNA-seq,Maynard_2020_LT_S58,nCount_RNA
Maynard_2020,LUAD,scRNA-seq,Maynard_2020_LT_S58,Complexity
Maynard_2020,LUAD,scRNA-seq,Maynard_2020_LT_S58,Cell_type
Maynard_2020,LUAD,scRNA-seq,Maynard_2020_LT_S58,Malignant
Maynard_2020,LUAD,scRNA-seq,Maynard_2020_LT_S58,nFeature_RNA
Maynard_2020,LUAD,scRNA-seq,Maynard_2020_LT_S58,MP_r_subtype
Maynard_2020,LUAD,scRNA-seq,Maynard_2020_LT_S58,Classical_subtype
Maynard_2020,LUAD,scRNA-seq,Maynard_2020_LT_S66,MP_r_subtype
Maynard_2020,LUAD,scRNA-seq,Maynard_2020_LT_S66,nCount_RNA
Maynard_2020,LUAD,scRNA-seq,Maynard_2020_LT_S66,Complexity
Maynard_2020,LUAD,scRNA-seq,Maynard_2020_LT_S66,nFeature_RNA
Maynard_2020,LUAD,scRNA-seq,Maynard_2020_LT_S66,Classical_subtype
Maynard_2020,LUAD,scRNA-seq,Maynard_2020_LT_S66,Malignant
Maynard_2020,LUAD,scRNA-seq,Maynard_2020_LT_S66,Cell_type
Maynard_2020,LUAD,scRNA-seq,Maynard_2020_LT_S69,MP_r_subtype
Maynard_2020,LUAD,scRNA-seq,Maynard_2020_LT_S69,Complexity
Maynard_2020,LUAD,scRNA-seq,Maynard_2020_LT_S69,nFeature_RNA
Maynard_2020,LUAD,scRNA-seq,Maynard_2020_LT_S69,Classical_subtype
Maynard_2020,LUAD,scRNA-seq,Maynard_2020_LT_S69,nCount_RNA
Maynard_2020,LUAD,scRNA-seq,Maynard_2020_LT_S69,Cell_type
Maynard_2020,LUAD,scRNA-seq,Maynard_2020_LT_S69,Malignant
Maynard_2020,LUAD,scRNA-seq,Maynard_2020_LT_S71,nCount_RNA
Maynard_2020,LUAD,scRNA-seq,Maynard_2020_LT_S71,nFeature_RNA
Maynard_2020,LUAD,scRNA-seq,Maynard_2020_LT_S71,Malignant
Maynard_2020,LUAD,scRNA-seq,Maynard_2020_LT_S71,Complexity
Maynard_2020,LUAD,scRNA-seq,Maynard_2020_LT_S71,MP_r_subtype
Maynard_2020,LUAD,scRNA-seq,Maynard_2020_LT_S71,Cell_type
Maynard_2020,LUAD,scRNA-seq,Maynard_2020_LT_S71,Classical_subtype
Maynard_2020,LUSC,scRNA-seq,Maynard_2020_LT_S63,nCount_RNA
Maynard_2020,LUSC,scRNA-seq,Maynard_2020_LT_S63,nFeature_RNA
Maynard_2020,LUSC,scRNA-seq,Maynard_2020_LT_S63,Cell_type
Maynard_2020,LUSC,scRNA-seq,Maynard_2020_LT_S63,Subclone
Maynard_2020,LUSC,scRNA-seq,Maynard_2020_LT_S63,Malignant
Maynard_2020,LUSC,scRNA-seq,Maynard_2020_LT_S63,Complexity
Maynard_2020,LUSC,scRNA-seq,Maynard_2020_LT_S63,MP_r_subtype
Maynard_2020,LUSC,scRNA-seq,Maynard_2020_LT_S63,Classical_subtype
Monteiro_2022,LUAD,scRNA-seq,Monteiro_2022_H2030-BrM,nCount_RNA
Monteiro_2022,LUAD,scRNA-seq,Monteiro_2022_H2030-BrM,nFeature_RNA
Monteiro_2022,LUAD,scRNA-seq,Monteiro_2022_H2030-BrM,Reads percentage of mito gene
Monteiro_2022,LUAD,scRNA-seq,Monteiro_2022_H2030-BrM,MP_r_subtype
Monteiro_2022,LUAD,scRNA-seq,Monteiro_2022_H2030-BrM,Classical_subtype
Qian_2020,LUAD,scRNA-seq,Qian_2020_S3,nCount_RNA
Qian_2020,LUAD,scRNA-seq,Qian_2020_S3,MP_r_subtype
Qian_2020,LUAD,scRNA-seq,Qian_2020_S3,Complexity
Qian_2020,LUAD,scRNA-seq,Qian_2020_S3,nFeature_RNA
Qian_2020,LUAD,scRNA-seq,Qian_2020_S3,Classical_subtype
Qian_2020,LUAD,scRNA-seq,Qian_2020_S3,Cell_type
Qian_2020,LUAD,scRNA-seq,Qian_2020_S3,Source
Qian_2020,LUAD,scRNA-seq,Qian_2020_S3,Subclone
Qian_2020,LUAD,scRNA-seq,Qian_2020_S4,Source
Qian_2020,LUAD,scRNA-seq,Qian_2020_S4,nCount_RNA
Qian_2020,LUAD,scRNA-seq,Qian_2020_S4,Cell_type
Qian_2020,LUAD,scRNA-seq,Qian_2020_S4,MP_r_subtype
Qian_2020,LUAD,scRNA-seq,Qian_2020_S4,nFeature_RNA
Qian_2020,LUAD,scRNA-seq,Qian_2020_S4,Subclone
Qian_2020,LUAD,scRNA-seq,Qian_2020_S4,Classical_subtype
Qian_2020,LUAD,scRNA-seq,Qian_2020_S4,Complexity
Qian_2020,LUAD,scRNA-seq,Qian_2020_S6,Cell_type
Qian_2020,LUAD,scRNA-seq,Qian_2020_S6,Complexity
Qian_2020,LUAD,scRNA-seq,Qian_2020_S6,Subclone
Qian_2020,LUAD,scRNA-seq,Qian_2020_S6,nCount_RNA
Qian_2020,LUAD,scRNA-seq,Qian_2020_S6,MP_r_subtype
Qian_2020,LUAD,scRNA-seq,Qian_2020_S6,Source
Qian_2020,LUAD,scRNA-seq,Qian_2020_S6,nFeature_RNA
Qian_2020,LUAD,scRNA-seq,Qian_2020_S6,Classical_subtype
Qian_2020,LUSC,scRNA-seq,Qian_2020_S1,nCount_RNA
Qian_2020,LUSC,scRNA-seq,Qian_2020_S1,MP_r_subtype
Qian_2020,LUSC,scRNA-seq,Qian_2020_S1,Complexity
Qian_2020,LUSC,scRNA-seq,Qian_2020_S1,nFeature_RNA
Qian_2020,LUSC,scRNA-seq,Qian_2020_S1,Subclone
Qian_2020,LUSC,scRNA-seq,Qian_2020_S1,Cell_type
Qian_2020,LUSC,scRNA-seq,Qian_2020_S1,Source
Qian_2020,LUSC,scRNA-seq,Qian_2020_S2,Source
Qian_2020,LUSC,scRNA-seq,Qian_2020_S2,nFeature_RNA
Qian_2020,LUSC,scRNA-seq,Qian_2020_S2,nCount_RNA
Qian_2020,LUSC,scRNA-seq,Qian_2020_S2,Cell_type
Qian_2020,LUSC,scRNA-seq,Qian_2020_S2,MP_r_subtype
Qian_2020,LUSC,scRNA-seq,Qian_2020_S2,Complexity
Qian_2020,LUSC,scRNA-seq,Qian_2020_S2,Subclone
Qian_2020,LUSC,scRNA-seq,Qian_2020_S7,Subclone
Qian_2020,LUSC,scRNA-seq,Qian_2020_S7,Cell_type
Qian_2020,LUSC,scRNA-seq,Qian_2020_S7,Source
Qian_2020,LUSC,scRNA-seq,Qian_2020_S7,Complexity
Qian_2020,LUSC,scRNA-seq,Qian_2020_S7,nFeature_RNA
Qian_2020,LUSC,scRNA-seq,Qian_2020_S7,nCount_RNA
Qian_2020,LUSC,scRNA-seq,Qian_2020_S7,MP_r_subtype
Song_2019,LUAD,scRNA-seq,Song_2019_P1_Tumor,nCount_RNA
Song_2019,LUAD,scRNA-seq,Song_2019_P1_Tumor,Reads percentage of mito gene
Song_2019,LUAD,scRNA-seq,Song_2019_P1_Tumor,Cluster
Song_2019,LUAD,scRNA-seq,Song_2019_P1_Tumor,nFeature_RNA
Song_2019,LUAD,scRNA-seq,Song_2019_P1_Tumor,MP_r_subtype
Song_2019,LUAD,scRNA-seq,Song_2019_P1_Tumor,Cell_type
Song_2019,LUAD,scRNA-seq,Song_2019_P1_Tumor,Celltype_malignancy
Song_2019,LUAD,scRNA-seq,Song_2019_P1_Tumor,Classical_subtype
Song_2019,LUAD,scRNA-seq,Song_2019_P1_Tumor,Celltype_minor
Song_2019,LUAD,scRNA-seq,Song_2019_P3_Tumor,nCount_RNA
Song_2019,LUAD,scRNA-seq,Song_2019_P3_Tumor,Cell_type
Song_2019,LUAD,scRNA-seq,Song_2019_P3_Tumor,Celltype_malignancy
Song_2019,LUAD,scRNA-seq,Song_2019_P3_Tumor,nFeature_RNA
Song_2019,LUAD,scRNA-seq,Song_2019_P3_Tumor,Celltype_minor
Song_2019,LUAD,scRNA-seq,Song_2019_P3_Tumor,MP_r_subtype
Song_2019,LUAD,scRNA-seq,Song_2019_P3_Tumor,Reads percentage of mito gene
Song_2019,LUAD,scRNA-seq,Song_2019_P3_Tumor,Cluster
Song_2019,LUAD,scRNA-seq,Song_2019_P3_Tumor,Classical_subtype
Song_2019,LUAD,scRNA-seq,Song_2019_P4_Tumor,Celltype_minor
Song_2019,LUAD,scRNA-seq,Song_2019_P4_Tumor,nCount_RNA
Song_2019,LUAD,scRNA-seq,Song_2019_P4_Tumor,Reads percentage of mito gene
Song_2019,LUAD,scRNA-seq,Song_2019_P4_Tumor,Cluster
Song_2019,LUAD,scRNA-seq,Song_2019_P4_Tumor,nFeature_RNA
Song_2019,LUAD,scRNA-seq,Song_2019_P4_Tumor,MP_r_subtype
Song_2019,LUAD,scRNA-seq,Song_2019_P4_Tumor,Cell_type
Song_2019,LUAD,scRNA-seq,Song_2019_P4_Tumor,Celltype_malignancy
Song_2019,LUAD,scRNA-seq,Song_2019_P4_Tumor,Classical_subtype
Song_2019,LUSC,scRNA-seq,Song_2019_P2_Tumor,nCount_RNA
Song_2019,LUSC,scRNA-seq,Song_2019_P2_Tumor,nFeature_RNA
Song_2019,LUSC,scRNA-seq,Song_2019_P2_Tumor,Celltype_malignancy
Song_2019,LUSC,scRNA-seq,Song_2019_P2_Tumor,Cell_type
Song_2019,LUSC,scRNA-seq,Song_2019_P2_Tumor,Celltype_minor
Song_2019,LUSC,scRNA-seq,Song_2019_P2_Tumor,Cluster
Song_2019,LUSC,scRNA-seq,Song_2019_P2_Tumor,Reads percentage of mito gene
Song_2019,LUSC,scRNA-seq,Song_2019_P2_Tumor,MP_r_subtype
Song_2019,LUSC,scRNA-seq,Song_2019_P2_Tumor,Classical_subtype
Stewart_2020,SCLC,scRNA-seq,Stewart_2020_SC16.LB17028,nCount_RNA
Stewart_2020,SCLC,scRNA-seq,Stewart_2020_SC16.LB17028,MP_r_subtype
Stewart_2020,SCLC,scRNA-seq,Stewart_2020_SC16.LB17028,Copykat.pred
Stewart_2020,SCLC,scRNA-seq,Stewart_2020_SC16.LB17028,nFeature_RNA
Stewart_2020,SCLC,scRNA-seq,Stewart_2020_SC16.LB17028,Classical_subtype
Stewart_2020,SCLC,scRNA-seq,Stewart_2020_SC16.LB17028,Malignant
Stewart_2020,SCLC,scRNA-seq,Stewart_2020_SC16.LB17028,Reads percentage of mito gene
Stewart_2020,SCLC,scRNA-seq,Stewart_2020_SC16.LB17029,nCount_RNA
Stewart_2020,SCLC,scRNA-seq,Stewart_2020_SC16.LB17029,MP_r_subtype
Stewart_2020,SCLC,scRNA-seq,Stewart_2020_SC16.LB17029,Copykat.pred
Stewart_2020,SCLC,scRNA-seq,Stewart_2020_SC16.LB17029,nFeature_RNA
Stewart_2020,SCLC,scRNA-seq,Stewart_2020_SC16.LB17029,Classical_subtype
Stewart_2020,SCLC,scRNA-seq,Stewart_2020_SC16.LB17029,Malignant
Stewart_2020,SCLC,scRNA-seq,Stewart_2020_SC16.LB17029,Reads percentage of mito gene
Stewart_2020,SCLC,scRNA-seq,Stewart_2020_SC39.LB17020,Reads percentage of mito gene
Stewart_2020,SCLC,scRNA-seq,Stewart_2020_SC39.LB17020,nCount_RNA
Stewart_2020,SCLC,scRNA-seq,Stewart_2020_SC39.LB17020,Copykat.pred
Stewart_2020,SCLC,scRNA-seq,Stewart_2020_SC39.LB17020,nFeature_RNA
Stewart_2020,SCLC,scRNA-seq,Stewart_2020_SC39.LB17020,MP_r_subtype
Stewart_2020,SCLC,scRNA-seq,Stewart_2020_SC39.LB17020,Classical_subtype
Stewart_2020,SCLC,scRNA-seq,Stewart_2020_SC39.LB17020,Malignant
Stewart_2020,SCLC,scRNA-seq,Stewart_2020_SC4_LY2606368.LB17003,MP_r_subtype
Stewart_2020,SCLC,scRNA-seq,Stewart_2020_SC4_LY2606368.LB17003,Classical_subtype
Stewart_2020,SCLC,scRNA-seq,Stewart_2020_SC4_LY2606368.LB17003,Malignant
Stewart_2020,SCLC,scRNA-seq,Stewart_2020_SC4_LY2606368.LB17003,nCount_RNA
Stewart_2020,SCLC,scRNA-seq,Stewart_2020_SC4_LY2606368.LB17003,nFeature_RNA
Stewart_2020,SCLC,scRNA-seq,Stewart_2020_SC4_LY2606368.LB17003,Reads percentage of mito gene
Stewart_2020,SCLC,scRNA-seq,Stewart_2020_SC4_LY2606368.LB17003,Copykat.pred
Stewart_2020,SCLC,scRNA-seq,Stewart_2020_SC4_LY2606368.LB17016,nCount_RNA
Stewart_2020,SCLC,scRNA-seq,Stewart_2020_SC4_LY2606368.LB17016,nFeature_RNA
Stewart_2020,SCLC,scRNA-seq,Stewart_2020_SC4_LY2606368.LB17016,Reads percentage of mito gene
Stewart_2020,SCLC,scRNA-seq,Stewart_2020_SC4_LY2606368.LB17016,Copykat.pred
Stewart_2020,SCLC,scRNA-seq,Stewart_2020_SC4_LY2606368.LB17016,Classical_subtype
Stewart_2020,SCLC,scRNA-seq,Stewart_2020_SC4_LY2606368.LB17016,Malignant
Stewart_2020,SCLC,scRNA-seq,Stewart_2020_SC4_LY2606368.LB17016,MP_r_subtype
Stewart_2020,SCLC,scRNA-seq,Stewart_2020_SC4_Talazoparib.LB17004,Reads percentage of mito gene
Stewart_2020,SCLC,scRNA-seq,Stewart_2020_SC4_Talazoparib.LB17004,Copykat.pred
Stewart_2020,SCLC,scRNA-seq,Stewart_2020_SC4_Talazoparib.LB17004,nFeature_RNA
Stewart_2020,SCLC,scRNA-seq,Stewart_2020_SC4_Talazoparib.LB17004,Malignant
Stewart_2020,SCLC,scRNA-seq,Stewart_2020_SC4_Talazoparib.LB17004,nCount_RNA
Stewart_2020,SCLC,scRNA-seq,Stewart_2020_SC4_Talazoparib.LB17004,MP_r_subtype
Stewart_2020,SCLC,scRNA-seq,Stewart_2020_SC4_Talazoparib.LB17004,Classical_subtype
Stewart_2020,SCLC,scRNA-seq,Stewart_2020_SC4_Talazoparib.LB17011,MP_r_subtype
Stewart_2020,SCLC,scRNA-seq,Stewart_2020_SC4_Talazoparib.LB17011,Malignant
Stewart_2020,SCLC,scRNA-seq,Stewart_2020_SC4_Talazoparib.LB17011,nCount_RNA
Stewart_2020,SCLC,scRNA-seq,Stewart_2020_SC4_Talazoparib.LB17011,nFeature_RNA
Stewart_2020,SCLC,scRNA-seq,Stewart_2020_SC4_Talazoparib.LB17011,Classical_subtype
Stewart_2020,SCLC,scRNA-seq,Stewart_2020_SC4_Talazoparib.LB17011,Reads percentage of mito gene
Stewart_2020,SCLC,scRNA-seq,Stewart_2020_SC4_Talazoparib.LB17011,Copykat.pred
Stewart_2020,SCLC,scRNA-seq,Stewart_2020_SC4_Talazoparib.LB17015,nCount_RNA
Stewart_2020,SCLC,scRNA-seq,Stewart_2020_SC4_Talazoparib.LB17015,Reads percentage of mito gene
Stewart_2020,SCLC,scRNA-seq,Stewart_2020_SC4_Talazoparib.LB17015,nFeature_RNA
Stewart_2020,SCLC,scRNA-seq,Stewart_2020_SC4_Talazoparib.LB17015,Classical_subtype
Stewart_2020,SCLC,scRNA-seq,Stewart_2020_SC4_Talazoparib.LB17015,Malignant
Stewart_2020,SCLC,scRNA-seq,Stewart_2020_SC4_Talazoparib.LB17015,Copykat.pred
Stewart_2020,SCLC,scRNA-seq,Stewart_2020_SC4_Talazoparib.LB17015,MP_r_subtype
Stewart_2020,SCLC,scRNA-seq,Stewart_2020_SC4.LB17009,Reads percentage of mito gene
Stewart_2020,SCLC,scRNA-seq,Stewart_2020_SC4.LB17009,Copykat.pred
Stewart_2020,SCLC,scRNA-seq,Stewart_2020_SC4.LB17009,nFeature_RNA
Stewart_2020,SCLC,scRNA-seq,Stewart_2020_SC4.LB17009,Malignant
Stewart_2020,SCLC,scRNA-seq,Stewart_2020_SC4.LB17009,nCount_RNA
Stewart_2020,SCLC,scRNA-seq,Stewart_2020_SC4.LB17009,Classical_subtype
Stewart_2020,SCLC,scRNA-seq,Stewart_2020_SC4.LB17009,MP_r_subtype
Stewart_2020,SCLC,scRNA-seq,Stewart_2020_SC4.LB17013,nCount_RNA
Stewart_2020,SCLC,scRNA-seq,Stewart_2020_SC4.LB17013,Malignant
Stewart_2020,SCLC,scRNA-seq,Stewart_2020_SC4.LB17013,MP_r_subtype
Stewart_2020,SCLC,scRNA-seq,Stewart_2020_SC4.LB17013,Copykat.pred
Stewart_2020,SCLC,scRNA-seq,Stewart_2020_SC4.LB17013,nFeature_RNA
Stewart_2020,SCLC,scRNA-seq,Stewart_2020_SC4.LB17013,Reads percentage of mito gene
Stewart_2020,SCLC,scRNA-seq,Stewart_2020_SC4.LB17013,Classical_subtype
Stewart_2020,SCLC,scRNA-seq,Stewart_2020_SC4.LB17014,nFeature_RNA
Stewart_2020,SCLC,scRNA-seq,Stewart_2020_SC4.LB17014,nCount_RNA
Stewart_2020,SCLC,scRNA-seq,Stewart_2020_SC4.LB17014,Classical_subtype
Stewart_2020,SCLC,scRNA-seq,Stewart_2020_SC4.LB17014,Reads percentage of mito gene
Stewart_2020,SCLC,scRNA-seq,Stewart_2020_SC4.LB17014,MP_r_subtype
Stewart_2020,SCLC,scRNA-seq,Stewart_2020_SC4.LB17014,Copykat.pred
Stewart_2020,SCLC,scRNA-seq,Stewart_2020_SC4.LB17014,Malignant
Stewart_2020,SCLC,scRNA-seq,Stewart_2020_SC49.LB17023,nFeature_RNA
Stewart_2020,SCLC,scRNA-seq,Stewart_2020_SC49.LB17023,Copykat.pred
Stewart_2020,SCLC,scRNA-seq,Stewart_2020_SC49.LB17023,Reads percentage of mito gene
Stewart_2020,SCLC,scRNA-seq,Stewart_2020_SC49.LB17023,nCount_RNA
Stewart_2020,SCLC,scRNA-seq,Stewart_2020_SC49.LB17023,MP_r_subtype
Stewart_2020,SCLC,scRNA-seq,Stewart_2020_SC49.LB17023,Malignant
Stewart_2020,SCLC,scRNA-seq,Stewart_2020_SC49.LB17023,Classical_subtype
Stewart_2020,SCLC,scRNA-seq,Stewart_2020_SC49.LB17025,Copykat.pred
Stewart_2020,SCLC,scRNA-seq,Stewart_2020_SC49.LB17025,Malignant
Stewart_2020,SCLC,scRNA-seq,Stewart_2020_SC49.LB17025,nCount_RNA
Stewart_2020,SCLC,scRNA-seq,Stewart_2020_SC49.LB17025,MP_r_subtype
Stewart_2020,SCLC,scRNA-seq,Stewart_2020_SC49.LB17025,Classical_subtype
Stewart_2020,SCLC,scRNA-seq,Stewart_2020_SC49.LB17025,Reads percentage of mito gene
Stewart_2020,SCLC,scRNA-seq,Stewart_2020_SC49.LB17025,nFeature_RNA
Stewart_2020,SCLC,scRNA-seq,Stewart_2020_SC53,nCount_RNA
Stewart_2020,SCLC,scRNA-seq,Stewart_2020_SC53,nFeature_RNA
Stewart_2020,SCLC,scRNA-seq,Stewart_2020_SC53,Classical_subtype
Stewart_2020,SCLC,scRNA-seq,Stewart_2020_SC53,Reads percentage of mito gene
Stewart_2020,SCLC,scRNA-seq,Stewart_2020_SC53,MP_r_subtype
Stewart_2020,SCLC,scRNA-seq,Stewart_2020_SC53,Copykat.pred
Stewart_2020,SCLC,scRNA-seq,Stewart_2020_SC53,Malignant
Stewart_2020,SCLC,scRNA-seq,Stewart_2020_SC53cis,nFeature_RNA
Stewart_2020,SCLC,scRNA-seq,Stewart_2020_SC53cis,Reads percentage of mito gene
Stewart_2020,SCLC,scRNA-seq,Stewart_2020_SC53cis,nCount_RNA
Stewart_2020,SCLC,scRNA-seq,Stewart_2020_SC53cis,Copykat.pred
Stewart_2020,SCLC,scRNA-seq,Stewart_2020_SC53cis,Malignant
Stewart_2020,SCLC,scRNA-seq,Stewart_2020_SC53cis,MP_r_subtype
Stewart_2020,SCLC,scRNA-seq,Stewart_2020_SC53cis,Classical_subtype
Stewart_2020,SCLC,scRNA-seq,Stewart_2020_SC55-3.LB17026,Copykat.pred
Stewart_2020,SCLC,scRNA-seq,Stewart_2020_SC55-3.LB17026,Malignant
Stewart_2020,SCLC,scRNA-seq,Stewart_2020_SC55-3.LB17026,MP_r_subtype
Stewart_2020,SCLC,scRNA-seq,Stewart_2020_SC55-3.LB17026,Classical_subtype
Stewart_2020,SCLC,scRNA-seq,Stewart_2020_SC55-3.LB17026,Reads percentage of mito gene
Stewart_2020,SCLC,scRNA-seq,Stewart_2020_SC55-3.LB17026,nCount_RNA
Stewart_2020,SCLC,scRNA-seq,Stewart_2020_SC55-3.LB17026,nFeature_RNA
Stewart_2020,SCLC,scRNA-seq,Stewart_2020_SC55.LB19001,Reads percentage of mito gene
Stewart_2020,SCLC,scRNA-seq,Stewart_2020_SC55.LB19001,nCount_RNA
Stewart_2020,SCLC,scRNA-seq,Stewart_2020_SC55.LB19001,nFeature_RNA
Stewart_2020,SCLC,scRNA-seq,Stewart_2020_SC55.LB19001,MP_r_subtype
Stewart_2020,SCLC,scRNA-seq,Stewart_2020_SC55.LB19001,Copykat.pred
Stewart_2020,SCLC,scRNA-seq,Stewart_2020_SC55.LB19001,Classical_subtype
Stewart_2020,SCLC,scRNA-seq,Stewart_2020_SC55.LB19001,Malignant
Stewart_2020,SCLC,scRNA-seq,Stewart_2020_SC68_veh.LB19002,Malignant
Stewart_2020,SCLC,scRNA-seq,Stewart_2020_SC68_veh.LB19002,Reads percentage of mito gene
Stewart_2020,SCLC,scRNA-seq,Stewart_2020_SC68_veh.LB19002,nCount_RNA
Stewart_2020,SCLC,scRNA-seq,Stewart_2020_SC68_veh.LB19002,MP_r_subtype
Stewart_2020,SCLC,scRNA-seq,Stewart_2020_SC68_veh.LB19002,Copykat.pred
Stewart_2020,SCLC,scRNA-seq,Stewart_2020_SC68_veh.LB19002,nFeature_RNA
Stewart_2020,SCLC,scRNA-seq,Stewart_2020_SC68_veh.LB19002,Classical_subtype
Stewart_2020,SCLC,scRNA-seq,Stewart_2020_SC75.LB19004,Malignant
Stewart_2020,SCLC,scRNA-seq,Stewart_2020_SC75.LB19004,Reads percentage of mito gene
Stewart_2020,SCLC,scRNA-seq,Stewart_2020_SC75.LB19004,nCount_RNA
Stewart_2020,SCLC,scRNA-seq,Stewart_2020_SC75.LB19004,MP_r_subtype
Stewart_2020,SCLC,scRNA-seq,Stewart_2020_SC75.LB19004,Copykat.pred
Stewart_2020,SCLC,scRNA-seq,Stewart_2020_SC75.LB19004,nFeature_RNA
Stewart_2020,SCLC,scRNA-seq,Stewart_2020_SC75.LB19004,Classical_subtype
Tian_2022,SCLC,scRNA-seq,Tian_2022_P10,nCount_RNA
Tian_2022,SCLC,scRNA-seq,Tian_2022_P10,MappingRate
Tian_2022,SCLC,scRNA-seq,Tian_2022_P10,Aligned_Reads
Tian_2022,SCLC,scRNA-seq,Tian_2022_P10,Cell_type
Tian_2022,SCLC,scRNA-seq,Tian_2022_P10,Malignant
Tian_2022,SCLC,scRNA-seq,Tian_2022_P10,Copykat.pred
Tian_2022,SCLC,scRNA-seq,Tian_2022_P10,Classical_subtype
Tian_2022,SCLC,scRNA-seq,Tian_2022_P10,nFeature_RNA
Tian_2022,SCLC,scRNA-seq,Tian_2022_P10,Pre_Map_Reads
Tian_2022,SCLC,scRNA-seq,Tian_2022_P10,MP_r_subtype
Tian_2022,SCLC,scRNA-seq,Tian_2022_P11,MappingRate
Tian_2022,SCLC,scRNA-seq,Tian_2022_P11,Malignant
Tian_2022,SCLC,scRNA-seq,Tian_2022_P11,Copykat.pred
Tian_2022,SCLC,scRNA-seq,Tian_2022_P11,MP_r_subtype
Tian_2022,SCLC,scRNA-seq,Tian_2022_P11,nCount_RNA
Tian_2022,SCLC,scRNA-seq,Tian_2022_P11,Aligned_Reads
Tian_2022,SCLC,scRNA-seq,Tian_2022_P11,Cell_type
Tian_2022,SCLC,scRNA-seq,Tian_2022_P11,nFeature_RNA
Tian_2022,SCLC,scRNA-seq,Tian_2022_P11,Classical_subtype
Tian_2022,SCLC,scRNA-seq,Tian_2022_P11,Pre_Map_Reads
Tian_2022,SCLC,scRNA-seq,Tian_2022_P12,nCount_RNA
Tian_2022,SCLC,scRNA-seq,Tian_2022_P12,Malignant
Tian_2022,SCLC,scRNA-seq,Tian_2022_P12,MappingRate
Tian_2022,SCLC,scRNA-seq,Tian_2022_P12,Cell_type
Tian_2022,SCLC,scRNA-seq,Tian_2022_P12,nFeature_RNA
Tian_2022,SCLC,scRNA-seq,Tian_2022_P12,Copykat.pred
Tian_2022,SCLC,scRNA-seq,Tian_2022_P12,Pre_Map_Reads
Tian_2022,SCLC,scRNA-seq,Tian_2022_P12,MP_r_subtype
Tian_2022,SCLC,scRNA-seq,Tian_2022_P12,Aligned_Reads
Tian_2022,SCLC,scRNA-seq,Tian_2022_P12,Classical_subtype
Tian_2022,SCLC,scRNA-seq,Tian_2022_P13,MP_r_subtype
Tian_2022,SCLC,scRNA-seq,Tian_2022_P13,nCount_RNA
Tian_2022,SCLC,scRNA-seq,Tian_2022_P13,Cell_type
Tian_2022,SCLC,scRNA-seq,Tian_2022_P13,Malignant
Tian_2022,SCLC,scRNA-seq,Tian_2022_P13,MappingRate
Tian_2022,SCLC,scRNA-seq,Tian_2022_P13,Classical_subtype
Tian_2022,SCLC,scRNA-seq,Tian_2022_P13,nFeature_RNA
Tian_2022,SCLC,scRNA-seq,Tian_2022_P13,Copykat.pred
Tian_2022,SCLC,scRNA-seq,Tian_2022_P13,Pre_Map_Reads
Tian_2022,SCLC,scRNA-seq,Tian_2022_P13,Aligned_Reads
Tian_2022,SCLC,scRNA-seq,Tian_2022_P2,MappingRate
Tian_2022,SCLC,scRNA-seq,Tian_2022_P2,Copykat.pred
Tian_2022,SCLC,scRNA-seq,Tian_2022_P2,Pre_Map_Reads
Tian_2022,SCLC,scRNA-seq,Tian_2022_P2,MP_r_subtype
Tian_2022,SCLC,scRNA-seq,Tian_2022_P2,nCount_RNA
Tian_2022,SCLC,scRNA-seq,Tian_2022_P2,Aligned_Reads
Tian_2022,SCLC,scRNA-seq,Tian_2022_P2,Cell_type
Tian_2022,SCLC,scRNA-seq,Tian_2022_P2,Malignant
Tian_2022,SCLC,scRNA-seq,Tian_2022_P2,Classical_subtype
Tian_2022,SCLC,scRNA-seq,Tian_2022_P2,nFeature_RNA
Tian_2022,SCLC,scRNA-seq,Tian_2022_P3,nCount_RNA
Tian_2022,SCLC,scRNA-seq,Tian_2022_P3,MappingRate
Tian_2022,SCLC,scRNA-seq,Tian_2022_P3,nFeature_RNA
Tian_2022,SCLC,scRNA-seq,Tian_2022_P3,Copykat.pred
Tian_2022,SCLC,scRNA-seq,Tian_2022_P3,Pre_Map_Reads
Tian_2022,SCLC,scRNA-seq,Tian_2022_P3,MP_r_subtype
Tian_2022,SCLC,scRNA-seq,Tian_2022_P3,Malignant
Tian_2022,SCLC,scRNA-seq,Tian_2022_P3,Aligned_Reads
Tian_2022,SCLC,scRNA-seq,Tian_2022_P3,Cell_type
Tian_2022,SCLC,scRNA-seq,Tian_2022_P3,Classical_subtype
Tian_2022,SCLC,scRNA-seq,Tian_2022_P4,Copykat.pred
Tian_2022,SCLC,scRNA-seq,Tian_2022_P4,nCount_RNA
Tian_2022,SCLC,scRNA-seq,Tian_2022_P4,MP_r_subtype
Tian_2022,SCLC,scRNA-seq,Tian_2022_P4,Malignant
Tian_2022,SCLC,scRNA-seq,Tian_2022_P4,MappingRate
Tian_2022,SCLC,scRNA-seq,Tian_2022_P4,Classical_subtype
Tian_2022,SCLC,scRNA-seq,Tian_2022_P4,nFeature_RNA
Tian_2022,SCLC,scRNA-seq,Tian_2022_P4,Pre_Map_Reads
Tian_2022,SCLC,scRNA-seq,Tian_2022_P4,Cell_type
Tian_2022,SCLC,scRNA-seq,Tian_2022_P4,Aligned_Reads
Tian_2022,SCLC,scRNA-seq,Tian_2022_P7,nFeature_RNA
Tian_2022,SCLC,scRNA-seq,Tian_2022_P7,Copykat.pred
Tian_2022,SCLC,scRNA-seq,Tian_2022_P7,MP_r_subtype
Tian_2022,SCLC,scRNA-seq,Tian_2022_P7,nCount_RNA
Tian_2022,SCLC,scRNA-seq,Tian_2022_P7,Pre_Map_Reads
Tian_2022,SCLC,scRNA-seq,Tian_2022_P7,Cell_type
Tian_2022,SCLC,scRNA-seq,Tian_2022_P7,Malignant
Tian_2022,SCLC,scRNA-seq,Tian_2022_P7,MappingRate
Tian_2022,SCLC,scRNA-seq,Tian_2022_P7,Aligned_Reads
Tian_2022,SCLC,scRNA-seq,Tian_2022_P7,Classical_subtype
Wu_2021,LUAD,scRNA-seq,Wu_2021_P12,nCount_RNA
Wu_2021,LUAD,scRNA-seq,Wu_2021_P12,Classical_subtype
Wu_2021,LUAD,scRNA-seq,Wu_2021_P12,MP_r_subtype
Wu_2021,LUAD,scRNA-seq,Wu_2021_P12,Reads percentage of mito gene
Wu_2021,LUAD,scRNA-seq,Wu_2021_P12,Cell_type
Wu_2021,LUAD,scRNA-seq,Wu_2021_P12,Cell_type2
Wu_2021,LUAD,scRNA-seq,Wu_2021_P12,nFeature_RNA
Wu_2021,LUAD,scRNA-seq,Wu_2021_P13,nCount_RNA
Wu_2021,LUAD,scRNA-seq,Wu_2021_P13,Reads percentage of mito gene
Wu_2021,LUAD,scRNA-seq,Wu_2021_P13,nFeature_RNA
Wu_2021,LUAD,scRNA-seq,Wu_2021_P13,Classical_subtype
Wu_2021,LUAD,scRNA-seq,Wu_2021_P13,MP_r_subtype
Wu_2021,LUAD,scRNA-seq,Wu_2021_P13,Cell_type
Wu_2021,LUAD,scRNA-seq,Wu_2021_P13,Cell_type2
Wu_2021,LUAD,scRNA-seq,Wu_2021_P16,nCount_RNA
Wu_2021,LUAD,scRNA-seq,Wu_2021_P16,Reads percentage of mito gene
Wu_2021,LUAD,scRNA-seq,Wu_2021_P16,nFeature_RNA
Wu_2021,LUAD,scRNA-seq,Wu_2021_P16,MP_r_subtype
Wu_2021,LUAD,scRNA-seq,Wu_2021_P16,Cell_type2
Wu_2021,LUAD,scRNA-seq,Wu_2021_P16,Classical_subtype
Wu_2021,LUAD,scRNA-seq,Wu_2021_P16,Cell_type
Wu_2021,LUAD,scRNA-seq,Wu_2021_P2,nCount_RNA
Wu_2021,LUAD,scRNA-seq,Wu_2021_P2,nFeature_RNA
Wu_2021,LUAD,scRNA-seq,Wu_2021_P2,MP_r_subtype
Wu_2021,LUAD,scRNA-seq,Wu_2021_P2,Reads percentage of mito gene
Wu_2021,LUAD,scRNA-seq,Wu_2021_P2,Cell_type2
Wu_2021,LUAD,scRNA-seq,Wu_2021_P2,Classical_subtype
Wu_2021,LUAD,scRNA-seq,Wu_2021_P2,Cell_type
Wu_2021,LUAD,scRNA-seq,Wu_2021_P20,nCount_RNA
Wu_2021,LUAD,scRNA-seq,Wu_2021_P20,nFeature_RNA
Wu_2021,LUAD,scRNA-seq,Wu_2021_P20,Cell_type2
Wu_2021,LUAD,scRNA-seq,Wu_2021_P20,Classical_subtype
Wu_2021,LUAD,scRNA-seq,Wu_2021_P20,MP_r_subtype
Wu_2021,LUAD,scRNA-seq,Wu_2021_P20,Cell_type
Wu_2021,LUAD,scRNA-seq,Wu_2021_P20,Reads percentage of mito gene
Wu_2021,LUAD,scRNA-seq,Wu_2021_P21,nCount_RNA
Wu_2021,LUAD,scRNA-seq,Wu_2021_P21,nFeature_RNA
Wu_2021,LUAD,scRNA-seq,Wu_2021_P21,Cell_type2
Wu_2021,LUAD,scRNA-seq,Wu_2021_P21,Cell_type
Wu_2021,LUAD,scRNA-seq,Wu_2021_P21,Reads percentage of mito gene
Wu_2021,LUAD,scRNA-seq,Wu_2021_P21,Classical_subtype
Wu_2021,LUAD,scRNA-seq,Wu_2021_P21,MP_r_subtype
Wu_2021,LUAD,scRNA-seq,Wu_2021_P28,nFeature_RNA
Wu_2021,LUAD,scRNA-seq,Wu_2021_P28,nCount_RNA
Wu_2021,LUAD,scRNA-seq,Wu_2021_P28,Cell_type2
Wu_2021,LUAD,scRNA-seq,Wu_2021_P28,Cell_type
Wu_2021,LUAD,scRNA-seq,Wu_2021_P28,Reads percentage of mito gene
Wu_2021,LUAD,scRNA-seq,Wu_2021_P28,MP_r_subtype
Wu_2021,LUAD,scRNA-seq,Wu_2021_P28,Classical_subtype
Wu_2021,LUAD,scRNA-seq,Wu_2021_P29,Cell_type2
Wu_2021,LUAD,scRNA-seq,Wu_2021_P29,Cell_type
Wu_2021,LUAD,scRNA-seq,Wu_2021_P29,nFeature_RNA
Wu_2021,LUAD,scRNA-seq,Wu_2021_P29,nCount_RNA
Wu_2021,LUAD,scRNA-seq,Wu_2021_P29,Reads percentage of mito gene
Wu_2021,LUAD,scRNA-seq,Wu_2021_P29,MP_r_subtype
Wu_2021,LUAD,scRNA-seq,Wu_2021_P29,Classical_subtype
Wu_2021,LUAD,scRNA-seq,Wu_2021_P32,Cell_type
Wu_2021,LUAD,scRNA-seq,Wu_2021_P32,nCount_RNA
Wu_2021,LUAD,scRNA-seq,Wu_2021_P32,Reads percentage of mito gene
Wu_2021,LUAD,scRNA-seq,Wu_2021_P32,Cell_type2
Wu_2021,LUAD,scRNA-seq,Wu_2021_P32,nFeature_RNA
Wu_2021,LUAD,scRNA-seq,Wu_2021_P32,MP_r_subtype
Wu_2021,LUAD,scRNA-seq,Wu_2021_P32,Classical_subtype
Wu_2021,LUAD,scRNA-seq,Wu_2021_P34,Cell_type
Wu_2021,LUAD,scRNA-seq,Wu_2021_P34,nCount_RNA
Wu_2021,LUAD,scRNA-seq,Wu_2021_P34,Reads percentage of mito gene
Wu_2021,LUAD,scRNA-seq,Wu_2021_P34,nFeature_RNA
Wu_2021,LUAD,scRNA-seq,Wu_2021_P34,MP_r_subtype
Wu_2021,LUAD,scRNA-seq,Wu_2021_P34,Cell_type2
Wu_2021,LUAD,scRNA-seq,Wu_2021_P34,Classical_subtype
Wu_2021,LUAD,scRNA-seq,Wu_2021_P8,Reads percentage of mito gene
Wu_2021,LUAD,scRNA-seq,Wu_2021_P8,Cell_type
Wu_2021,LUAD,scRNA-seq,Wu_2021_P8,nFeature_RNA
Wu_2021,LUAD,scRNA-seq,Wu_2021_P8,nCount_RNA
Wu_2021,LUAD,scRNA-seq,Wu_2021_P8,MP_r_subtype
Wu_2021,LUAD,scRNA-seq,Wu_2021_P8,Cell_type2
Wu_2021,LUAD,scRNA-seq,Wu_2021_P8,Classical_subtype
Wu_2021,LUAD,scRNA-seq,Wu_2021_P9,MP_r_subtype
Wu_2021,LUAD,scRNA-seq,Wu_2021_P9,Reads percentage of mito gene
Wu_2021,LUAD,scRNA-seq,Wu_2021_P9,Cell_type
Wu_2021,LUAD,scRNA-seq,Wu_2021_P9,Cell_type2
Wu_2021,LUAD,scRNA-seq,Wu_2021_P9,nFeature_RNA
Wu_2021,LUAD,scRNA-seq,Wu_2021_P9,nCount_RNA
Wu_2021,LUAD,scRNA-seq,Wu_2021_P9,Classical_subtype
Wu_2021,LUSC,scRNA-seq,Wu_2021_P1,nCount_RNA
Wu_2021,LUSC,scRNA-seq,Wu_2021_P1,MP_r_subtype
Wu_2021,LUSC,scRNA-seq,Wu_2021_P1,Cell_type
Wu_2021,LUSC,scRNA-seq,Wu_2021_P1,nFeature_RNA
Wu_2021,LUSC,scRNA-seq,Wu_2021_P1,Classical_subtype
Wu_2021,LUSC,scRNA-seq,Wu_2021_P1,Reads percentage of mito gene
Wu_2021,LUSC,scRNA-seq,Wu_2021_P1,Cell_type2
Wu_2021,LUSC,scRNA-seq,Wu_2021_P10,nCount_RNA
Wu_2021,LUSC,scRNA-seq,Wu_2021_P10,MP_r_subtype
Wu_2021,LUSC,scRNA-seq,Wu_2021_P10,Cell_type
Wu_2021,LUSC,scRNA-seq,Wu_2021_P10,nFeature_RNA
Wu_2021,LUSC,scRNA-seq,Wu_2021_P10,Classical_subtype
Wu_2021,LUSC,scRNA-seq,Wu_2021_P10,Reads percentage of mito gene
Wu_2021,LUSC,scRNA-seq,Wu_2021_P10,Cell_type2
Wu_2021,LUSC,scRNA-seq,Wu_2021_P14,Cell_type2
Wu_2021,LUSC,scRNA-seq,Wu_2021_P14,nCount_RNA
Wu_2021,LUSC,scRNA-seq,Wu_2021_P14,Cell_type
Wu_2021,LUSC,scRNA-seq,Wu_2021_P14,nFeature_RNA
Wu_2021,LUSC,scRNA-seq,Wu_2021_P14,MP_r_subtype
Wu_2021,LUSC,scRNA-seq,Wu_2021_P14,Classical_subtype
Wu_2021,LUSC,scRNA-seq,Wu_2021_P14,Reads percentage of mito gene
Wu_2021,LUSC,scRNA-seq,Wu_2021_P15,MP_r_subtype
Wu_2021,LUSC,scRNA-seq,Wu_2021_P15,Classical_subtype
Wu_2021,LUSC,scRNA-seq,Wu_2021_P15,Reads percentage of mito gene
Wu_2021,LUSC,scRNA-seq,Wu_2021_P15,nCount_RNA
Wu_2021,LUSC,scRNA-seq,Wu_2021_P15,nFeature_RNA
Wu_2021,LUSC,scRNA-seq,Wu_2021_P15,Cell_type2
Wu_2021,LUSC,scRNA-seq,Wu_2021_P15,Cell_type
Wu_2021,LUSC,scRNA-seq,Wu_2021_P17,nCount_RNA
Wu_2021,LUSC,scRNA-seq,Wu_2021_P17,nFeature_RNA
Wu_2021,LUSC,scRNA-seq,Wu_2021_P17,Cell_type2
Wu_2021,LUSC,scRNA-seq,Wu_2021_P17,Cell_type
Wu_2021,LUSC,scRNA-seq,Wu_2021_P17,Classical_subtype
Wu_2021,LUSC,scRNA-seq,Wu_2021_P17,Reads percentage of mito gene
Wu_2021,LUSC,scRNA-seq,Wu_2021_P17,MP_r_subtype
Wu_2021,LUSC,scRNA-seq,Wu_2021_P18,Cell_type2
Wu_2021,LUSC,scRNA-seq,Wu_2021_P18,Cell_type
Wu_2021,LUSC,scRNA-seq,Wu_2021_P18,nFeature_RNA
Wu_2021,LUSC,scRNA-seq,Wu_2021_P18,Reads percentage of mito gene
Wu_2021,LUSC,scRNA-seq,Wu_2021_P18,nCount_RNA
Wu_2021,LUSC,scRNA-seq,Wu_2021_P18,MP_r_subtype
Wu_2021,LUSC,scRNA-seq,Wu_2021_P18,Classical_subtype
Wu_2021,LUSC,scRNA-seq,Wu_2021_P19,MP_r_subtype
Wu_2021,LUSC,scRNA-seq,Wu_2021_P19,Reads percentage of mito gene
Wu_2021,LUSC,scRNA-seq,Wu_2021_P19,nCount_RNA
Wu_2021,LUSC,scRNA-seq,Wu_2021_P19,nFeature_RNA
Wu_2021,LUSC,scRNA-seq,Wu_2021_P19,Classical_subtype
Wu_2021,LUSC,scRNA-seq,Wu_2021_P19,Cell_type2
Wu_2021,LUSC,scRNA-seq,Wu_2021_P19,Cell_type
Wu_2021,LUSC,scRNA-seq,Wu_2021_P22,nCount_RNA
Wu_2021,LUSC,scRNA-seq,Wu_2021_P22,Cell_type2
Wu_2021,LUSC,scRNA-seq,Wu_2021_P22,nFeature_RNA
Wu_2021,LUSC,scRNA-seq,Wu_2021_P22,Classical_subtype
Wu_2021,LUSC,scRNA-seq,Wu_2021_P22,Reads percentage of mito gene
Wu_2021,LUSC,scRNA-seq,Wu_2021_P22,Cell_type
Wu_2021,LUSC,scRNA-seq,Wu_2021_P22,MP_r_subtype
Wu_2021,LUSC,scRNA-seq,Wu_2021_P23,Cell_type2
Wu_2021,LUSC,scRNA-seq,Wu_2021_P23,Cell_type
Wu_2021,LUSC,scRNA-seq,Wu_2021_P23,nFeature_RNA
Wu_2021,LUSC,scRNA-seq,Wu_2021_P23,Reads percentage of mito gene
Wu_2021,LUSC,scRNA-seq,Wu_2021_P23,nCount_RNA
Wu_2021,LUSC,scRNA-seq,Wu_2021_P23,Classical_subtype
Wu_2021,LUSC,scRNA-seq,Wu_2021_P23,MP_r_subtype
Wu_2021,LUSC,scRNA-seq,Wu_2021_P25,nCount_RNA
Wu_2021,LUSC,scRNA-seq,Wu_2021_P25,Reads percentage of mito gene
Wu_2021,LUSC,scRNA-seq,Wu_2021_P25,MP_r_subtype
Wu_2021,LUSC,scRNA-seq,Wu_2021_P25,Cell_type
Wu_2021,LUSC,scRNA-seq,Wu_2021_P25,nFeature_RNA
Wu_2021,LUSC,scRNA-seq,Wu_2021_P25,Cell_type2
Wu_2021,LUSC,scRNA-seq,Wu_2021_P25,Classical_subtype
Wu_2021,LUSC,scRNA-seq,Wu_2021_P3,nFeature_RNA
Wu_2021,LUSC,scRNA-seq,Wu_2021_P3,nCount_RNA
Wu_2021,LUSC,scRNA-seq,Wu_2021_P3,Classical_subtype
Wu_2021,LUSC,scRNA-seq,Wu_2021_P3,Cell_type2
Wu_2021,LUSC,scRNA-seq,Wu_2021_P3,MP_r_subtype
Wu_2021,LUSC,scRNA-seq,Wu_2021_P3,Cell_type
Wu_2021,LUSC,scRNA-seq,Wu_2021_P3,Reads percentage of mito gene
Wu_2021,LUSC,scRNA-seq,Wu_2021_P30,nFeature_RNA
Wu_2021,LUSC,scRNA-seq,Wu_2021_P30,Cell_type
Wu_2021,LUSC,scRNA-seq,Wu_2021_P30,Cell_type2
Wu_2021,LUSC,scRNA-seq,Wu_2021_P30,nCount_RNA
Wu_2021,LUSC,scRNA-seq,Wu_2021_P30,MP_r_subtype
Wu_2021,LUSC,scRNA-seq,Wu_2021_P30,Reads percentage of mito gene
Wu_2021,LUSC,scRNA-seq,Wu_2021_P30,Classical_subtype
Wu_2021,LUSC,scRNA-seq,Wu_2021_P31,Cell_type
Wu_2021,LUSC,scRNA-seq,Wu_2021_P31,Reads percentage of mito gene
Wu_2021,LUSC,scRNA-seq,Wu_2021_P31,nCount_RNA
Wu_2021,LUSC,scRNA-seq,Wu_2021_P31,MP_r_subtype
Wu_2021,LUSC,scRNA-seq,Wu_2021_P31,Classical_subtype
Wu_2021,LUSC,scRNA-seq,Wu_2021_P31,Cell_type2
Wu_2021,LUSC,scRNA-seq,Wu_2021_P31,nFeature_RNA
Wu_2021,LUSC,scRNA-seq,Wu_2021_P36,nCount_RNA
Wu_2021,LUSC,scRNA-seq,Wu_2021_P36,nFeature_RNA
Wu_2021,LUSC,scRNA-seq,Wu_2021_P36,Classical_subtype
Wu_2021,LUSC,scRNA-seq,Wu_2021_P36,Cell_type2
Wu_2021,LUSC,scRNA-seq,Wu_2021_P36,MP_r_subtype
Wu_2021,LUSC,scRNA-seq,Wu_2021_P36,Cell_type
Wu_2021,LUSC,scRNA-seq,Wu_2021_P36,Reads percentage of mito gene
Wu_2021,LUSC,scRNA-seq,Wu_2021_P4,nFeature_RNA
Wu_2021,LUSC,scRNA-seq,Wu_2021_P4,Cell_type2
Wu_2021,LUSC,scRNA-seq,Wu_2021_P4,nCount_RNA
Wu_2021,LUSC,scRNA-seq,Wu_2021_P4,Cell_type
Wu_2021,LUSC,scRNA-seq,Wu_2021_P4,Reads percentage of mito gene
Wu_2021,LUSC,scRNA-seq,Wu_2021_P4,MP_r_subtype
Wu_2021,LUSC,scRNA-seq,Wu_2021_P4,Classical_subtype
Wu_2021,LUSC,scRNA-seq,Wu_2021_P40,Cell_type
Wu_2021,LUSC,scRNA-seq,Wu_2021_P40,Reads percentage of mito gene
Wu_2021,LUSC,scRNA-seq,Wu_2021_P40,MP_r_subtype
Wu_2021,LUSC,scRNA-seq,Wu_2021_P40,Classical_subtype
Wu_2021,LUSC,scRNA-seq,Wu_2021_P40,Cell_type2
Wu_2021,LUSC,scRNA-seq,Wu_2021_P40,nCount_RNA
Wu_2021,LUSC,scRNA-seq,Wu_2021_P40,nFeature_RNA
Wu_2021,LUSC,scRNA-seq,Wu_2021_P41,Cell_type2
Wu_2021,LUSC,scRNA-seq,Wu_2021_P41,nCount_RNA
Wu_2021,LUSC,scRNA-seq,Wu_2021_P41,nFeature_RNA
Wu_2021,LUSC,scRNA-seq,Wu_2021_P41,MP_r_subtype
Wu_2021,LUSC,scRNA-seq,Wu_2021_P41,Cell_type
Wu_2021,LUSC,scRNA-seq,Wu_2021_P41,Classical_subtype
Wu_2021,LUSC,scRNA-seq,Wu_2021_P41,Reads percentage of mito gene
Wu_2021,LUSC,scRNA-seq,Wu_2021_P6,Reads percentage of mito gene
Wu_2021,LUSC,scRNA-seq,Wu_2021_P6,Cell_type2
Wu_2021,LUSC,scRNA-seq,Wu_2021_P6,nCount_RNA
Wu_2021,LUSC,scRNA-seq,Wu_2021_P6,MP_r_subtype
Wu_2021,LUSC,scRNA-seq,Wu_2021_P6,Cell_type
Wu_2021,LUSC,scRNA-seq,Wu_2021_P6,nFeature_RNA
Wu_2021,LUSC,scRNA-seq,Wu_2021_P6,Classical_subtype
Wu_2021,LUSC,scRNA-seq,Wu_2021_P7,Reads percentage of mito gene
Wu_2021,LUSC,scRNA-seq,Wu_2021_P7,Cell_type2
Wu_2021,LUSC,scRNA-seq,Wu_2021_P7,nCount_RNA
Wu_2021,LUSC,scRNA-seq,Wu_2021_P7,MP_r_subtype
Wu_2021,LUSC,scRNA-seq,Wu_2021_P7,Cell_type
Wu_2021,LUSC,scRNA-seq,Wu_2021_P7,nFeature_RNA
Wu_2021,LUSC,scRNA-seq,Wu_2021_P7,Classical_subtype
Xing_2021,LUAD,scRNA-seq,Xing_2021_NM3C,nCount_RNA
Xing_2021,LUAD,scRNA-seq,Xing_2021_NM3C,nFeature_RNA
Xing_2021,LUAD,scRNA-seq,Xing_2021_NM3C,Classical_subtype
Xing_2021,LUAD,scRNA-seq,Xing_2021_NM3C,MP_r_subtype
Xing_2021,LUAD,scRNA-seq,Xing_2021_NM3C,Cell_type
Xing_2021,LUAD,scRNA-seq,Xing_2021_NM3C,cell_subtype_clusters
Xing_2021,LUAD,scRNA-seq,Xing_2021_NM3C,Reads percentage of mito gene
Xing_2021,LUAD,scRNA-seq,Xing_2021_NM3C,Cell_subtype
Xing_2021,LUAD,scRNA-seq,Xing_2021_NM3C,complexity
Xing_2021,LUAD,scRNA-seq,Xing_2021_NM3E,nFeature_RNA
Xing_2021,LUAD,scRNA-seq,Xing_2021_NM3E,cell_subtype_clusters
Xing_2021,LUAD,scRNA-seq,Xing_2021_NM3E,Classical_subtype
Xing_2021,LUAD,scRNA-seq,Xing_2021_NM3E,Reads percentage of mito gene
Xing_2021,LUAD,scRNA-seq,Xing_2021_NM3E,nCount_RNA
Xing_2021,LUAD,scRNA-seq,Xing_2021_NM3E,complexity
Xing_2021,LUAD,scRNA-seq,Xing_2021_NM3E,Cell_type
Xing_2021,LUAD,scRNA-seq,Xing_2021_NM3E,Cell_subtype
Xing_2021,LUAD,scRNA-seq,Xing_2021_NM3E,MP_r_subtype
Xing_2021,LUAD,scRNA-seq,Xing_2021_NM3M,nCount_RNA
Xing_2021,LUAD,scRNA-seq,Xing_2021_NM3M,nFeature_RNA
Xing_2021,LUAD,scRNA-seq,Xing_2021_NM3M,complexity
Xing_2021,LUAD,scRNA-seq,Xing_2021_NM3M,cell_subtype_clusters
Xing_2021,LUAD,scRNA-seq,Xing_2021_NM3M,Cell_type
Xing_2021,LUAD,scRNA-seq,Xing_2021_NM3M,Cell_subtype
Xing_2021,LUAD,scRNA-seq,Xing_2021_NM3M,Reads percentage of mito gene
Xing_2021,LUAD,scRNA-seq,Xing_2021_NM3M,MP_r_subtype
Xing_2021,LUAD,scRNA-seq,Xing_2021_NM3M,Classical_subtype
Xing_2021,LUAD,scRNA-seq,Xing_2021_NM4C,nCount_RNA
Xing_2021,LUAD,scRNA-seq,Xing_2021_NM4C,nFeature_RNA
Xing_2021,LUAD,scRNA-seq,Xing_2021_NM4C,Cell_type
Xing_2021,LUAD,scRNA-seq,Xing_2021_NM4C,cell_subtype_clusters
Xing_2021,LUAD,scRNA-seq,Xing_2021_NM4C,Reads percentage of mito gene
Xing_2021,LUAD,scRNA-seq,Xing_2021_NM4C,MP_r_subtype
Xing_2021,LUAD,scRNA-seq,Xing_2021_NM4C,complexity
Xing_2021,LUAD,scRNA-seq,Xing_2021_NM4C,Classical_subtype
Xing_2021,LUAD,scRNA-seq,Xing_2021_NM4C,Cell_subtype
Xing_2021,LUAD,scRNA-seq,Xing_2021_NM4E,MP_r_subtype
Xing_2021,LUAD,scRNA-seq,Xing_2021_NM4E,Classical_subtype
Xing_2021,LUAD,scRNA-seq,Xing_2021_NM4E,cell_subtype_clusters
Xing_2021,LUAD,scRNA-seq,Xing_2021_NM4E,Cell_subtype
Xing_2021,LUAD,scRNA-seq,Xing_2021_NM4E,nFeature_RNA
Xing_2021,LUAD,scRNA-seq,Xing_2021_NM4E,complexity
Xing_2021,LUAD,scRNA-seq,Xing_2021_NM4E,Reads percentage of mito gene
Xing_2021,LUAD,scRNA-seq,Xing_2021_NM4E,nCount_RNA
Xing_2021,LUAD,scRNA-seq,Xing_2021_NM4E,Cell_type
Xing_2021,LUAD,scRNA-seq,Xing_2021_NM4M,Reads percentage of mito gene
Xing_2021,LUAD,scRNA-seq,Xing_2021_NM4M,Classical_subtype
Xing_2021,LUAD,scRNA-seq,Xing_2021_NM4M,cell_subtype_clusters
Xing_2021,LUAD,scRNA-seq,Xing_2021_NM4M,MP_r_subtype
Xing_2021,LUAD,scRNA-seq,Xing_2021_NM4M,nFeature_RNA
Xing_2021,LUAD,scRNA-seq,Xing_2021_NM4M,complexity
Xing_2021,LUAD,scRNA-seq,Xing_2021_NM4M,nCount_RNA
Xing_2021,LUAD,scRNA-seq,Xing_2021_NM4M,Cell_type
Xing_2021,LUAD,scRNA-seq,Xing_2021_NM4M,Cell_subtype
Xing_2021,LUAD,scRNA-seq,Xing_2021_NM6E,Classical_subtype
Xing_2021,LUAD,scRNA-seq,Xing_2021_NM6E,MP_r_subtype
Xing_2021,LUAD,scRNA-seq,Xing_2021_NM6E,nCount_RNA
Xing_2021,LUAD,scRNA-seq,Xing_2021_NM6E,nFeature_RNA
Xing_2021,LUAD,scRNA-seq,Xing_2021_NM6E,Cell_type
Xing_2021,LUAD,scRNA-seq,Xing_2021_NM6E,cell_subtype_clusters
Xing_2021,LUAD,scRNA-seq,Xing_2021_NM6E,Cell_subtype
Xing_2021,LUAD,scRNA-seq,Xing_2021_NM6E,complexity
Xing_2021,LUAD,scRNA-seq,Xing_2021_NM6E,Reads percentage of mito gene
Xing_2021,LUAD,scRNA-seq,Xing_2021_SSN05,nFeature_RNA
Xing_2021,LUAD,scRNA-seq,Xing_2021_SSN05,nCount_RNA
Xing_2021,LUAD,scRNA-seq,Xing_2021_SSN05,complexity
Xing_2021,LUAD,scRNA-seq,Xing_2021_SSN05,Cell_type
Xing_2021,LUAD,scRNA-seq,Xing_2021_SSN05,Reads percentage of mito gene
Xing_2021,LUAD,scRNA-seq,Xing_2021_SSN05,Cell_subtype
Xing_2021,LUAD,scRNA-seq,Xing_2021_SSN05,MP_r_subtype
Xing_2021,LUAD,scRNA-seq,Xing_2021_SSN05,Classical_subtype
Xing_2021,LUAD,scRNA-seq,Xing_2021_SSN05,cell_subtype_clusters
Xing_2021,LUAD,scRNA-seq,Xing_2021_SSN09,Reads percentage of mito gene
Xing_2021,LUAD,scRNA-seq,Xing_2021_SSN09,Classical_subtype
Xing_2021,LUAD,scRNA-seq,Xing_2021_SSN09,cell_subtype_clusters
Xing_2021,LUAD,scRNA-seq,Xing_2021_SSN09,MP_r_subtype
Xing_2021,LUAD,scRNA-seq,Xing_2021_SSN09,nFeature_RNA
Xing_2021,LUAD,scRNA-seq,Xing_2021_SSN09,complexity
Xing_2021,LUAD,scRNA-seq,Xing_2021_SSN09,Cell_type
Xing_2021,LUAD,scRNA-seq,Xing_2021_SSN09,nCount_RNA
Xing_2021,LUAD,scRNA-seq,Xing_2021_SSN09,Cell_subtype
Xing_2021,LUAD,scRNA-seq,Xing_2021_SSN10,Reads percentage of mito gene
Xing_2021,LUAD,scRNA-seq,Xing_2021_SSN10,Classical_subtype
Xing_2021,LUAD,scRNA-seq,Xing_2021_SSN10,cell_subtype_clusters
Xing_2021,LUAD,scRNA-seq,Xing_2021_SSN10,MP_r_subtype
Xing_2021,LUAD,scRNA-seq,Xing_2021_SSN10,nFeature_RNA
Xing_2021,LUAD,scRNA-seq,Xing_2021_SSN10,Cell_type
Xing_2021,LUAD,scRNA-seq,Xing_2021_SSN10,nCount_RNA
Xing_2021,LUAD,scRNA-seq,Xing_2021_SSN10,complexity
Xing_2021,LUAD,scRNA-seq,Xing_2021_SSN10,Cell_subtype
Xing_2021,LUAD,scRNA-seq,Xing_2021_SSN11,MP_r_subtype
Xing_2021,LUAD,scRNA-seq,Xing_2021_SSN11,Reads percentage of mito gene
Xing_2021,LUAD,scRNA-seq,Xing_2021_SSN11,nFeature_RNA
Xing_2021,LUAD,scRNA-seq,Xing_2021_SSN11,Classical_subtype
Xing_2021,LUAD,scRNA-seq,Xing_2021_SSN11,nCount_RNA
Xing_2021,LUAD,scRNA-seq,Xing_2021_SSN11,cell_subtype_clusters
Xing_2021,LUAD,scRNA-seq,Xing_2021_SSN11,Cell_type
Xing_2021,LUAD,scRNA-seq,Xing_2021_SSN11,Cell_subtype
Xing_2021,LUAD,scRNA-seq,Xing_2021_SSN11,complexity
Xing_2021,LUAD,scRNA-seq,Xing_2021_SSN12,cell_subtype_clusters
Xing_2021,LUAD,scRNA-seq,Xing_2021_SSN12,Cell_subtype
Xing_2021,LUAD,scRNA-seq,Xing_2021_SSN12,Reads percentage of mito gene
Xing_2021,LUAD,scRNA-seq,Xing_2021_SSN12,complexity
Xing_2021,LUAD,scRNA-seq,Xing_2021_SSN12,Classical_subtype
Xing_2021,LUAD,scRNA-seq,Xing_2021_SSN12,nCount_RNA
Xing_2021,LUAD,scRNA-seq,Xing_2021_SSN12,MP_r_subtype
Xing_2021,LUAD,scRNA-seq,Xing_2021_SSN12,Cell_type
Xing_2021,LUAD,scRNA-seq,Xing_2021_SSN12,nFeature_RNA
Xing_2021,LUAD,scRNA-seq,Xing_2021_SSN19,Cell_subtype
Xing_2021,LUAD,scRNA-seq,Xing_2021_SSN19,cell_subtype_clusters
Xing_2021,LUAD,scRNA-seq,Xing_2021_SSN19,Classical_subtype
Xing_2021,LUAD,scRNA-seq,Xing_2021_SSN19,Reads percentage of mito gene
Xing_2021,LUAD,scRNA-seq,Xing_2021_SSN19,MP_r_subtype
Xing_2021,LUAD,scRNA-seq,Xing_2021_SSN19,nFeature_RNA
Xing_2021,LUAD,scRNA-seq,Xing_2021_SSN19,complexity
Xing_2021,LUAD,scRNA-seq,Xing_2021_SSN19,nCount_RNA
Xing_2021,LUAD,scRNA-seq,Xing_2021_SSN19,Cell_type
Xing_2021,LUAD,scRNA-seq,Xing_2021_SSN21,Cell_subtype
Xing_2021,LUAD,scRNA-seq,Xing_2021_SSN21,Classical_subtype
Xing_2021,LUAD,scRNA-seq,Xing_2021_SSN21,Reads percentage of mito gene
Xing_2021,LUAD,scRNA-seq,Xing_2021_SSN21,cell_subtype_clusters
Xing_2021,LUAD,scRNA-seq,Xing_2021_SSN21,MP_r_subtype
Xing_2021,LUAD,scRNA-seq,Xing_2021_SSN21,nFeature_RNA
Xing_2021,LUAD,scRNA-seq,Xing_2021_SSN21,complexity
Xing_2021,LUAD,scRNA-seq,Xing_2021_SSN21,nCount_RNA
Xing_2021,LUAD,scRNA-seq,Xing_2021_SSN21,Cell_type
Xing_2021,LUAD,scRNA-seq,Xing_2021_SSN22,complexity
Xing_2021,LUAD,scRNA-seq,Xing_2021_SSN22,nCount_RNA
Xing_2021,LUAD,scRNA-seq,Xing_2021_SSN22,nFeature_RNA
Xing_2021,LUAD,scRNA-seq,Xing_2021_SSN22,Cell_subtype
Xing_2021,LUAD,scRNA-seq,Xing_2021_SSN22,Cell_type
Xing_2021,LUAD,scRNA-seq,Xing_2021_SSN22,Reads percentage of mito gene
Xing_2021,LUAD,scRNA-seq,Xing_2021_SSN22,cell_subtype_clusters
Xing_2021,LUAD,scRNA-seq,Xing_2021_SSN22,Classical_subtype
Xing_2021,LUAD,scRNA-seq,Xing_2021_SSN22,MP_r_subtype
Xing_2021,LUAD,scRNA-seq,Xing_2021_SSN24,Cell_type
Xing_2021,LUAD,scRNA-seq,Xing_2021_SSN24,cell_subtype_clusters
Xing_2021,LUAD,scRNA-seq,Xing_2021_SSN24,Cell_subtype
Xing_2021,LUAD,scRNA-seq,Xing_2021_SSN24,complexity
Xing_2021,LUAD,scRNA-seq,Xing_2021_SSN24,Reads percentage of mito gene
Xing_2021,LUAD,scRNA-seq,Xing_2021_SSN24,MP_r_subtype
Xing_2021,LUAD,scRNA-seq,Xing_2021_SSN24,Classical_subtype
Xing_2021,LUAD,scRNA-seq,Xing_2021_SSN24,nFeature_RNA
Xing_2021,LUAD,scRNA-seq,Xing_2021_SSN24,nCount_RNA
Xing_2021,LUAD,scRNA-seq,Xing_2021_SSN25,Cell_subtype
Xing_2021,LUAD,scRNA-seq,Xing_2021_SSN25,Reads percentage of mito gene
Xing_2021,LUAD,scRNA-seq,Xing_2021_SSN25,Classical_subtype
Xing_2021,LUAD,scRNA-seq,Xing_2021_SSN25,cell_subtype_clusters
Xing_2021,LUAD,scRNA-seq,Xing_2021_SSN25,MP_r_subtype
Xing_2021,LUAD,scRNA-seq,Xing_2021_SSN25,nFeature_RNA
Xing_2021,LUAD,scRNA-seq,Xing_2021_SSN25,complexity
Xing_2021,LUAD,scRNA-seq,Xing_2021_SSN25,nCount_RNA
Xing_2021,LUAD,scRNA-seq,Xing_2021_SSN25,Cell_type
Xing_2021,LUAD,scRNA-seq,Xing_2021_SSN27,Reads percentage of mito gene
Xing_2021,LUAD,scRNA-seq,Xing_2021_SSN27,Classical_subtype
Xing_2021,LUAD,scRNA-seq,Xing_2021_SSN27,Cell_type
Xing_2021,LUAD,scRNA-seq,Xing_2021_SSN27,cell_subtype_clusters
Xing_2021,LUAD,scRNA-seq,Xing_2021_SSN27,MP_r_subtype
Xing_2021,LUAD,scRNA-seq,Xing_2021_SSN27,Cell_subtype
Xing_2021,LUAD,scRNA-seq,Xing_2021_SSN27,complexity
Xing_2021,LUAD,scRNA-seq,Xing_2021_SSN27,nCount_RNA
Xing_2021,LUAD,scRNA-seq,Xing_2021_SSN27,nFeature_RNA
Xing_2021,LUAD,scRNA-seq,Xing_2021_SSN28,Cell_subtype
Xing_2021,LUAD,scRNA-seq,Xing_2021_SSN28,nCount_RNA
Xing_2021,LUAD,scRNA-seq,Xing_2021_SSN28,cell_subtype_clusters
Xing_2021,LUAD,scRNA-seq,Xing_2021_SSN28,nFeature_RNA
Xing_2021,LUAD,scRNA-seq,Xing_2021_SSN28,Cell_type
Xing_2021,LUAD,scRNA-seq,Xing_2021_SSN28,complexity
Xing_2021,LUAD,scRNA-seq,Xing_2021_SSN28,Reads percentage of mito gene
Xing_2021,LUAD,scRNA-seq,Xing_2021_SSN28,MP_r_subtype
Xing_2021,LUAD,scRNA-seq,Xing_2021_SSN28,Classical_subtype
Xing_2021,LUAD,scRNA-seq,Xing_2021_SSN29,nCount_RNA
Xing_2021,LUAD,scRNA-seq,Xing_2021_SSN29,nFeature_RNA
Xing_2021,LUAD,scRNA-seq,Xing_2021_SSN29,Cell_type
Xing_2021,LUAD,scRNA-seq,Xing_2021_SSN29,Cell_subtype
Xing_2021,LUAD,scRNA-seq,Xing_2021_SSN29,Reads percentage of mito gene
Xing_2021,LUAD,scRNA-seq,Xing_2021_SSN29,complexity
Xing_2021,LUAD,scRNA-seq,Xing_2021_SSN29,cell_subtype_clusters
Xing_2021,LUAD,scRNA-seq,Xing_2021_SSN29,MP_r_subtype
Xing_2021,LUAD,scRNA-seq,Xing_2021_SSN29,Classical_subtype
Xing_2021,LUAD,scRNA-seq,Xing_2021_SSN30,nFeature_RNA
Xing_2021,LUAD,scRNA-seq,Xing_2021_SSN30,Cell_subtype
Xing_2021,LUAD,scRNA-seq,Xing_2021_SSN30,Reads percentage of mito gene
Xing_2021,LUAD,scRNA-seq,Xing_2021_SSN30,cell_subtype_clusters
Xing_2021,LUAD,scRNA-seq,Xing_2021_SSN30,Classical_subtype
Xing_2021,LUAD,scRNA-seq,Xing_2021_SSN30,Cell_type
Xing_2021,LUAD,scRNA-seq,Xing_2021_SSN30,nCount_RNA
Xing_2021,LUAD,scRNA-seq,Xing_2021_SSN30,complexity
Xing_2021,LUAD,scRNA-seq,Xing_2021_SSN30,MP_r_subtype
Xing_2021,LUAD,scRNA-seq,Xing_2021_SSN31,cell_subtype_clusters
Xing_2021,LUAD,scRNA-seq,Xing_2021_SSN31,Cell_subtype
Xing_2021,LUAD,scRNA-seq,Xing_2021_SSN31,Cell_type
Xing_2021,LUAD,scRNA-seq,Xing_2021_SSN31,complexity
Xing_2021,LUAD,scRNA-seq,Xing_2021_SSN31,Reads percentage of mito gene
Xing_2021,LUAD,scRNA-seq,Xing_2021_SSN31,nFeature_RNA
Xing_2021,LUAD,scRNA-seq,Xing_2021_SSN31,nCount_RNA
Xing_2021,LUAD,scRNA-seq,Xing_2021_SSN31,MP_r_subtype
Xing_2021,LUAD,scRNA-seq,Xing_2021_SSN31,Classical_subtype
Zhang_2022,LUAD,scRNA-seq,Zhang_2022_2018jz33,nCount_RNA
Zhang_2022,LUAD,scRNA-seq,Zhang_2022_2018jz33,Reads percentage of mito gene
Zhang_2022,LUAD,scRNA-seq,Zhang_2022_2018jz33,Classical_subtype
Zhang_2022,LUAD,scRNA-seq,Zhang_2022_2018jz33,Cell type
Zhang_2022,LUAD,scRNA-seq,Zhang_2022_2018jz33,Cell type2
Zhang_2022,LUAD,scRNA-seq,Zhang_2022_2018jz33,MP_r_subtype
Zhang_2022,LUAD,scRNA-seq,Zhang_2022_2018jz33,nFeature_RNA
Zhang_2022,LUAD,scRNA-seq,Zhang_2022_2018jz33,Copykat.pred
Zhang_2022,LUAD,scRNA-seq,Zhang_2022_2018jz33,Malignant
Zhang_2022,LUAD,scRNA-seq,Zhang_2022_2018jz44,Malignant
Zhang_2022,LUAD,scRNA-seq,Zhang_2022_2018jz44,MP_r_subtype
Zhang_2022,LUAD,scRNA-seq,Zhang_2022_2018jz44,Classical_subtype
Zhang_2022,LUAD,scRNA-seq,Zhang_2022_2018jz44,Copykat.pred
Zhang_2022,LUAD,scRNA-seq,Zhang_2022_2018jz44,Cell type
Zhang_2022,LUAD,scRNA-seq,Zhang_2022_2018jz44,nCount_RNA
Zhang_2022,LUAD,scRNA-seq,Zhang_2022_2018jz44,Reads percentage of mito gene
Zhang_2022,LUAD,scRNA-seq,Zhang_2022_2018jz44,nFeature_RNA
Zhang_2022,LUAD,scRNA-seq,Zhang_2022_2018jz44,Cell type2
Zhang_2022,LUAD,scRNA-seq,Zhang_2022_2018jz53,Copykat.pred
Zhang_2022,LUAD,scRNA-seq,Zhang_2022_2018jz53,Cell type2
Zhang_2022,LUAD,scRNA-seq,Zhang_2022_2018jz53,Reads percentage of mito gene
Zhang_2022,LUAD,scRNA-seq,Zhang_2022_2018jz53,Classical_subtype
Zhang_2022,LUAD,scRNA-seq,Zhang_2022_2018jz53,Cell type
Zhang_2022,LUAD,scRNA-seq,Zhang_2022_2018jz53,Malignant
Zhang_2022,LUAD,scRNA-seq,Zhang_2022_2018jz53,MP_r_subtype
Zhang_2022,LUAD,scRNA-seq,Zhang_2022_2018jz53,nFeature_RNA
Zhang_2022,LUAD,scRNA-seq,Zhang_2022_2018jz53,nCount_RNA
Zhang_2022,LUAD,scRNA-seq,Zhang_2022_2018jz54,nFeature_RNA
Zhang_2022,LUAD,scRNA-seq,Zhang_2022_2018jz54,Copykat.pred
Zhang_2022,LUAD,scRNA-seq,Zhang_2022_2018jz54,nCount_RNA
Zhang_2022,LUAD,scRNA-seq,Zhang_2022_2018jz54,Reads percentage of mito gene
Zhang_2022,LUAD,scRNA-seq,Zhang_2022_2018jz54,Classical_subtype
Zhang_2022,LUAD,scRNA-seq,Zhang_2022_2018jz54,Cell type
Zhang_2022,LUAD,scRNA-seq,Zhang_2022_2018jz54,Cell type2
Zhang_2022,LUAD,scRNA-seq,Zhang_2022_2018jz54,MP_r_subtype
Zhang_2022,LUAD,scRNA-seq,Zhang_2022_2018jz54,Malignant
Zhang_2022,LUAD,scRNA-seq,Zhang_2022_2018jz57,MP_r_subtype
Zhang_2022,LUAD,scRNA-seq,Zhang_2022_2018jz57,Classical_subtype
Zhang_2022,LUAD,scRNA-seq,Zhang_2022_2018jz57,Malignant
Zhang_2022,LUAD,scRNA-seq,Zhang_2022_2018jz57,nCount_RNA
Zhang_2022,LUAD,scRNA-seq,Zhang_2022_2018jz57,nFeature_RNA
Zhang_2022,LUAD,scRNA-seq,Zhang_2022_2018jz57,Copykat.pred
Zhang_2022,LUAD,scRNA-seq,Zhang_2022_2018jz57,Cell type
Zhang_2022,LUAD,scRNA-seq,Zhang_2022_2018jz57,Cell type2
Zhang_2022,LUAD,scRNA-seq,Zhang_2022_2018jz57,Reads percentage of mito gene
Zhang_2022,LUAD,scRNA-seq,Zhang_2022_2018jz58,Reads percentage of mito gene
Zhang_2022,LUAD,scRNA-seq,Zhang_2022_2018jz58,Copykat.pred
Zhang_2022,LUAD,scRNA-seq,Zhang_2022_2018jz58,Malignant
Zhang_2022,LUAD,scRNA-seq,Zhang_2022_2018jz58,Cell type2
Zhang_2022,LUAD,scRNA-seq,Zhang_2022_2018jz58,MP_r_subtype
Zhang_2022,LUAD,scRNA-seq,Zhang_2022_2018jz58,Classical_subtype
Zhang_2022,LUAD,scRNA-seq,Zhang_2022_2018jz58,Cell type
Zhang_2022,LUAD,scRNA-seq,Zhang_2022_2018jz58,nCount_RNA
Zhang_2022,LUAD,scRNA-seq,Zhang_2022_2018jz58,nFeature_RNA
Zhang_2022,LUAD,scRNA-seq,Zhang_2022_AK654,Cell type
Zhang_2022,LUAD,scRNA-seq,Zhang_2022_AK654,nFeature_RNA
Zhang_2022,LUAD,scRNA-seq,Zhang_2022_AK654,Copykat.pred
Zhang_2022,LUAD,scRNA-seq,Zhang_2022_AK654,Malignant
Zhang_2022,LUAD,scRNA-seq,Zhang_2022_AK654,nCount_RNA
Zhang_2022,LUAD,scRNA-seq,Zhang_2022_AK654,Reads percentage of mito gene
Zhang_2022,LUAD,scRNA-seq,Zhang_2022_AK654,Classical_subtype
Zhang_2022,LUAD,scRNA-seq,Zhang_2022_AK654,Cell type2
Zhang_2022,LUAD,scRNA-seq,Zhang_2022_AK654,MP_r_subtype
Zhang_2022,LUAD,scRNA-seq,Zhang_2022_AK655,Classical_subtype
Zhang_2022,LUAD,scRNA-seq,Zhang_2022_AK655,MP_r_subtype
Zhang_2022,LUAD,scRNA-seq,Zhang_2022_AK655,nFeature_RNA
Zhang_2022,LUAD,scRNA-seq,Zhang_2022_AK655,Cell type
Zhang_2022,LUAD,scRNA-seq,Zhang_2022_AK655,Malignant
Zhang_2022,LUAD,scRNA-seq,Zhang_2022_AK655,nCount_RNA
Zhang_2022,LUAD,scRNA-seq,Zhang_2022_AK655,Reads percentage of mito gene
Zhang_2022,LUAD,scRNA-seq,Zhang_2022_AK655,Copykat.pred
Zhang_2022,LUAD,scRNA-seq,Zhang_2022_AK655,Cell type2
Zhang_2022,LUAD,scRNA-seq,Zhang_2022_AK656,Copykat.pred
Zhang_2022,LUAD,scRNA-seq,Zhang_2022_AK656,MP_r_subtype
Zhang_2022,LUAD,scRNA-seq,Zhang_2022_AK656,Reads percentage of mito gene
Zhang_2022,LUAD,scRNA-seq,Zhang_2022_AK656,Classical_subtype
Zhang_2022,LUAD,scRNA-seq,Zhang_2022_AK656,Malignant
Zhang_2022,LUAD,scRNA-seq,Zhang_2022_AK656,Cell type2
Zhang_2022,LUAD,scRNA-seq,Zhang_2022_AK656,nCount_RNA
Zhang_2022,LUAD,scRNA-seq,Zhang_2022_AK656,nFeature_RNA
Zhang_2022,LUAD,scRNA-seq,Zhang_2022_AK656,Cell type
Zhang_2022,LUAD,scRNA-seq,Zhang_2022_AK657,Cell type
Zhang_2022,LUAD,scRNA-seq,Zhang_2022_AK657,Cell type2
Zhang_2022,LUAD,scRNA-seq,Zhang_2022_AK657,MP_r_subtype
Zhang_2022,LUAD,scRNA-seq,Zhang_2022_AK657,nFeature_RNA
Zhang_2022,LUAD,scRNA-seq,Zhang_2022_AK657,Copykat.pred
Zhang_2022,LUAD,scRNA-seq,Zhang_2022_AK657,Malignant
Zhang_2022,LUAD,scRNA-seq,Zhang_2022_AK657,nCount_RNA
Zhang_2022,LUAD,scRNA-seq,Zhang_2022_AK657,Reads percentage of mito gene
Zhang_2022,LUAD,scRNA-seq,Zhang_2022_AK657,Classical_subtype
Zhang_2022,LUSC,scRNA-seq,Zhang_2022_2018jz37,nCount_RNA
Zhang_2022,LUSC,scRNA-seq,Zhang_2022_2018jz37,Reads percentage of mito gene
Zhang_2022,LUSC,scRNA-seq,Zhang_2022_2018jz37,Classical_subtype
Zhang_2022,LUSC,scRNA-seq,Zhang_2022_2018jz37,Cell type
Zhang_2022,LUSC,scRNA-seq,Zhang_2022_2018jz37,Cell type2
Zhang_2022,LUSC,scRNA-seq,Zhang_2022_2018jz37,MP_r_subtype
Zhang_2022,LUSC,scRNA-seq,Zhang_2022_2018jz37,nFeature_RNA
Zhang_2022,LUSC,scRNA-seq,Zhang_2022_2018jz37,Copykat.pred
Zhang_2022,LUSC,scRNA-seq,Zhang_2022_2018jz37,Malignant
Zhang_2022,LUSC,scRNA-seq,Zhang_2022_2018jz38,Malignant
Zhang_2022,LUSC,scRNA-seq,Zhang_2022_2018jz38,MP_r_subtype
Zhang_2022,LUSC,scRNA-seq,Zhang_2022_2018jz38,Classical_subtype
Zhang_2022,LUSC,scRNA-seq,Zhang_2022_2018jz38,Copykat.pred
Zhang_2022,LUSC,scRNA-seq,Zhang_2022_2018jz38,Cell type
Zhang_2022,LUSC,scRNA-seq,Zhang_2022_2018jz38,nCount_RNA
Zhang_2022,LUSC,scRNA-seq,Zhang_2022_2018jz38,Reads percentage of mito gene
Zhang_2022,LUSC,scRNA-seq,Zhang_2022_2018jz38,nFeature_RNA
Zhang_2022,LUSC,scRNA-seq,Zhang_2022_2018jz38,Cell type2
Zhang_2022,LUSC,scRNA-seq,Zhang_2022_2018jz46,Copykat.pred
Zhang_2022,LUSC,scRNA-seq,Zhang_2022_2018jz46,Cell type2
Zhang_2022,LUSC,scRNA-seq,Zhang_2022_2018jz46,Reads percentage of mito gene
Zhang_2022,LUSC,scRNA-seq,Zhang_2022_2018jz46,Classical_subtype
Zhang_2022,LUSC,scRNA-seq,Zhang_2022_2018jz46,Cell type
Zhang_2022,LUSC,scRNA-seq,Zhang_2022_2018jz46,Malignant
Zhang_2022,LUSC,scRNA-seq,Zhang_2022_2018jz46,MP_r_subtype
Zhang_2022,LUSC,scRNA-seq,Zhang_2022_2018jz46,nFeature_RNA
Zhang_2022,LUSC,scRNA-seq,Zhang_2022_2018jz46,nCount_RNA
Zhang_2022,LUSC,scRNA-seq,Zhang_2022_AK2831,nFeature_RNA
Zhang_2022,LUSC,scRNA-seq,Zhang_2022_AK2831,Copykat.pred
Zhang_2022,LUSC,scRNA-seq,Zhang_2022_AK2831,nCount_RNA
Zhang_2022,LUSC,scRNA-seq,Zhang_2022_AK2831,Reads percentage of mito gene
Zhang_2022,LUSC,scRNA-seq,Zhang_2022_AK2831,Classical_subtype
Zhang_2022,LUSC,scRNA-seq,Zhang_2022_AK2831,Cell type
Zhang_2022,LUSC,scRNA-seq,Zhang_2022_AK2831,Cell type2
Zhang_2022,LUSC,scRNA-seq,Zhang_2022_AK2831,MP_r_subtype
Zhang_2022,LUSC,scRNA-seq,Zhang_2022_AK2831,Malignant
Zhang_2022,LUSC,scRNA-seq,Zhang_2022_AK2833,MP_r_subtype
Zhang_2022,LUSC,scRNA-seq,Zhang_2022_AK2833,Classical_subtype
Zhang_2022,LUSC,scRNA-seq,Zhang_2022_AK2833,Malignant
Zhang_2022,LUSC,scRNA-seq,Zhang_2022_AK2833,nCount_RNA
Zhang_2022,LUSC,scRNA-seq,Zhang_2022_AK2833,nFeature_RNA
Zhang_2022,LUSC,scRNA-seq,Zhang_2022_AK2833,Copykat.pred
Zhang_2022,LUSC,scRNA-seq,Zhang_2022_AK2833,Cell type
Zhang_2022,LUSC,scRNA-seq,Zhang_2022_AK2833,Cell type2
Zhang_2022,LUSC,scRNA-seq,Zhang_2022_AK2833,Reads percentage of mito gene
Zhang_2022,LUSC,scRNA-seq,Zhang_2022_AK2834,Reads percentage of mito gene
Zhang_2022,LUSC,scRNA-seq,Zhang_2022_AK2834,Copykat.pred
Zhang_2022,LUSC,scRNA-seq,Zhang_2022_AK2834,Malignant
Zhang_2022,LUSC,scRNA-seq,Zhang_2022_AK2834,Cell type2
Zhang_2022,LUSC,scRNA-seq,Zhang_2022_AK2834,MP_r_subtype
Zhang_2022,LUSC,scRNA-seq,Zhang_2022_AK2834,Classical_subtype
Zhang_2022,LUSC,scRNA-seq,Zhang_2022_AK2834,Cell type
Zhang_2022,LUSC,scRNA-seq,Zhang_2022_AK2834,nCount_RNA
Zhang_2022,LUSC,scRNA-seq,Zhang_2022_AK2834,nFeature_RNA
Zhang_2022,LUSC,scRNA-seq,Zhang_2022_AK3272,Cell type
Zhang_2022,LUSC,scRNA-seq,Zhang_2022_AK3272,nFeature_RNA
Zhang_2022,LUSC,scRNA-seq,Zhang_2022_AK3272,Copykat.pred
Zhang_2022,LUSC,scRNA-seq,Zhang_2022_AK3272,Malignant
Zhang_2022,LUSC,scRNA-seq,Zhang_2022_AK3272,nCount_RNA
Zhang_2022,LUSC,scRNA-seq,Zhang_2022_AK3272,Reads percentage of mito gene
Zhang_2022,LUSC,scRNA-seq,Zhang_2022_AK3272,Classical_subtype
Zhang_2022,LUSC,scRNA-seq,Zhang_2022_AK3272,Cell type2
Zhang_2022,LUSC,scRNA-seq,Zhang_2022_AK3272,MP_r_subtype
Zhang_2022,LUSC,scRNA-seq,Zhang_2022_AK3273,Classical_subtype
Zhang_2022,LUSC,scRNA-seq,Zhang_2022_AK3273,MP_r_subtype
Zhang_2022,LUSC,scRNA-seq,Zhang_2022_AK3273,nFeature_RNA
Zhang_2022,LUSC,scRNA-seq,Zhang_2022_AK3273,Cell type
Zhang_2022,LUSC,scRNA-seq,Zhang_2022_AK3273,Malignant
Zhang_2022,LUSC,scRNA-seq,Zhang_2022_AK3273,nCount_RNA
Zhang_2022,LUSC,scRNA-seq,Zhang_2022_AK3273,Reads percentage of mito gene
Zhang_2022,LUSC,scRNA-seq,Zhang_2022_AK3273,Copykat.pred
Zhang_2022,LUSC,scRNA-seq,Zhang_2022_AK3273,Cell type2
Zhang_2022,LUSC,scRNA-seq,Zhang_2022_AK3274,Copykat.pred
Zhang_2022,LUSC,scRNA-seq,Zhang_2022_AK3274,MP_r_subtype
Zhang_2022,LUSC,scRNA-seq,Zhang_2022_AK3274,Reads percentage of mito gene
Zhang_2022,LUSC,scRNA-seq,Zhang_2022_AK3274,Classical_subtype
Zhang_2022,LUSC,scRNA-seq,Zhang_2022_AK3274,Malignant
Zhang_2022,LUSC,scRNA-seq,Zhang_2022_AK3274,Cell type2
Zhang_2022,LUSC,scRNA-seq,Zhang_2022_AK3274,nCount_RNA
Zhang_2022,LUSC,scRNA-seq,Zhang_2022_AK3274,nFeature_RNA
Zhang_2022,LUSC,scRNA-seq,Zhang_2022_AK3274,Cell type
Zhang_2022,LUSC,scRNA-seq,Zhang_2022_AK576,Cell type
Zhang_2022,LUSC,scRNA-seq,Zhang_2022_AK576,Cell type2
Zhang_2022,LUSC,scRNA-seq,Zhang_2022_AK576,MP_r_subtype
Zhang_2022,LUSC,scRNA-seq,Zhang_2022_AK576,nFeature_RNA
Zhang_2022,LUSC,scRNA-seq,Zhang_2022_AK576,Copykat.pred
Zhang_2022,LUSC,scRNA-seq,Zhang_2022_AK576,Malignant
Zhang_2022,LUSC,scRNA-seq,Zhang_2022_AK576,nCount_RNA
Zhang_2022,LUSC,scRNA-seq,Zhang_2022_AK576,Reads percentage of mito gene
Zhang_2022,LUSC,scRNA-seq,Zhang_2022_AK576,Classical_subtype
Zhu_2022,LUAD,scRNA-seq,Zhu_2022_TD1,nCount_RNA
Zhu_2022,LUAD,scRNA-seq,Zhu_2022_TD1,Reads percentage of mito gene
Zhu_2022,LUAD,scRNA-seq,Zhu_2022_TD1,MP_r_subtype
Zhu_2022,LUAD,scRNA-seq,Zhu_2022_TD1,nFeature_RNA
Zhu_2022,LUAD,scRNA-seq,Zhu_2022_TD1,Copykat.pred
Zhu_2022,LUAD,scRNA-seq,Zhu_2022_TD1,Classical_subtype
Zhu_2022,LUAD,scRNA-seq,Zhu_2022_TD1,Malignant
Zhu_2022,LUAD,scRNA-seq,Zhu_2022_TD1,Cell_type
Zhu_2022,LUAD,scRNA-seq,Zhu_2022_TD2,Cell_type
Zhu_2022,LUAD,scRNA-seq,Zhu_2022_TD2,nFeature_RNA
Zhu_2022,LUAD,scRNA-seq,Zhu_2022_TD2,Classical_subtype
Zhu_2022,LUAD,scRNA-seq,Zhu_2022_TD2,MP_r_subtype
Zhu_2022,LUAD,scRNA-seq,Zhu_2022_TD2,Reads percentage of mito gene
Zhu_2022,LUAD,scRNA-seq,Zhu_2022_TD2,nCount_RNA
Zhu_2022,LUAD,scRNA-seq,Zhu_2022_TD2,Malignant
Zhu_2022,LUAD,scRNA-seq,Zhu_2022_TD2,Copykat.pred
Zhu_2022,LUAD,scRNA-seq,Zhu_2022_TD3,Cell_type
Zhu_2022,LUAD,scRNA-seq,Zhu_2022_TD3,MP_r_subtype
Zhu_2022,LUAD,scRNA-seq,Zhu_2022_TD3,Reads percentage of mito gene
Zhu_2022,LUAD,scRNA-seq,Zhu_2022_TD3,nCount_RNA
Zhu_2022,LUAD,scRNA-seq,Zhu_2022_TD3,Malignant
Zhu_2022,LUAD,scRNA-seq,Zhu_2022_TD3,nFeature_RNA
Zhu_2022,LUAD,scRNA-seq,Zhu_2022_TD3,Classical_subtype
Zhu_2022,LUAD,scRNA-seq,Zhu_2022_TD3,Copykat.pred
Zhu_2022,LUAD,scRNA-seq,Zhu_2022_TD4,Cell_type
Zhu_2022,LUAD,scRNA-seq,Zhu_2022_TD4,MP_r_subtype
Zhu_2022,LUAD,scRNA-seq,Zhu_2022_TD4,Reads percentage of mito gene
Zhu_2022,LUAD,scRNA-seq,Zhu_2022_TD4,nCount_RNA
Zhu_2022,LUAD,scRNA-seq,Zhu_2022_TD4,Classical_subtype
Zhu_2022,LUAD,scRNA-seq,Zhu_2022_TD4,Malignant
Zhu_2022,LUAD,scRNA-seq,Zhu_2022_TD4,nFeature_RNA
Zhu_2022,LUAD,scRNA-seq,Zhu_2022_TD4,Copykat.pred
Zhu_2022,LUAD,scRNA-seq,Zhu_2022_TD5,Cell_type
Zhu_2022,LUAD,scRNA-seq,Zhu_2022_TD5,nCount_RNA
Zhu_2022,LUAD,scRNA-seq,Zhu_2022_TD5,MP_r_subtype
Zhu_2022,LUAD,scRNA-seq,Zhu_2022_TD5,Reads percentage of mito gene
Zhu_2022,LUAD,scRNA-seq,Zhu_2022_TD5,Classical_subtype
Zhu_2022,LUAD,scRNA-seq,Zhu_2022_TD5,Malignant
Zhu_2022,LUAD,scRNA-seq,Zhu_2022_TD5,nFeature_RNA
Zhu_2022,LUAD,scRNA-seq,Zhu_2022_TD5,Copykat.pred
Zhu_2022,LUAD,scRNA-seq,Zhu_2022_TD6,Cell_type
Zhu_2022,LUAD,scRNA-seq,Zhu_2022_TD6,Reads percentage of mito gene
Zhu_2022,LUAD,scRNA-seq,Zhu_2022_TD6,Classical_subtype
Zhu_2022,LUAD,scRNA-seq,Zhu_2022_TD6,Malignant
Zhu_2022,LUAD,scRNA-seq,Zhu_2022_TD6,nFeature_RNA
Zhu_2022,LUAD,scRNA-seq,Zhu_2022_TD6,nCount_RNA
Zhu_2022,LUAD,scRNA-seq,Zhu_2022_TD6,MP_r_subtype
Zhu_2022,LUAD,scRNA-seq,Zhu_2022_TD6,Copykat.pred
Zhu_2022,LUAD,scRNA-seq,Zhu_2022_TD9,Copykat.pred
Zhu_2022,LUAD,scRNA-seq,Zhu_2022_TD9,Reads percentage of mito gene
Zhu_2022,LUAD,scRNA-seq,Zhu_2022_TD9,nCount_RNA
Zhu_2022,LUAD,scRNA-seq,Zhu_2022_TD9,Cell_type
Zhu_2022,LUAD,scRNA-seq,Zhu_2022_TD9,MP_r_subtype
Zhu_2022,LUAD,scRNA-seq,Zhu_2022_TD9,nFeature_RNA
Zhu_2022,LUAD,scRNA-seq,Zhu_2022_TD9,Malignant
Zhu_2022,LUAD,scRNA-seq,Zhu_2022_TD9,Classical_subtype
Zhuang_2022,LUAD,scRNA-seq,Zhuang_2022_RJLC10,nCount_RNA
Zhuang_2022,LUAD,scRNA-seq,Zhuang_2022_RJLC10,nFeature_RNA
Zhuang_2022,LUAD,scRNA-seq,Zhuang_2022_RJLC10,Minor_Cluster
Zhuang_2022,LUAD,scRNA-seq,Zhuang_2022_RJLC10,Copykat.pred
Zhuang_2022,LUAD,scRNA-seq,Zhuang_2022_RJLC10,MP_r_subtype
Zhuang_2022,LUAD,scRNA-seq,Zhuang_2022_RJLC10,Classical_subtype
Zhuang_2022,LUAD,scRNA-seq,Zhuang_2022_RJLC10,Cell_type
Zhuang_2022,LUAD,scRNA-seq,Zhuang_2022_RJLC10,Malignant
Zhuang_2022,LUAD,scRNA-seq,Zhuang_2022_RJLC13.2,Minor_Cluster
Zhuang_2022,LUAD,scRNA-seq,Zhuang_2022_RJLC13.2,nCount_RNA
Zhuang_2022,LUAD,scRNA-seq,Zhuang_2022_RJLC13.2,nFeature_RNA
Zhuang_2022,LUAD,scRNA-seq,Zhuang_2022_RJLC13.2,Cell_type
Zhuang_2022,LUAD,scRNA-seq,Zhuang_2022_RJLC13.2,Copykat.pred
Zhuang_2022,LUAD,scRNA-seq,Zhuang_2022_RJLC13.2,Malignant
Zhuang_2022,LUAD,scRNA-seq,Zhuang_2022_RJLC13.2,MP_r_subtype
Zhuang_2022,LUAD,scRNA-seq,Zhuang_2022_RJLC13.2,Classical_subtype
Zhuang_2022,LUAD,scRNA-seq,Zhuang_2022_RJLC14,nFeature_RNA
Zhuang_2022,LUAD,scRNA-seq,Zhuang_2022_RJLC14,Minor_Cluster
Zhuang_2022,LUAD,scRNA-seq,Zhuang_2022_RJLC14,Malignant
Zhuang_2022,LUAD,scRNA-seq,Zhuang_2022_RJLC14,nCount_RNA
Zhuang_2022,LUAD,scRNA-seq,Zhuang_2022_RJLC14,Classical_subtype
Zhuang_2022,LUAD,scRNA-seq,Zhuang_2022_RJLC14,Cell_type
Zhuang_2022,LUAD,scRNA-seq,Zhuang_2022_RJLC14,Copykat.pred
Zhuang_2022,LUAD,scRNA-seq,Zhuang_2022_RJLC14,MP_r_subtype
Zhuang_2022,LUAD,scRNA-seq,Zhuang_2022_RJLC18,nCount_RNA
Zhuang_2022,LUAD,scRNA-seq,Zhuang_2022_RJLC18,nFeature_RNA
Zhuang_2022,LUAD,scRNA-seq,Zhuang_2022_RJLC18,Cell_type
Zhuang_2022,LUAD,scRNA-seq,Zhuang_2022_RJLC18,Minor_Cluster
Zhuang_2022,LUAD,scRNA-seq,Zhuang_2022_RJLC18,Malignant
Zhuang_2022,LUAD,scRNA-seq,Zhuang_2022_RJLC18,MP_r_subtype
Zhuang_2022,LUAD,scRNA-seq,Zhuang_2022_RJLC18,Classical_subtype
Zhuang_2022,LUAD,scRNA-seq,Zhuang_2022_RJLC18,Copykat.pred
Zhuang_2022,LUAD,scRNA-seq,Zhuang_2022_RJLC8,Cell_type
Zhuang_2022,LUAD,scRNA-seq,Zhuang_2022_RJLC8,Malignant
Zhuang_2022,LUAD,scRNA-seq,Zhuang_2022_RJLC8,nCount_RNA
Zhuang_2022,LUAD,scRNA-seq,Zhuang_2022_RJLC8,nFeature_RNA
Zhuang_2022,LUAD,scRNA-seq,Zhuang_2022_RJLC8,Minor_Cluster
Zhuang_2022,LUAD,scRNA-seq,Zhuang_2022_RJLC8,Copykat.pred
Zhuang_2022,LUAD,scRNA-seq,Zhuang_2022_RJLC8,MP_r_subtype
Zhuang_2022,LUAD,scRNA-seq,Zhuang_2022_RJLC8,Classical_subtype
